"ID","English","Spanish (Spain) draft","Context / purpose","Source locations","Review status","Implementation"
"interface.0001","— choose the correct answer","— elige la respuesta correcta","Game interface: <span>","components/games/GameWorkspace.tsx:90","Contextual Spanish draft","Source present; runtime Spanish available"
"interface.0002",", {skippedCount} skipped",", {skippedCount} omitidas","Conditional/dynamic interface text (check the source context)","components/games/LiveQuizSetupModal.tsx:55","Contextual Spanish draft","Source present; runtime Spanish available"
"interface.0003",", a password reset link has been sent.",", se ha enviado un enlace para restablecer la contraseña.","Website interface: <p>","components/LoginModal.tsx:230","Contextual Spanish draft","Source present; runtime Spanish available"
"interface.0004",", based in Spain, is responsible for deciding how personal data is used for The Teachers' Room. For privacy questions or requests, email",", con sede en España, es responsable de decidir cómo se usan los datos personales en The Teachers' Room. Para consultas o solicitudes sobre privacidad, escribe a","Website interface: <p>","pages/InfoPages.tsx:764","Contextual Spanish draft","Source present; runtime Spanish available"
"interface.0005",", explain your idea in plain English, and it will recommend suitable game types based on your class and goals.",", explica tu idea con tus propias palabras y te recomendará los tipos de juego más adecuados para tu clase y tus objetivos.","Website interface: <li>","pages/InfoPages.tsx:303","Contextual Spanish draft","Source present; runtime Spanish available"
"interface.0006",", or",", o","Game interface: <p>","components/games/GameConfigurator.tsx:1690","Contextual Spanish draft","Source present; runtime Spanish available"
"interface.0007",", then assign exactly",", y después asigna exactamente","Website interface: <p>","pages/Games.tsx:385","Contextual Spanish draft","Source present; runtime Spanish available"
"interface.0008",", you agree to these Terms and our Privacy Policy.",", aceptas estas Condiciones y nuestra Política de privacidad.","Website interface: <p>","pages/InfoPages.tsx:639","Contextual Spanish draft","Source present; runtime Spanish available"
"interface.0009",". See our",". Consulta nuestra","Website interface: <p>","components/LoginModal.tsx:368","Contextual Spanish draft","Source present; runtime Spanish available"
"interface.0010",". The service is currently a non-charging beta side project.",". Actualmente, el servicio es un proyecto personal en fase beta y gratuito.","Website interface: <p>","pages/InfoPages.tsx:765","Contextual Spanish draft","Source present; runtime Spanish available"
"interface.0011",". Use 2 (unique), 1 (shared), 0 (invalid).",". Usa 2 (respuesta única), 1 (compartida) o 0 (no válida).","Game interface: <p>","components/games/StopTheFireGame.tsx:1344","Contextual Spanish draft","Source present; runtime Spanish available"
"interface.0012",". We built this platform to make classroom prep faster, better, and less stressful. These Terms are the ground rules for using the site. By accessing or using",". Hemos creado esta plataforma para que preparar tus clases sea más rápido, sencillo y menos estresante. Estas Condiciones establecen las normas de uso del sitio. Al acceder o utilizar","Website interface: <p>","pages/InfoPages.tsx:639","Contextual Spanish draft","Source present; runtime Spanish available"
"interface.0013","· {childCount} folder{childCount === 1 ? '' : 's'}","· Carpetas: {childCount}","Conditional/dynamic interface text (check the source context)","data/i18n/spanish-spain.json","Contextual Spanish draft","Retained vocabulary / fallback wording"
"interface.0014","· Edited by","· Editado por","Game interface: <text>","components/games/GameEditor.tsx:865","Contextual Spanish draft","Source present; runtime Spanish available"
"interface.0015","· Needs an answer","· Falta la respuesta","Conditional/dynamic interface text (check the source context)","components/games/GameWorkspace.tsx:73","Contextual Spanish draft","Source present; runtime Spanish available"
"interface.0016","'s turn",": su turno","Game interface: <span>","components/games/BlockBeatersGame.tsx:1092","Contextual Spanish draft","Source present; runtime Spanish available"
"interface.0017","'s Turn",": su turno","Game interface: <div>","data/i18n/spanish-spain.json","Contextual Spanish draft","Retained vocabulary / fallback wording"
"interface.0018","""{file.name}"" could not be attached. The maximum total attachment size is 3 MB.","No se ha podido adjuntar «{file.name}». El tamaño máximo total de los archivos adjuntos es de 3 MB.","User message: alert","components/games/GameConfigurator.tsx:536 | components/games/GameConfigurator.tsx:683","Contextual Spanish draft","Source present; runtime Spanish available"
"interface.0019","""A2 ESL students (age 12-13). Use the attached book-page photo as the main source. Create a 15-question Trivia game for a 15-minute end-of-class review. Focus on food vocabulary + countable/uncountable nouns. Keep questions short, classroom-safe, and include 4 multiple-choice options.""","«Alumnado de inglés de nivel A2 (12-13 años). Usa la foto adjunta de la página del libro como fuente principal. Crea un juego de Trivia con 15 preguntas para un repaso de 15 minutos al final de la clase. Céntrate en el vocabulario de alimentos y en los nombres contables e incontables. Las preguntas deben ser breves, adecuadas para el aula y con 4 opciones de respuesta».","Website interface: <p>","pages/InfoPages.tsx:367","Contextual Spanish draft","Source present; runtime Spanish available"
"interface.0020","""Make me a game from this.""","«Crea un juego a partir de esto».","Website interface: <p>","pages/InfoPages.tsx:372","Contextual Spanish draft","Source present; runtime Spanish available"
"interface.0021","({endGameRevealList.length} unresolved clue{endGameRevealList.length === 1 ? '' : 's'} were revealed when ending early.)","(Al finalizar antes de tiempo, se han mostrado {endGameRevealList.length} pistas pendientes.)","Conditional/dynamic interface text (check the source context)","components/games/WordWheelGame.tsx:1140","Contextual Spanish draft","Source present; runtime Spanish available"
"interface.0022","(build from scratch) or","(crea desde cero) o","Website interface: <li>","pages/InfoPages.tsx:304","Contextual Spanish draft","Source present; runtime Spanish available"
"interface.0023","(image added)","(imagen añadida)","Conditional/dynamic interface text (check the source context)","components/games/GameEditor.tsx:1215 | components/games/GameEditor.tsx:1616","Contextual Spanish draft","Source present; runtime Spanish available"
"interface.0024","(included when you save)","(se incluye al guardar)","Website interface: <span>","pages/Profile.tsx:495","Contextual Spanish draft","Source present; runtime Spanish available"
"interface.0025","(instant first draft).","(un primer borrador al instante).","Website interface: <li>","pages/InfoPages.tsx:304","Contextual Spanish draft","Source present; runtime Spanish available"
"interface.0026","(Must match option text)","(Debe coincidir con el texto de una opción)","Game interface: <span>","components/games/GameEditor.tsx:1493","Contextual Spanish draft","Source present; runtime Spanish available"
"interface.0027","(optional)","(opcional)","Conditional/dynamic interface text (check the source context)","components/games/GameEditor.tsx:1215 | components/games/GameEditor.tsx:1518 | components/games/GameEditor.tsx:1616","Contextual Spanish draft","Source present; runtime Spanish available"
"interface.0028","(Pass)","(Pasar)","Game interface: <span>","components/games/TimeBombGame.tsx:2171","Contextual Spanish draft","Source present; runtime Spanish available"
"interface.0029","(school storage)","(almacenamiento del centro)","Conditional/dynamic interface text (check the source context)","components/games/GameConfigurator.tsx:1927","Contextual Spanish draft","Source present; runtime Spanish available"
"interface.0030","{answeredCount}/{participants.length} answered","Han respondido {answeredCount}/{participants.length}","Conditional/dynamic interface text (check the source context)","pages/LiveQuizHost.tsx:851","Contextual Spanish draft","Source present; runtime Spanish available"
"interface.0031","{bonusCardDetails.title} bonus card","Carta de bonificación: {bonusCardDetails.title}","Conditional/dynamic interface text (check the source context)","components/games/SnakesLaddersGame.tsx:2627","Contextual Spanish draft","Source present; runtime Spanish available"
"interface.0032","{categoryCount} categories selected","{categoryCount} categorías seleccionadas","Conditional/dynamic interface text (check the source context)","components/games/GameSetup.tsx:730","Contextual Spanish draft","Source present; runtime Spanish available"
"interface.0033","{count} answer options","{count} opciones de respuesta","Game controls, settings or feedback","components/games/GameEditor.tsx:1346","Contextual Spanish draft","Source present; runtime Spanish available"
"interface.0034","{count} doc","{count} doc.","School administration","components/school/SchoolStorageBrowser.tsx:292","Contextual Spanish draft","Source present; runtime Spanish available"
"interface.0035","{count} docs","{count} docs.","School administration","components/school/SchoolStorageBrowser.tsx:292","Contextual Spanish draft","Source present; runtime Spanish available"
"interface.0036","{count} file","{count} archivo","School administration","components/school/SchoolStorageManager.tsx:598","Contextual Spanish draft","Source present; runtime Spanish available"
"interface.0037","{count} files","{count} archivos","School administration","components/school/SchoolStorageManager.tsx:598","Contextual Spanish draft","Source present; runtime Spanish available"
"interface.0038","{count} folder","{count} carpeta","School administration","components/school/SchoolStorageManager.tsx:599","Contextual Spanish draft","Source present; runtime Spanish available"
"interface.0039","{count} folders","{count} carpetas","School administration","components/school/SchoolStorageManager.tsx:599","Contextual Spanish draft","Source present; runtime Spanish available"
"interface.0040","{count} options · {points} pts","{count} opciones · {points} ptos.","Game controls, settings or feedback","components/games/GameEditor.tsx:1102","Contextual Spanish draft","Source present; runtime Spanish available"
"interface.0041","{currentTeamBonusCards.length} bonus{currentTeamBonusCards.length === 1 ? '' : 'es'}: {bonusLabel(currentTeamBonusCard.kind)}","Bonificaciones ({currentTeamBonusCards.length}): {bonusLabel(currentTeamBonusCard.kind)}","Conditional/dynamic interface text (check the source context)","components/games/BlockBeatersGame.tsx:1098","Contextual Spanish draft","Source present; runtime Spanish available"
"interface.0042","{currentTeamStealsRemaining} steals remaining","{currentTeamStealsRemaining} robos disponibles","Conditional/dynamic interface text (check the source context)","components/games/BlockBeatersGame.tsx:1093","Contextual Spanish draft","Source present; runtime Spanish available"
"interface.0043","{fileList.length} file{fileList.length === 1 ? '' : 's'} uploaded to school storage.","Archivos subidos al almacenamiento del centro: {fileList.length}.","Interface definition: text","components/school/SchoolStorageManager.tsx:325","Contextual Spanish draft","Source present; runtime Spanish available"
"interface.0044","{localUploadsPendingSchoolSave} uploaded file{localUploadsPendingSchoolSave === 1 ? '' : 's'} not yet saved to School Storage.","Archivos subidos que aún no se han guardado en el almacenamiento del centro: {localUploadsPendingSchoolSave}.","Conditional/dynamic interface text (check the source context)","components/games/GameConfigurator.tsx:1914","Contextual Spanish draft","Source present; runtime Spanish available"
"interface.0045","{message} These files were still attached locally for this game.","{message} Estos archivos siguen adjuntos localmente a este juego.","User message: alert","components/games/GameConfigurator.tsx:582","Contextual Spanish draft","Source present; runtime Spanish available"
"interface.0046","{name} back 5","{name} retrocede 5","Game controls, settings or feedback","components/games/SnakesLaddersGame.tsx:2569","Contextual Spanish draft","Source present; runtime Spanish available"
"interface.0047","{parseLiveQuizDisplayName(winner.displayName).name} wins with {winner.score.toLocaleString()} points","{parseLiveQuizDisplayName(winner.displayName).name} gana con {winner.score.toLocaleString()} puntos","Conditional/dynamic interface text (check the source context)","pages/LiveQuizStudent.tsx:461","Contextual Spanish draft","Source present; runtime Spanish available"
"interface.0048","{participant.correctCount} correct","{participant.correctCount} aciertos","Conditional/dynamic interface text (check the source context)","components/games/LiveQuizLeaderboardStage.tsx:239","Contextual Spanish draft","Source present; runtime Spanish available"
"interface.0049","{participant.correctCount}/{totalQuestions} correct","{participant.correctCount}/{totalQuestions} aciertos","Conditional/dynamic interface text (check the source context)","components/games/LiveQuizLeaderboardStage.tsx:239","Contextual Spanish draft","Source present; runtime Spanish available"
"interface.0050","{player.name} has answered","{player.name} ha respondido","Conditional/dynamic interface text (check the source context)","pages/LiveQuizHost.tsx:979 | pages/LiveQuizHost.tsx:980","Contextual Spanish draft","Source present; runtime Spanish available"
"interface.0051","{player.name} has not answered yet","{player.name} aún no ha respondido","Conditional/dynamic interface text (check the source context)","pages/LiveQuizHost.tsx:979 | pages/LiveQuizHost.tsx:980","Contextual Spanish draft","Source present; runtime Spanish available"
"interface.0052","{progress.ready} of {progress.total} images ready","{progress.ready} de {progress.total} imágenes listas","Conditional/dynamic interface text (check the source context)","components/games/GameImagePreparation.tsx:91","Contextual Spanish draft","Source present; runtime Spanish available"
"interface.0053","{q.points} Points","{q.points} puntos","Conditional/dynamic interface text (check the source context)","components/games/GameEditor.tsx:1106","Contextual Spanish draft","Source present; runtime Spanish available"
"interface.0054","{remaining} of {maxStealsPerTeam} steals left","Quedan {remaining} de {maxStealsPerTeam} robos","Conditional/dynamic interface text (check the source context)","components/games/BlockBeatersGame.tsx:1067","Contextual Spanish draft","Source present; runtime Spanish available"
"interface.0055","{result.skipped} selected question{result.skipped === 1 ? ' was' : 's were'} skipped because live quiz currently requires multiple-choice questions with one correct option.","Se han omitido {result.skipped} preguntas seleccionadas porque el Live Quiz requiere preguntas de opción múltiple con una única respuesta correcta.","User message: alert","pages/Games.tsx:2601 | pages/ShareGame.tsx:300","Contextual Spanish draft","Source present; runtime Spanish available"
"interface.0056","{schoolName} logo","Logotipo de {schoolName}","Conditional/dynamic interface text (check the source context)","pages/SchoolAdmin.tsx:621","Contextual Spanish draft","Source present; runtime Spanish available"
"interface.0057","{selectedQuestionCount} {selectedQuestionCount === 1 ? 'question' : 'questions'} selected of {availableQuestionCount} available","Preguntas seleccionadas: {selectedQuestionCount} de {availableQuestionCount} disponibles","Conditional/dynamic interface text (check the source context)","components/games/GameSetup.tsx:731","Contextual Spanish draft","Source present; runtime Spanish available"
"interface.0058","{skipped} miss this turn. {next} plays next.","{skipped} pierden este turno. Después juega {next}.","Game controls, settings or feedback","components/games/SnakesLaddersGame.tsx:2207","Contextual Spanish draft","Source present; runtime Spanish available"
"interface.0059","{skipped} misses this turn. {next} plays next.","{skipped} pierde este turno. Después juega {next}.","Game controls, settings or feedback","components/games/SnakesLaddersGame.tsx:2207","Contextual Spanish draft","Source present; runtime Spanish available"
"interface.0060","{targetName} is heading to the snake on square {nearestSnake.start + 1}","{targetName} se dirige a la serpiente de la casilla {nearestSnake.start + 1}","Game controls, settings or feedback","components/games/SnakesLaddersGame.tsx:2044","Contextual Spanish draft","Source present; runtime Spanish available"
"interface.0061","{targetName} moves back 5","{targetName} retrocede 5 casillas","Game controls, settings or feedback","components/games/SnakesLaddersGame.tsx:2061","Contextual Spanish draft","Source present; runtime Spanish available"
"interface.0062","{targetName}: Sliding down...","{targetName}: bajando...","Game controls, settings or feedback","components/games/SnakesLaddersGame.tsx:2052","Contextual Spanish draft","Source present; runtime Spanish available"
"interface.0063","{team}’s Turn","Turno de {team}","Game controls, settings or feedback","components/games/DartsGame.tsx:1234 | components/games/DartsGame.tsx:1289","Contextual Spanish draft","Source present; runtime Spanish available"
"interface.0064","{teamNames[activeTeamIndex]} has lost a life.","{teamNames[activeTeamIndex]} ha perdido una vida.","Conditional/dynamic interface text (check the source context)","components/games/TimeBombGame.tsx:2222","Contextual Spanish draft","Source present; runtime Spanish available"
"interface.0065","{teamNames[teamId]} found a bonus card!","¡{teamNames[teamId]} ha encontrado una carta de bonificación!","Game controls, settings or feedback","components/games/SnakesLaddersGame.tsx:1941","Contextual Spanish draft","Source present; runtime Spanish available"
"interface.0066","{teamNames[teamId]}: Climbing!","{teamNames[teamId]}: ¡subiendo!","Game controls, settings or feedback","components/games/SnakesLaddersGame.tsx:2080","Contextual Spanish draft","Source present; runtime Spanish available"
"interface.0067","{teamNames[teamId]}: Sliding down...","{teamNames[teamId]}: bajando...","Game controls, settings or feedback","components/games/SnakesLaddersGame.tsx:2073","Contextual Spanish draft","Source present; runtime Spanish available"
"interface.0068","{timeLeft} seconds remaining","Quedan {timeLeft} segundos","Conditional/dynamic interface text (check the source context)","components/games/LiveQuizTimerBar.tsx:29","Contextual Spanish draft","Source present; runtime Spanish available"
"interface.0069","{user.schoolAccess?.schoolName || 'School'} logo","Logotipo de {user.schoolAccess?.schoolName || 'School'}","Conditional/dynamic interface text (check the source context)","pages/Profile.tsx:426","Contextual Spanish draft","Source present; runtime Spanish available"
"interface.0070","{zone} {sector}","{zone} {sector}","Interface definition: label","components/games/DartsGame.tsx:106","Contextual Spanish draft","Source present; runtime Spanish available"
"interface.0071","/ Remaining:","/ Disponible:","Website interface: <span>","components/school/SchoolStorageBrowser.tsx:306","Contextual Spanish draft","Source present; runtime Spanish available"
"interface.0072","/mo","/mes","Website interface: <span>","pages/InfoPages.tsx:455 | pages/InfoPages.tsx:480 | pages/InfoPages.tsx:500","Contextual Spanish draft","Source present; runtime Spanish available"
"interface.0073","+ Add Category","+ Añadir categoría","Game interface: <button>","components/games/GameConfigurator.tsx:1095 | components/games/GameEditor.tsx:991","Contextual Spanish draft","Source present; runtime Spanish available"
"interface.0074","+{participant.roundGain} this round","+{participant.roundGain} en esta ronda","Conditional/dynamic interface text (check the source context)","components/games/LiveQuizLeaderboardStage.tsx:234","Contextual Spanish draft","Source present; runtime Spanish available"
"interface.0075","<p class=""lead"">Artificial Intelligence has arrived in education with the subtlety of a meteor strike. For many of us, the initial reaction was one of defense: <em>How do we stop students from using this to cheat?</em> But as the dust settles, a new perspective is emerging—one where AI is not the enemy of learning, but perhaps the most powerful assistant a teacher has ever had.</p>
            
            <h2>The Plagiarism Panic</h2>
            <p>It's a valid concern. When a student can generate a 500-word essay on <em>To Kill a Mockingbird</em> in seconds, traditional homework assignments feel obsolete. However, this shift forces us to ask better questions. Instead of asking for a summary, we might ask students to critique the AI's summary, or to debate a specific point generated by the model. We are moving from ""content creation"" to ""critical analysis.""</p>

            <h2>The Personalized Tutor</h2>
            <p>Imagine a classroom of 30 students where every single one has a dedicated tutor sitting next to them. That is the promise of AI. Adaptive learning platforms can analyze a student's mistakes in real-time and offer tailored practice problems. A student struggling with quadratic equations gets a different set of hints than one who just made a sign error. This level of differentiation was previously impossible for one human teacher to manage alone.</p>

            <h2>Reclaiming Time</h2>
            <p>The burnout rate in our profession is staggering. Much of this comes from administrative tasks—lesson planning, grading, email drafting. AI tools can draft lesson plans, generate rubrics, and even grade routine assignments in seconds. This isn't about replacing the teacher; it's about freeing the teacher to do what only humans can do: build relationships, inspire curiosity, and provide emotional support.</p>

            <h2>Conclusion</h2>
            <p>AI is a tool, like the calculator or the internet before it. We can ban it and watch our students struggle to adapt to the modern world, or we can embrace it, teach ethical usage, and leverage it to create a more personalized, effective, and human-centric educational experience.</p>","<p class=""lead"">La inteligencia artificial ha llegado a la educación con la sutileza de un meteorito. Para muchos de nosotros, la primera reacción fue defensiva: <em>¿Cómo evitamos que el alumnado la utilice para hacer trampas?</em> Pero, a medida que pasa la conmoción inicial, surge otra perspectiva: quizá la IA no sea enemiga del aprendizaje, sino el asistente más potente que haya tenido un docente.</p>

      <h2>El temor al plagio</h2>
      <p>Es una preocupación legítima. Cuando un alumno puede generar en segundos una redacción de 500 palabras sobre <em>Matar a un ruiseñor</em>, los deberes tradicionales parecen quedarse anticuados. Sin embargo, este cambio nos obliga a plantear mejores preguntas. En lugar de pedir un resumen, podemos pedir al alumnado que evalúe el resumen de la IA o que debata una idea concreta propuesta por el modelo. Pasamos de «crear contenido» a «analizarlo de forma crítica».</p>

      <h2>Un tutor personalizado</h2>
      <p>Imagina una clase de 30 alumnos en la que cada uno tenga a su lado un tutor dedicado exclusivamente a él. Esa es la promesa de la IA. Las plataformas de aprendizaje adaptativo pueden analizar los errores del alumno en tiempo real y ofrecerle ejercicios adecuados a sus necesidades. Un alumno con dificultades para resolver ecuaciones de segundo grado recibe pistas distintas de las que necesita otro que solo ha cometido un error de signo. Antes era imposible que un único docente ofreciera por sí solo este nivel de atención individualizada.</p>

      <h2>Recuperar tiempo</h2>
      <p>El desgaste profesional en la docencia es enorme. Buena parte procede de tareas administrativas: planificar clases, corregir y redactar correos. Las herramientas de IA pueden preparar borradores de programaciones, generar rúbricas e incluso corregir ejercicios rutinarios en segundos. La idea es liberar tiempo para que el docente se centre en lo que requiere una relación humana: crear vínculos, despertar la curiosidad y ofrecer apoyo emocional.</p>

      <h2>Conclusión</h2>
      <p>La IA es una herramienta, como antes lo fueron la calculadora o internet. Podemos prohibirla y ver cómo al alumnado le cuesta adaptarse al mundo actual, o podemos incorporarla, enseñar a utilizarla de forma ética y aprovecharla para crear una experiencia educativa más personalizada, eficaz y centrada en las personas.</p>","Blog article 1: content (complete article, HTML formatting retained)","data/blogPosts.ts: article 1, content | data/blogPosts.es.ts: article 1, content","Contextual Spanish draft","Source present; runtime Spanish available"
"interface.0076","<p class=""lead"">English as a Second Language (ESL) teaching has evolved drastically from the ""grammar-translation"" methods of the past. As we look towards 2025, the focus is shifting entirely towards communicative competence and immersive experiences.</p>

            <h2>TPRS (Teaching Proficiency through Reading and Storytelling)</h2>
            <p>This method is gaining massive traction. Instead of drilling verb tables, teachers and students co-create bizarre, funny stories in the target language. The brain is wired for narrative. We remember that ""The green alien ate the pizza"" far better than we remember the conjugation rules of ""to eat.""</p>

            <h2>The Role of Video and AI</h2>
            <p>With tools like YouTube and AI voice generators, students can hear thousands of different accents and dialects. They aren't limited to the teacher's voice. Assignments might involve recording a TikTok-style video response or conversing with an AI chatbot that patiently corrects their pronunciation without judgment.</p>

            <h2>Task-Based Learning (TBL)</h2>
            <p>Don't teach ""Food Vocabulary."" Teach ""How to Order a Meal."" TBL centers the lesson around a real-world goal. The language is just the tool to achieve that goal. If the student successfully orders the imaginary pizza, they passed, regardless of whether they used the perfect subjunctive tense.</p>

            <h2>Cultural Context</h2>
            <p>Language cannot be separated from culture. Modern ESL is about cultural exchange. It's about understanding idioms, humor, and social norms. It's about preparing students not just to pass a test, but to function and thrive in a globalized world.</p>","<p class=""lead"">La enseñanza del inglés como segunda lengua —ESL, por sus siglas en inglés— ha cambiado mucho desde los métodos de «gramática y traducción». De cara a 2025, el foco se desplaza hacia la competencia comunicativa y las experiencias de inmersión.</p>

      <h2>TPRS: aprender mediante la lectura y la narración de historias</h2>
      <p>Este método está ganando mucha popularidad. En lugar de repetir tablas de verbos, docentes y alumnos crean juntos historias extrañas y divertidas en la lengua que están aprendiendo. El cerebro está preparado para las narraciones. Recordamos mucho mejor que «el extraterrestre verde se comió la pizza» que las reglas de conjugación del verbo «comer».</p>

      <h2>El papel del vídeo y la IA</h2>
      <p>Con herramientas como YouTube y los generadores de voz con IA, el alumnado puede escuchar miles de acentos y variedades lingüísticas. No tiene que limitarse a la voz del docente. Las tareas pueden consistir en grabar una respuesta en vídeo al estilo de TikTok o conversar con un asistente de IA que corrija la pronunciación con paciencia y sin juzgar.</p>

      <h2>Aprendizaje basado en tareas</h2>
      <p>No enseñes solo «vocabulario de comida»: enseña «cómo pedir en un restaurante». El aprendizaje basado en tareas organiza la clase en torno a un objetivo de la vida real. La lengua es la herramienta para alcanzarlo. Si el alumno consigue pedir la pizza imaginaria, ha cumplido el objetivo, aunque no haya utilizado perfectamente el subjuntivo.</p>

      <h2>El contexto cultural</h2>
      <p>La lengua no puede separarse de la cultura. La enseñanza actual del inglés como segunda lengua implica un intercambio cultural: comprender expresiones, el humor y las normas sociales. Se trata de preparar al alumnado para desenvolverse en un mundo globalizado y participar en él con confianza, además de aprobar un examen.</p>","Blog article 5: content (complete article, HTML formatting retained)","data/blogPosts.ts: article 5, content | data/blogPosts.es.ts: article 5, content","Contextual Spanish draft","Source present; runtime Spanish available"
"interface.0077","<p class=""lead"">History often gets a bad rap as ""boring memorization."" But history is literally the collection of the most dramatic, tragic, and triumphant stories of humanity. If your students are dozing off during the Industrial Revolution, it might be time to bring out the games.</p>

            <h2>1. The Time Travel Detective</h2>
            <p>Present the class with a historical ""crime scene"" or mystery (e.g., ""Who truly started the Great Fire of London?""). Provide primary source clues—diary entries, maps, witness statements. Students work in groups to solve the mystery. This turns passive reading into active investigation.</p>

            <h2>2. Civilization Builder</h2>
            <p>Don't just teach about Mesopotamia; let them build it. Assign resources (mud bricks, water, grain) and have students make decisions. ""A flood destroys 50% of your crops. Do you raid the neighboring city or starve?"" This teaches cause and effect better than any textbook.</p>

            <h2>3. The ""Hot Seat"" Interview</h2>
            <p>One student takes on the persona of a historical figure (Napoleon, Rosa Parks, Caesar). The rest of the class asks questions, and the student must answer <em>in character</em> based on their research. It encourages empathy and deep understanding of motivations.</p>

            <h2>4. Timeline War</h2>
            <p>Create a card game where students must place events in the correct chronological order. Turn it into a competition: ""I bet you 'The Invention of the Printing Press' happened BEFORE 'The Discovery of America'."" Simple, fast, and great for reviewing sequence.</p>

            <h2>5. Alternative History Debates</h2>
            <p>Pose ""What If"" scenarios. ""What if the printing press was never invented?"" Students must debate the long-term consequences. This requires them to understand the actual impact of events to hypothesize about their absence.</p>","<p class=""lead"">La Historia suele tener fama de ser «memorizar cosas aburridas». Sin embargo, reúne algunas de las historias más dramáticas, trágicas y extraordinarias de la humanidad. Si tus alumnos se adormecen durante la Revolución Industrial, quizá sea el momento de introducir los juegos.</p>

      <h2>1. Detectives que viajan en el tiempo</h2>
      <p>Presenta a la clase una «escena del crimen» histórica o un misterio, por ejemplo: «¿Quién provocó realmente el Gran Incendio de Londres?». Proporciona pistas de fuentes primarias, como diarios, mapas o testimonios. El alumnado trabaja en grupos para resolver el misterio. Así, la lectura pasiva se transforma en una investigación activa.</p>

      <h2>2. Construir una civilización</h2>
      <p>No te limites a explicar Mesopotamia: deja que la construyan. Asigna recursos —adobes, agua y grano— y pide al alumnado que tome decisiones. «Una inundación destruye el 50 % de las cosechas. ¿Atacáis la ciudad vecina o pasáis hambre?». Esta actividad ayuda a comprender las causas y las consecuencias mejor que un libro de texto.</p>

      <h2>3. Entrevista a un personaje histórico</h2>
      <p>Un alumno interpreta a un personaje histórico, como Napoleón, Rosa Parks o César. El resto de la clase hace preguntas y el alumno debe responder <em>sin salirse del personaje</em>, a partir de lo que haya investigado. La actividad fomenta la empatía y una comprensión más profunda de las motivaciones.</p>

      <h2>4. Duelo de líneas del tiempo</h2>
      <p>Crea un juego de tarjetas en el que el alumnado deba colocar los acontecimientos en el orden cronológico correcto. Conviértelo en una competición: «Apuesto a que la invención de la imprenta fue ANTES que el descubrimiento de América». Es una actividad sencilla, rápida y muy útil para repasar la secuencia de los hechos.</p>

      <h2>5. Debates sobre historias alternativas</h2>
      <p>Plantea situaciones del tipo «¿Qué habría pasado si…?». Por ejemplo: «¿Y si nunca se hubiera inventado la imprenta?». El alumnado debe debatir las consecuencias a largo plazo. Para imaginar la ausencia de un acontecimiento, primero necesita comprender su impacto real.</p>","Blog article 2: content (complete article, HTML formatting retained)","data/blogPosts.ts: article 2, content | data/blogPosts.es.ts: article 2, content","Contextual Spanish draft","Source present; runtime Spanish available"
"interface.0078","<p class=""lead"">The school bag is packed. Someone has finally located the missing trainer. Then a message arrives: tomorrow’s lessons will be online.</p>
    <p>The trainer, having briefly become relevant, can return to wherever it was hiding.</p>
    <p>For families in Valencia, weather alerts are adding another moving part to the school week. Recent weeks have brought further closures and changes to teaching arrangements. On 16 September, for example, the Universitat Politècnica de València moved afternoon teaching online at its Vera campus following rain alerts. On 1 October, València announced further school closures as the alert escalated to red. <a href=""https://www.upv.es/noticias-upv/noticia-16051-actualizacion-es.html"">UPV’s announcement</a>, <a href=""https://www.europapress.es/comunitat-valenciana/noticia-valencia-activa-protocolos-alerta-roja-lluvia-incluye-cierre-centros-escolares-suspension-actividades-20261001114208.html"">report on the October closures</a></p>
    <p>Not every closure means online lessons, and arrangements vary between schools, universities and academies. But where teaching does move online, the switch is beginning to feel like something families need to be ready for.</p>
    <p>Keeping people away from dangerous journeys makes sense. The more difficult question comes afterwards: how much learning carries on when the classroom moves into the living room?</p>
    <p>Online teaching deserves some credit here. A cancelled journey needn’t mean a completely lost lesson. Students can still hear an explanation, ask questions, practise a skill and receive feedback. A recording can give them another chance to understand something that went past too quickly the first time.</p>
    <p>For some students, that extra control is useful. Pausing an explanation is considerably easier than asking a teacher to repeat the same sentence for the fourth time while everyone else starts packing up.</p>
    <p>Research also gives us reasons to take remote learning seriously. The Education Endowment Foundation’s review found that teaching quality matters more than whether an explanation arrives live or through a recording. Clear explanations, suitable tasks and opportunities to interact remain important. A screen doesn’t automatically make a lesson ineffective. <a href=""https://educationendowmentfoundation.org.uk/guidance-for-teachers/covid-19-resources/best-evidence-on-supporting-students-to-learn-remotely"">EEF’s evidence review</a></p>
    <p>Still, being connected and making progress are two different things.</p>
    <p>A student can appear on the attendance list without understanding much of what happened. In a classroom, a teacher might notice the unfinished first question, the puzzled expression or the sudden enthusiasm for sharpening a pencil. Online, those clues can be harder to spot.</p>
    <p>Then there is the small matter of home.</p>
    <p>One child has a laptop, a quiet room and someone nearby who can help. Another is sharing a device with a sibling while a parent tries to work at the same table. Both may be expected to complete the same lesson, but they are starting from rather different positions.</p>
    <p>The EEF review identifies access to technology as an important condition for successful remote learning, particularly for disadvantaged pupils. And access means more than having <em>something</em> with an internet connection. Reading instructions, joining a call and writing an answer on a parent’s phone is quite a different experience from working at a computer. <a href=""https://educationendowmentfoundation.org.uk/news/eef-publishes-new-review-of-evidence-on-remote-learning"">EEF’s findings on access</a></p>
    <p>Age matters too. A reasonably independent teenager may manage a short spell of online lessons quite happily. A younger child may need help opening the activity, understanding the instructions and resisting the powerful educational possibilities of the swivel chair.</p>
    <p>For parents, an online school day can therefore become an unexpected supervision shift. For teachers, it can mean adapting a lesson at short notice while handling their own family arrangements. Neither group necessarily has spare time waiting politely in the diary.</p>
    <p>So should we worry about students falling behind?</p>
    <p>We should pay attention, without treating every rain-alert day as a miniature lockdown. Research into education during the pandemic found learning deficits and unequal effects between students. But those findings concern a much longer, more complicated disruption. They cannot tell us how much progress a child in Valencia loses—or maintains—during an occasional day of weather-related online teaching. <a href=""https://www.nature.com/articles/s41562-022-01506-4"">Review in <em>Nature Human Behaviour</em></a></p>
    <p>The concern is what happens if interruptions accumulate. Are students keeping up with new material? Are the same children repeatedly missing activities? Does the class need substantial reteaching when everyone returns?</p>
    <p>Those questions are more useful than counting uploaded worksheets.</p>
    <p>If online lessons are becoming a regular backup, they deserve a plan that works under ordinary household conditions. Schools could agree on a familiar place to find work, keep instructions straightforward and provide tasks that don’t require a child to remain on a video call all day. Short explanations, manageable practice and feedback may achieve more than an ambitious timetable that falls apart before breakfast.</p>
    <p>There should also be room for flexibility. If a family is dealing with flooding, a power cut or genuine worry about their safety, submitting an exercise on time is unlikely to be the most pressing issue.</p>
    <p>Once students return, a brief conversation or a few well-chosen questions can help teachers find out what actually stuck. Anyone who missed out needs a route back into the lesson, rather than a growing pile of overdue work.</p>
    <p>Online teaching can help Valencia’s students keep learning through disruption. Whether it does so successfully depends on the lesson, the support available and what happens when they get back to class.</p>
    <p>When the sun comes out again, it would be good to find that everyone can pick up where they left off. Including the child who spent Tuesday negotiating laptop access with a sibling.</p>
    <p>The missing trainer will probably remain a separate investigation.</p>","<p class=""lead"">La mochila está preparada. Por fin ha aparecido la zapatilla que faltaba. Entonces llega un mensaje: mañana las clases serán online.</p>
    <p>La zapatilla, que por un momento había vuelto a ser importante, puede regresar a su escondite.</p>
    <p>Para las familias de Valencia, las alertas meteorológicas añaden otra pieza al rompecabezas de la semana escolar. Las últimas semanas han traído nuevos cierres y cambios en la organización de las clases. El 16 de septiembre, por ejemplo, la Universitat Politècnica de València trasladó las clases de la tarde al formato online en su campus de Vera tras las alertas por lluvia. El 1 de octubre, València anunció nuevos cierres de centros escolares al elevarse la alerta a roja. <a href=""https://www.upv.es/noticias-upv/noticia-16051-actualizacion-es.html"">Comunicado de la UPV</a>, <a href=""https://www.europapress.es/comunitat-valenciana/noticia-valencia-activa-protocolos-alerta-roja-lluvia-incluye-cierre-centros-escolares-suspension-actividades-20261001114208.html"">noticia sobre los cierres de octubre</a></p>
    <p>No todos los cierres dan lugar a clases online, y las medidas varían entre colegios, universidades y academias. Pero, allí donde la enseñanza pasa a ser online, el cambio empieza a parecer algo para lo que las familias deben estar preparadas.</p>
    <p>Evitar desplazamientos peligrosos tiene sentido. La pregunta más difícil viene después: ¿cuánto se sigue aprendiendo cuando el aula se traslada al salón?</p>
    <p>La enseñanza online tiene aquí sus ventajas. Cancelar un desplazamiento no tiene por qué significar perder toda la clase. El alumnado puede seguir escuchando una explicación, hacer preguntas, practicar y recibir comentarios sobre su trabajo. Una grabación puede darle otra oportunidad de entender algo que pasó demasiado rápido la primera vez.</p>
    <p>Para algunos estudiantes, poder controlar ese ritmo resulta útil. Pausar una explicación es bastante más fácil que pedir al profesor que repita la misma frase por cuarta vez mientras los demás empiezan a recoger.</p>
    <p>La investigación también ofrece motivos para tomarse en serio el aprendizaje a distancia. La revisión de la Education Endowment Foundation concluyó que la calidad de la enseñanza importa más que recibir una explicación en directo o mediante una grabación. Las explicaciones claras, las tareas adecuadas y las oportunidades de participar siguen siendo importantes. Una pantalla no convierte automáticamente una clase en ineficaz. <a href=""https://educationendowmentfoundation.org.uk/guidance-for-teachers/covid-19-resources/best-evidence-on-supporting-students-to-learn-remotely"">Revisión de la EEF</a></p>
    <p>Aun así, estar conectado y avanzar son dos cosas distintas.</p>
    <p>Un estudiante puede figurar en la lista de asistencia sin haber entendido gran parte de la clase. En el aula, el profesor quizá vea la primera pregunta sin terminar, la cara de desconcierto o ese repentino entusiasmo por sacar punta al lápiz. Online, esas pistas pueden ser más difíciles de detectar.</p>
    <p>Luego está ese pequeño detalle llamado casa.</p>
    <p>Un niño tiene un portátil, una habitación tranquila y alguien cerca que puede ayudarle. Otro comparte un dispositivo con su hermano mientras uno de sus padres intenta trabajar en la misma mesa. Puede que ambos tengan que completar la misma clase, pero parten de situaciones bastante diferentes.</p>
    <p>La revisión de la EEF señala el acceso a la tecnología como una condición importante para que el aprendizaje a distancia funcione, especialmente para el alumnado en situación de desventaja. Y tener acceso significa algo más que disponer de <em>algo</em> con conexión a internet. Leer instrucciones, entrar en una videollamada y escribir una respuesta en el móvil de un padre es una experiencia bastante distinta de trabajar con un ordenador. <a href=""https://educationendowmentfoundation.org.uk/news/eef-publishes-new-review-of-evidence-on-remote-learning"">Conclusiones de la EEF sobre el acceso</a></p>
    <p>La edad también cuenta. Un adolescente bastante autónomo puede llevar bien unos días de clases online. Un niño más pequeño quizá necesite ayuda para abrir la actividad, entender las instrucciones y resistirse a las grandes posibilidades educativas de la silla giratoria.</p>
    <p>Para las familias, un día de colegio online puede convertirse así en un turno inesperado de supervisión. Para el profesorado, puede suponer adaptar una clase con poco margen mientras organiza su propia vida familiar. Ninguno de los dos grupos tiene necesariamente horas libres esperando educadamente en la agenda.</p>
    <p>Entonces, ¿debería preocuparnos que el alumnado se quede atrás?</p>
    <p>Conviene prestar atención, sin tratar cada día de alerta por lluvia como un pequeño confinamiento. La investigación sobre la educación durante la pandemia detectó pérdidas de aprendizaje y efectos desiguales entre estudiantes. Pero esos resultados corresponden a una interrupción mucho más larga y compleja. No nos dicen cuánto deja de avanzar —o logra mantener— un niño en Valencia durante un día ocasional de clases online por motivos meteorológicos. <a href=""https://www.nature.com/articles/s41562-022-01506-4"">Revisión en <em>Nature Human Behaviour</em></a></p>
    <p>La preocupación es qué ocurre si las interrupciones se acumulan. ¿Sigue el alumnado el ritmo de los nuevos contenidos? ¿Son siempre los mismos niños quienes se pierden las actividades? ¿Hace falta volver a explicar buena parte de lo trabajado cuando todos regresan?</p>
    <p>Esas preguntas aportan más que contar fichas subidas a una plataforma.</p>
    <p>Si las clases online se están convirtiendo en un recurso habitual ante las interrupciones, merecen un plan que funcione en las condiciones reales de una casa. Los centros podrían acordar un lugar conocido donde encontrar las tareas, dar instrucciones sencillas y proponer actividades que no obliguen a un niño a permanecer todo el día en una videollamada. Las explicaciones breves, la práctica asumible y los comentarios sobre el trabajo pueden conseguir más que un horario ambicioso que se viene abajo antes del desayuno.</p>
    <p>También debe haber margen para la flexibilidad. Si una familia está lidiando con una inundación, un corte de luz o una preocupación real por su seguridad, entregar un ejercicio a tiempo difícilmente será lo más urgente.</p>
    <p>Cuando el alumnado regresa, una breve conversación o unas preguntas bien elegidas pueden ayudar al profesorado a averiguar qué se ha aprendido de verdad. Quien se haya perdido parte del trabajo necesita una manera de reincorporarse a la clase, en lugar de una pila cada vez mayor de tareas pendientes.</p>
    <p>La enseñanza online puede ayudar al alumnado de Valencia a seguir aprendiendo durante estas interrupciones. Que lo consiga depende de la clase, del apoyo disponible y de lo que ocurra al volver al aula.</p>
    <p>Cuando salga el sol, estaría bien que todos pudieran retomar el aprendizaje donde lo dejaron. También el niño que pasó el martes negociando con su hermano el acceso al portátil.</p>
    <p>Lo de la zapatilla perdida probablemente seguirá siendo una investigación aparte.</p>","Blog article 7: content (complete article, HTML formatting retained)","data/blogPosts.ts: article 7, content | data/blogPosts.es.ts: article 7, content","Contextual Spanish draft","Source present; runtime Spanish available"
"interface.0079","<p class=""lead"">The Sunday Scaries. Every teacher knows the feeling of looking at a tote bag full of ungraded papers on a Sunday evening. But a quiet revolution is happening in assessment strategies, driven by technology and a shift in pedagogical philosophy.</p>

            <h2>Feedback Loops > Grades</h2>
            <p>Research consistently shows that immediate, specific feedback improves learning far more than a letter grade returned two weeks later. Automated tools allow students to check their understanding instantly. If they get a question wrong, they find out <em>why</em> immediately, while the concept is still fresh.</p>

            <h2>Self-Assessment and Peer Review</h2>
            <p>We are seeing a shift towards training students to assess their own work. By providing clear rubrics and ""model answers,"" students can critique their own drafts before submitting them. This is a meta-cognitive skill that is valuable for life, and it drastically reduces the grading load.</p>

            <h2>The ""Completion"" Shift</h2>
            <p>Many progressive schools are moving homework to a ""completion"" or ""practice"" category that doesn't impact the final grade, reserving high-stakes grading for in-class assessments. This reduces the incentive to cheat on homework and frames it correctly as a safe space to make mistakes and learn.</p>

            <h2>Reclaiming Your Weekend</h2>
            <p>By automating the grading of fact-based assignments (vocab, math, dates) and using rubric-based quick grading for essays, teachers are reclaiming hours of their lives. A rested, happy teacher is a better teacher. It's time to put down the red pen and pick up a hobby.</p>","<p class=""lead"">El agobio del domingo por la tarde. Cualquier docente conoce la sensación de mirar una bolsa llena de trabajos pendientes de corregir al final del fin de semana. Pero se está produciendo una revolución silenciosa en las formas de evaluar, impulsada por la tecnología y por un cambio de enfoque pedagógico.</p>

      <h2>La orientación continua importa más que la nota</h2>
      <p>La investigación muestra de forma consistente que recibir indicaciones concretas e inmediatas mejora el aprendizaje mucho más que una nota que llega dos semanas después. Las herramientas automáticas permiten al alumnado comprobar al instante lo que ha entendido. Si responde mal a una pregunta, descubre enseguida <em>por qué</em>, mientras todavía tiene presente el concepto.</p>

      <h2>Autoevaluación y evaluación entre iguales</h2>
      <p>Cada vez se da más importancia a enseñar al alumnado a evaluar su propio trabajo. Con rúbricas claras y «respuestas modelo», los alumnos pueden revisar sus borradores antes de entregarlos. Es una capacidad metacognitiva valiosa para toda la vida y reduce considerablemente la carga de corrección.</p>

      <h2>Valorar la realización, sin poner nota</h2>
      <p>Muchos centros con enfoques innovadores están tratando los deberes como tareas de «realización» o «práctica» que no influyen en la nota final, y reservan la evaluación que determina la calificación para el trabajo realizado en clase. Esto reduce el incentivo para hacer trampas en los deberes y los sitúa en su contexto adecuado: un espacio seguro para equivocarse y aprender.</p>

      <h2>Recuperar el fin de semana</h2>
      <p>Al automatizar la corrección de ejercicios con respuestas concretas —vocabulario, matemáticas o fechas— y utilizar rúbricas para agilizar la valoración de redacciones, los docentes recuperan horas de su vida. Un profesor descansado y satisfecho enseña mejor. Es hora de dejar el bolígrafo rojo y dedicar tiempo a una afición.</p>","Blog article 3: content (complete article, HTML formatting retained)","data/blogPosts.ts: article 3, content | data/blogPosts.es.ts: article 3, content","Contextual Spanish draft","Source present; runtime Spanish available"
"interface.0080","<p class=""lead"">Writing student reports is high-value work, but it is also repetitive, time-sensitive, and easy to drag into evenings and weekends. AI can help, but the real improvement does not come from typing a clever one-off prompt. It comes from building a customized template that reflects your school's tone, reporting categories, and the kind of next-step feedback you actually want parents to read.</p>

            <h2>Why Templates Matter More Than Prompts</h2>
            <p>A blank chatbot box creates inconsistent results. One report sounds warm, another sounds robotic, and a third forgets to mention targets for improvement. A customized report template fixes that. It gives the AI a structure to follow, which means your reports stay aligned across a class, a department, or an entire school.</p>
            <p>Good templates usually include a fixed order for strengths, effort, attainment, and next steps, plus the phrases and criteria your school already uses. Once that structure is in place, AI can do the heavy lifting while the teacher stays in control of the final message.</p>

            <h2>A Practical Workflow for AI Report Writing</h2>
            <p>The most effective setup is simple:</p>
            <ul>
                <li>Create one template for each subject, age group, or reporting cycle.</li>
                <li>Add consistent sections such as achievement, attitude to learning, and targets.</li>
                <li>Feed in ratings, short teacher notes, and any specific context for the student.</li>
                <li>Generate a first draft, then edit for accuracy, nuance, and safeguarding.</li>
            </ul>
            <p>This approach keeps the process fast without turning every report into the same paragraph with a different name at the top.</p>

            <h2>A Review of AI Report Writer</h2>
            <p>Based on the public website reviewed on April 6, 2026, <a href=""https://aireportwriter.app/"" target=""_blank"" rel=""noopener noreferrer"">AI Report Writer</a> looks like a focused reporting workflow rather than a generic AI writing tool. The strongest part of the offer is its template system: the site highlights a Template Builder, Template Manager, reusable templates, and sharing for teams. That is exactly the right feature set for schools that want consistency without removing the teacher's voice.</p>
            <p>The site also presents a clear four-step process: choose a template, add student context, generate a draft, then review and export. Multilingual output and improvement-plan support are both useful additions, especially for schools communicating with families in more than one language. Pricing is also easy to understand, and the homepage currently states that every account receives 50 free beta credits each month.</p>

            <h2>Where AI Still Needs the Teacher</h2>
            <p>No matter how good the template is, the teacher still needs to review the final report. AI can help with consistency and speed, but it should not invent evidence, overstate progress, or flatten important pastoral context. The final quality still depends on the notes, ratings, and professional judgement that go into the draft.</p>

            <h2>Final Thought</h2>
            <p>AI works best in report writing when it is guided by a thoughtful structure. Customized templates turn AI from a novelty into a reliable workflow tool. If your goal is to save time without sacrificing clarity or personalisation, that is the model worth following.</p>","<p class=""lead"">Redactar informes del alumnado es una tarea importante, pero también repetitiva, sujeta a plazos y que fácilmente acaba ocupando tardes y fines de semana. La IA puede ayudar, aunque la verdadera mejora no consiste en escribir unas instrucciones ingeniosas para una única ocasión. Consiste en crear una plantilla personalizada que refleje el tono del centro, los aspectos que se evalúan y las orientaciones de mejora que realmente quieres transmitir a las familias.</p>

      <h2>Por qué las plantillas importan más que las instrucciones</h2>
      <p>Un cuadro de chat vacío produce resultados poco uniformes. Un informe suena cercano, otro parece escrito por un robot y un tercero olvida los objetivos de mejora. Una plantilla personalizada soluciona este problema: proporciona a la IA una estructura que seguir y permite mantener la coherencia entre los informes de una clase, un departamento o todo el centro.</p>
      <p>Las buenas plantillas suelen establecer un orden fijo para los puntos fuertes, el esfuerzo, los logros y los próximos pasos, además de incorporar las expresiones y los criterios que ya utiliza el centro. Una vez definida esa estructura, la IA puede encargarse de buena parte de la redacción, mientras el docente conserva el control del mensaje final.</p>

      <h2>Un proceso práctico para redactar informes con IA</h2>
      <p>La configuración más eficaz es sencilla:</p>
      <ul>
        <li>Crea una plantilla para cada asignatura, grupo de edad o periodo de evaluación.</li>
        <li>Incluye apartados fijos, como los logros, la actitud ante el aprendizaje y los objetivos.</li>
        <li>Añade las valoraciones, unas notas breves del docente y cualquier información relevante sobre el alumno.</li>
        <li>Genera un primer borrador y revísalo para comprobar su exactitud, los matices y la protección del alumnado.</li>
      </ul>
      <p>Este enfoque agiliza el proceso sin convertir todos los informes en el mismo párrafo con un nombre distinto al principio.</p>

      <h2>Una reseña de AI Report Writer</h2>
      <p>Según el sitio web público consultado el 6 de abril de 2026, <a href=""https://aireportwriter.app/"" target=""_blank"" rel=""noopener noreferrer"">AI Report Writer</a> parece una herramienta centrada en la elaboración de informes, más que un asistente genérico de redacción con IA. Su principal punto fuerte es el sistema de plantillas: el sitio destaca un creador y un gestor de plantillas, plantillas reutilizables y opciones para compartirlas entre equipos. Son precisamente las funciones que necesitan los centros que buscan coherencia sin perder la voz del docente.</p>
      <p>El sitio también presenta un proceso claro de cuatro pasos: elegir una plantilla, añadir información sobre el alumno, generar un borrador y, por último, revisarlo y exportarlo. La redacción en varios idiomas y el apoyo a los planes de mejora son funciones útiles, especialmente para los centros que se comunican con las familias en más de una lengua. Los precios también se explican con claridad y, en el momento de la consulta, la página de inicio indicaba que cada cuenta recibía 50 créditos gratuitos al mes durante la fase beta.</p>

      <h2>Dónde sigue siendo imprescindible el docente</h2>
      <p>Por buena que sea la plantilla, el docente debe revisar el informe final. La IA puede aportar coherencia y rapidez, pero no debe inventar evidencias, exagerar los avances ni simplificar información importante sobre el bienestar y las circunstancias del alumno. La calidad final sigue dependiendo de las notas, las valoraciones y el criterio profesional que se incorporen al borrador.</p>

      <h2>Una reflexión final</h2>
      <p>La IA funciona mejor al redactar informes cuando sigue una estructura bien pensada. Las plantillas personalizadas la convierten en una herramienta de trabajo fiable. Si quieres ahorrar tiempo sin renunciar a la claridad ni a la personalización, este es un enfoque que merece la pena seguir.</p>","Blog article 6: content (complete article, HTML formatting retained)","data/blogPosts.ts: article 6, content | data/blogPosts.es.ts: article 6, content","Contextual Spanish draft","Source present; runtime Spanish available"
"interface.0081","| Modified for this game","| Modificado para esta partida","Game interface: <p>","components/games/SnakesLaddersGame.tsx:3009 | components/games/SnakesLaddersGame.tsx:3022","Contextual Spanish draft","Source present; runtime Spanish available"
"interface.0082","0 this round","0 en esta ronda","Conditional/dynamic interface text (check the source context)","components/games/LiveQuizLeaderboardStage.tsx:235","Contextual Spanish draft","Source present; runtime Spanish available"
"interface.0083","1. Visit https://theteachersroom.app and create an account. If you already have one, sign in.","1. Visita https://theteachersroom.app y crea una cuenta. Si ya tienes una, inicia sesión.","School administration","pages/SchoolAdmin.tsx:551","Contextual Spanish draft","Source present; runtime Spanish available"
"interface.0084","1. What We Collect","1. Qué datos recogemos","Website interface: <h3>","pages/InfoPages.tsx:767","Contextual Spanish draft","Source present; runtime Spanish available"
"interface.0085","1. Who Can Use the Service","1. Quién puede utilizar el servicio","Website interface: <h3>","pages/InfoPages.tsx:643","Contextual Spanish draft","Source present; runtime Spanish available"
"interface.0086","10 Turns (Long)","10 turnos (larga)","Game interface: <option>","components/games/GameSetup.tsx:382","Contextual Spanish draft","Source present; runtime Spanish available"
"interface.0087","10. Availability, Changes, and Experimental Features","10. Disponibilidad, cambios y funciones experimentales","Website interface: <h3>","pages/InfoPages.tsx:704","Contextual Spanish draft","Source present; runtime Spanish available"
"interface.0088","10. Student Data and School Use","10. Datos del alumnado y uso escolar","Website interface: <h3>","pages/InfoPages.tsx:880","Contextual Spanish draft","Source present; runtime Spanish available"
"interface.0089","100 MB shared school storage","100 MB de almacenamiento compartido para el centro","Help, contact or legal information","pages/InfoPages.tsx:503","Contextual Spanish draft","Source present; runtime Spanish available"
"interface.0090","11. International Transfers","11. Transferencias internacionales","Website interface: <h3>","pages/InfoPages.tsx:884","Contextual Spanish draft","Source present; runtime Spanish available"
"interface.0091","11. Paid Plans (Current or Future)","11. Planes de pago (actuales o futuros)","Website interface: <h3>","pages/InfoPages.tsx:711","Contextual Spanish draft","Source present; runtime Spanish available"
"interface.0092","12. Security","12. Seguridad","Website interface: <h3>","pages/InfoPages.tsx:888","Contextual Spanish draft","Source present; runtime Spanish available"
"interface.0093","12. Suspension and Termination","12. Suspensión y cancelación","Website interface: <h3>","pages/InfoPages.tsx:715","Contextual Spanish draft","Source present; runtime Spanish available"
"interface.0094","13. Children","13. Menores","Website interface: <h3>","pages/InfoPages.tsx:892","Contextual Spanish draft","Source present; runtime Spanish available"
"interface.0095","13. Disclaimers","13. Exención de garantías","Website interface: <h3>","pages/InfoPages.tsx:723","Contextual Spanish draft","Source present; runtime Spanish available"
"interface.0096","14. Changes to This Policy","14. Cambios en esta Política","Website interface: <h3>","pages/InfoPages.tsx:896","Contextual Spanish draft","Source present; runtime Spanish available"
"interface.0097","14. Limitation of Liability","14. Limitación de responsabilidad","Website interface: <h3>","pages/InfoPages.tsx:727","Contextual Spanish draft","Source present; runtime Spanish available"
"interface.0098","15 Questions. 3 Lifelines. One Million Dollars.","15 preguntas. 3 comodines. Un millón de dólares.","Game interface: <p>","components/games/MillionaireGame.tsx:498","Contextual Spanish draft","Source present; runtime Spanish available"
"interface.0099","15 Seconds","15 segundos","Game interface: <option>","components/games/GameSetup.tsx:317","Contextual Spanish draft","Source present; runtime Spanish available"
"interface.0100","15 Turns (Marathon)","15 turnos (maratón)","Game interface: <option>","components/games/GameSetup.tsx:383","Contextual Spanish draft","Source present; runtime Spanish available"
"interface.0101","15. Contact","15. Contacto","Website interface: <h3>","pages/InfoPages.tsx:900","Contextual Spanish draft","Source present; runtime Spanish available"
"interface.0102","15. Indemnity","15. Indemnización","Website interface: <h3>","pages/InfoPages.tsx:731","Contextual Spanish draft","Source present; runtime Spanish available"
"interface.0103","16. Governing Law and Disputes","16. Legislación aplicable y resolución de conflictos","Website interface: <h3>","pages/InfoPages.tsx:735","Contextual Spanish draft","Source present; runtime Spanish available"
"interface.0104","17. Changes to These Terms","17. Cambios en estas Condiciones","Website interface: <h3>","pages/InfoPages.tsx:739","Contextual Spanish draft","Source present; runtime Spanish available"
"interface.0105","18. Contact","18. Contacto","Website interface: <h3>","pages/InfoPages.tsx:743","Contextual Spanish draft","Source present; runtime Spanish available"
"interface.0106","2 Minutes (Marathon)","2 minutos (maratón)","Game interface: <option>","components/games/GameSetup.tsx:285","Contextual Spanish draft","Source present; runtime Spanish available"
"interface.0107","2 Options","2 opciones","Game interface: <option>","components/games/GameConfigurator.tsx:361","Contextual Spanish draft","Source present; runtime Spanish available"
"interface.0108","2. Accounts and Security","2. Cuentas y seguridad","Website interface: <h3>","pages/InfoPages.tsx:650","Contextual Spanish draft","Source present; runtime Spanish available"
"interface.0109","2. How We Use Data","2. Cómo usamos los datos","Website interface: <h3>","pages/InfoPages.tsx:793","Contextual Spanish draft","Source present; runtime Spanish available"
"interface.0110","2. Use this email address: {messageEmail}","2. Utiliza esta dirección de correo: {messageEmail}","School administration","pages/SchoolAdmin.tsx:552","Contextual Spanish draft","Source present; runtime Spanish available"
"interface.0111","3 Options","3 opciones","Game interface: <option>","components/games/GameConfigurator.tsx:362","Contextual Spanish draft","Source present; runtime Spanish available"
"interface.0112","3 Turns (Short)","3 turnos (corta)","Game interface: <option>","components/games/GameSetup.tsx:380","Contextual Spanish draft","Source present; runtime Spanish available"
"interface.0113","3. Ask your school admin for the school code, then enter it in My Profile.","3. Pide el código del centro a quien lo administra e introdúcelo en Mi perfil.","School administration","pages/SchoolAdmin.tsx:553","Contextual Spanish draft","Source present; runtime Spanish available"
"interface.0114","3. Enter our school code during sign up, or in My Profile: {schoolCode}","3. Introduce el código de nuestro centro al registrarte o en Mi perfil: {schoolCode}","School administration","pages/SchoolAdmin.tsx:553","Contextual Spanish draft","Source present; runtime Spanish available"
"interface.0115","3. Legal Bases (Where Applicable)","3. Bases jurídicas (cuando sean aplicables)","Website interface: <h3>","pages/InfoPages.tsx:804","Contextual Spanish draft","Source present; runtime Spanish available"
"interface.0116","3. What the Service Does","3. Qué ofrece el servicio","Website interface: <h3>","pages/InfoPages.tsx:658","Contextual Spanish draft","Source present; runtime Spanish available"
"interface.0117","30 Seconds","30 segundos","Game interface: <option>","components/games/GameSetup.tsx:318","Contextual Spanish draft","Source present; runtime Spanish available"
"interface.0118","30 Seconds (Blitz)","30 segundos (rápida)","Game interface: <option>","components/games/GameSetup.tsx:281","Contextual Spanish draft","Source present; runtime Spanish available"
"interface.0119","301 (Double Out)","301 (cierre con doble)","Game interface: <option>","components/games/GameSetup.tsx:367","Contextual Spanish draft","Source present; runtime Spanish available"
"interface.0120","301 Mode","Modo 301","Conditional/dynamic interface text (check the source context)","components/games/DartsGame.tsx:1101","Contextual Spanish draft","Source present; runtime Spanish available"
"interface.0121","3D illustration based on the Jeopardy game board.","Ilustración 3D basada en el tablero de Jeopardy.","Website interface: <figcaption>","pages/JeopardyPage.tsx:38","Contextual Spanish draft","Source present; runtime Spanish available"
"interface.0122","3D illustration based on the real","Ilustración 3D basada en la pantalla real de","Game interface: <figcaption>","data/i18n/spanish-spain.json","Contextual Spanish draft","Retained vocabulary / fallback wording"
"interface.0123","3D illustration based on the real {game} game.","Ilustración en 3D basada en el juego real de {game}.","Game controls, settings or feedback","components/games/shared/GameTypeLandingPage.tsx:44","Contextual Spanish draft","Source present; runtime Spanish available"
"interface.0124","3D illustration based on the real Live Quiz screen.","Ilustración 3D basada en la pantalla real de Live Quiz.","Website interface: <figcaption>","pages/LiveQuizPage.tsx:38","Contextual Spanish draft","Source present; runtime Spanish available"
"interface.0125","3D illustration based on the real Pub Quiz screen.","Ilustración 3D basada en la pantalla real de Pub Quiz.","Website interface: <figcaption>","pages/PubQuizPage.tsx:38","Contextual Spanish draft","Source present; runtime Spanish available"
"interface.0126","3D illustration based on the real Survey Showdown screen.","Ilustración 3D basada en la pantalla real de Survey Showdown.","Website interface: <figcaption>","pages/SurveyShowdownPage.tsx:38","Contextual Spanish draft","Source present; runtime Spanish available"
"interface.0127","3D illustration based on the Trivia game board.","Ilustración 3D basada en el tablero de Trivia.","Website interface: <figcaption>","pages/TriviaPage.tsx:38","Contextual Spanish draft","Source present; runtime Spanish available"
"interface.0128","3D illustration inspired by the Blockbeaters game grid.","Ilustración 3D inspirada en la cuadrícula de Blockbeaters.","Website interface: <figcaption>","pages/BlockBeatersPage.tsx:38","Contextual Spanish draft","Source present; runtime Spanish available"
"interface.0129","3D illustration inspired by the Time Bomb game artwork.","Ilustración 3D inspirada en el diseño de Time Bomb.","Website interface: <figcaption>","pages/TimeBombPage.tsx:38","Contextual Spanish draft","Source present; runtime Spanish available"
"interface.0130","3D illustration inspired by the Wordwheel game.","Ilustración 3D inspirada en el juego Wordwheel.","Website interface: <figcaption>","pages/WordWheelPage.tsx:38","Contextual Spanish draft","Source present; runtime Spanish available"
"interface.0131","3D illustration of the Time Bomb bursting apart in a splash of yellow slime","Ilustración 3D de la bomba de Time Bomb explotando entre salpicaduras de líquido amarillo","Visible/accessibility attribute: alt","pages/TimeBombPage.tsx:37","Contextual Spanish draft","Source present; runtime Spanish available"
"interface.0132","3D room","Sala 3D","Game interface: <span>","components/games/SnakesLaddersGame.tsx:3007","Contextual Spanish draft","Source present; runtime Spanish available"
"interface.0133","4 Options","4 opciones","Game interface: <option>","components/games/GameConfigurator.tsx:363","Contextual Spanish draft","Source present; runtime Spanish available"
"interface.0134","4. Acceptable Use (Please Do Not Be a Villain)","4. Uso aceptable (por favor, actúa con responsabilidad)","Website interface: <h3>","pages/InfoPages.tsx:662","Contextual Spanish draft","Source present; runtime Spanish available"
"interface.0135","4. AI Providers and Data Handling","4. Proveedores de IA y tratamiento de datos","Website interface: <h3>","pages/InfoPages.tsx:814","Contextual Spanish draft","Source present; runtime Spanish available"
"interface.0136","4. Your school access will be pending until a school admin approves your request.","4. Tu acceso al centro quedará pendiente hasta que un administrador apruebe tu solicitud.","School administration","pages/SchoolAdmin.tsx:554","Contextual Spanish draft","Source present; runtime Spanish available"
"interface.0137","45 Seconds (Fast)","45 segundos (ágil)","Game interface: <option>","components/games/GameSetup.tsx:282","Contextual Spanish draft","Source present; runtime Spanish available"
"interface.0138","5 Turns (Standard)","5 turnos (estándar)","Game interface: <option>","components/games/GameSetup.tsx:381","Contextual Spanish draft","Source present; runtime Spanish available"
"interface.0139","5 Ways to Gamify History Lessons","5 formas de gamificar las clases de Historia","Blog article 2: title","data/blogPosts.ts: article 2, title | data/blogPosts.es.ts: article 2, title","Contextual Spanish draft","Source present; runtime Spanish available"
"interface.0140","5. Where Data Is Stored","5. Dónde se almacenan los datos","Website interface: <h3>","pages/InfoPages.tsx:828","Contextual Spanish draft","Source present; runtime Spanish available"
"interface.0141","5. Your Content and Permissions","5. Tu contenido y los permisos","Website interface: <h3>","pages/InfoPages.tsx:673","Contextual Spanish draft","Source present; runtime Spanish available"
"interface.0142","6. AI Outputs and Teacher Responsibility","6. Resultados de la IA y responsabilidad del profesorado","Website interface: <h3>","pages/InfoPages.tsx:681","Contextual Spanish draft","Source present; runtime Spanish available"
"interface.0143","6. How Long We Keep Data","6. Cuánto tiempo conservamos los datos","Website interface: <h3>","pages/InfoPages.tsx:838","Contextual Spanish draft","Source present; runtime Spanish available"
"interface.0144","60 Seconds","60 segundos","Game interface: <option>","components/games/GameSetup.tsx:319","Contextual Spanish draft","Source present; runtime Spanish available"
"interface.0145","60 Seconds (Standard)","60 segundos (estándar)","Game interface: <option>","components/games/GameSetup.tsx:283","Contextual Spanish draft","Source present; runtime Spanish available"
"interface.0146","7. Data Sharing","7. Comunicación de datos","Website interface: <h3>","pages/InfoPages.tsx:850","Contextual Spanish draft","Source present; runtime Spanish available"
"interface.0147","7. Third-Party Services","7. Servicios de terceros","Website interface: <h3>","pages/InfoPages.tsx:689","Contextual Spanish draft","Source present; runtime Spanish available"
"interface.0148","8. Cookies and Similar Technologies","8. Cookies y tecnologías similares","Website interface: <h3>","pages/InfoPages.tsx:861","Contextual Spanish draft","Source present; runtime Spanish available"
"interface.0149","8. Intellectual Property","8. Propiedad intelectual","Website interface: <h3>","pages/InfoPages.tsx:693","Contextual Spanish draft","Source present; runtime Spanish available"
"interface.0150","9. Community Content Moderation","9. Moderación del contenido de la comunidad","Website interface: <h3>","pages/InfoPages.tsx:700","Contextual Spanish draft","Source present; runtime Spanish available"
"interface.0151","9. Your Rights and Choices","9. Tus derechos y opciones","Website interface: <h3>","pages/InfoPages.tsx:870","Contextual Spanish draft","Source present; runtime Spanish available"
"interface.0152","90 Seconds (Long)","90 segundos (larga)","Game interface: <option>","components/games/GameSetup.tsx:284","Contextual Spanish draft","Source present; runtime Spanish available"
"interface.0153","A balanced look at rain-alert closures, learning at home and how schools can keep students on track.","Una mirada equilibrada a los cierres por alertas de lluvia, las clases desde casa y cómo ayudar al alumnado a seguir avanzando.","Blog article 7: subtitle","data/blogPosts.ts: article 7, subtitle | data/blogPosts.es.ts: article 7, subtitle","Contextual Spanish draft","Source present; runtime Spanish available"
"interface.0154","A correct answer earns points and marks the letter as solved. Stuck on a clue? Use a hint to uncover some letters, or pass and come back to it later.","Una respuesta correcta suma puntos y marca la letra como resuelta. ¿Una pista se te resiste? Usa una ayuda para descubrir algunas letras, o pasa y vuelve a intentarlo más tarde.","Website interface: <Screenshot>","pages/WordWheelPage.tsx:54","Contextual Spanish draft","Source present; runtime Spanish available"
"interface.0155","A favourite topic or a bigger challenge? With Jeopardy, your students choose a category and a point value, then put their heads together to earn points for their team.","¿Un tema conocido o un reto mayor? En Jeopardy, el alumnado elige una categoría y una puntuación, y después trabaja en equipo para ganar puntos.","Website interface: <p>","pages/JeopardyPage.tsx:32","Contextual Spanish draft","Source present; runtime Spanish available"
"interface.0156","A good answer, a lucky roll and perhaps a ladder when you need it. Bring your lesson questions onto the board and enjoy the journey with your class.","Una buena respuesta, una tirada afortunada y quizá una escalera cuando la necesitas. Lleva las preguntas de tu clase al tablero y disfrutad juntos del recorrido.","Game format information","pages/SnakesAndLaddersPage.tsx:8","Contextual Spanish draft","Source present; runtime Spanish available"
"interface.0157","A guess that does not match brings up the red X and earns a strike. The turn passes to the next team; three strikes put a team out for the rest of the round.","Una respuesta que no coincide muestra una X roja y suma un fallo. El turno pasa al siguiente equipo; con tres fallos, un equipo queda eliminado hasta el final de la ronda.","Website interface: <Screenshot>","pages/SurveyShowdownPage.tsx:54","Contextual Spanish draft","Source present; runtime Spanish available"
"interface.0158","A letter, a clue and a little teamwork. Take your students around the alphabet as they work out the answers, collect points and see how much of the wheel they can complete.","Una letra, una pista y un poco de trabajo en equipo. Recorre el abecedario con tu clase mientras resolvéis respuestas, sumáis puntos y completáis el rosco.","Website interface: <p>","pages/WordWheelPage.tsx:32","Contextual Spanish draft","Source present; runtime Spanish available"
"interface.0159","A little celebration.","Una pequeña celebración.","Interface definition: ""title""","pages/StopTheFirePage.tsx:28","Contextual Spanish draft","Source present; runtime Spanish available"
"interface.0160","A little help when you need it.","Una ayuda cuando la necesitas.","Interface definition: ""title""","pages/MillionaireMakerPage.tsx:22","Contextual Spanish draft","Source present; runtime Spanish available"
"interface.0161","A little knowledge, a little strategy and a race across the board. In Blockbeaters, your students answer questions to claim hexagons and build a path before the other team gets there.","Un poco de conocimiento, algo de estrategia y una carrera por el tablero. En Blockbeaters, el alumnado responde preguntas para conquistar hexágonos y formar un camino antes que el otro equipo.","Website interface: <p>","pages/BlockBeatersPage.tsx:32","Contextual Spanish draft","Source present; runtime Spanish available"
"interface.0162","a nickname, first name, or team label, avatar choice, answers, scores, response times, and quiz participation timestamps.","un apodo, nombre o nombre de equipo, el avatar elegido, las respuestas, las puntuaciones, los tiempos de respuesta y las fechas y horas de participación en el cuestionario.","Website interface: <li>","pages/InfoPages.tsx:786","Contextual Spanish draft","Source present; runtime Spanish available"
"interface.0163","A question appears after you choose a target. Let the team talk it through, check the answer and mark the shot as a hit or a miss.","Aparece una pregunta al elegir un objetivo. Deja que el equipo la comente, comprueba la respuesta y marca el lanzamiento como acierto o fallo.","Interface definition: ""text""","pages/DartsChallengePage.tsx:24","Contextual Spanish draft","Source present; runtime Spanish available"
"interface.0164","A question before you move.","Una pregunta antes de avanzar.","Interface definition: ""title""","pages/SnakesAndLaddersPage.tsx:22","Contextual Spanish draft","Source present; runtime Spanish available"
"interface.0165","A question for everyone.","Una pregunta para todos.","Visible/accessibility attribute: title","pages/LiveQuizPage.tsx:50","Contextual Spanish draft","Source present; runtime Spanish available"
"interface.0166","A real-game dartboard with raised scoring rings and darts projecting towards the viewer","Diana real del juego con anillos de puntuación y dardos destacados en 3D","Game format information","pages/DartsChallengePage.tsx:10","Contextual Spanish draft","Source present; runtime Spanish available"
"interface.0167","A school is normally responsible for deciding why student and staff information is used. When we process that information on the school's instructions, we act as its processor under a data-processing agreement. Schools must provide their own required notices and establish an appropriate legal basis. Teachers should ask participants to use a first name, nickname, or team name and must not upload unnecessary or sensitive student information.","Normalmente, el centro educativo es responsable de decidir para qué se utiliza la información del alumnado y del personal. Cuando tratamos esa información siguiendo las instrucciones del centro, actuamos como encargado del tratamiento conforme a un acuerdo de tratamiento de datos. Los centros deben facilitar la información exigida y establecer una base jurídica adecuada. El profesorado debe pedir a los participantes que usen un nombre, apodo o nombre de equipo y no debe subir información del alumnado que sea innecesaria o sensible.","Website interface: <p>","pages/InfoPages.tsx:882","Contextual Spanish draft","Source present; runtime Spanish available"
"interface.0168","A simple question can start a useful conversation. Ask students to explain why one answer fits and why the other three do not.","Una pregunta sencilla puede iniciar una conversación útil. Pide al alumnado que explique por qué una opción encaja y las otras tres no.","Game format information","pages/MillionaireMakerPage.tsx:12","Contextual Spanish draft","Source present; runtime Spanish available"
"interface.0169","A surprising answer can be the start of a useful discussion. Pause between rounds to hear students’ reasoning before you carry on.","Una respuesta inesperada puede dar pie a un debate útil. Haz una pausa entre rondas para escuchar los razonamientos del alumnado antes de continuar.","Website interface: <dd>","pages/LiveQuizPage.tsx:75","Contextual Spanish draft","Source present; runtime Spanish available"
"interface.0170","A useful brief","Una descripción útil","Website interface: <h4>","pages/InfoPages.tsx:365","Contextual Spanish draft","Source present; runtime Spanish available"
"interface.0171","A useful brief tells the tool who the game is for and what it should cover:","Una descripción útil indica a la herramienta para quién es el juego y qué debe incluir:","Website interface: <p>","pages/InfoPages.tsx:346","Contextual Spanish draft","Source present; runtime Spanish available"
"interface.0172","A wrong answer takes ten seconds off the clock. When time runs out, the team holding the bomb loses a life. Take a breath, then get ready for the next round!","Una respuesta incorrecta resta diez segundos al reloj. Cuando se agota el tiempo, el equipo que tiene la bomba pierde una vida. ¡Respira y prepárate para la siguiente ronda!","Website interface: <Screenshot>","pages/TimeBombPage.tsx:54","Contextual Spanish draft","Source present; runtime Spanish available"
"interface.0173","A-Z (Title)","A-Z (título)","Website interface: <option>","pages/Games.tsx:1055 | pages/Games.tsx:1517","Contextual Spanish draft","Source present; runtime Spanish available"
"interface.0174","Abandon Mission?","¿Abandonar la misión?","Game interface: <h2>","components/games/TimeBombGame.tsx:2284","Contextual Spanish draft","Source present; runtime Spanish available"
"interface.0175","Absolutely. You can edit questions, answers, options, images, rounds, activity settings, layout, and design elements before class use.","Por supuesto. Antes de utilizarlo en clase, puedes editar las preguntas, las respuestas, las opciones, las imágenes, las rondas, los ajustes de la actividad, la distribución y los elementos de diseño.","Help, contact or legal information","pages/InfoPages.tsx:83","Contextual Spanish draft","Source present; runtime Spanish available"
"interface.0176","Accepted formats:","Formatos admitidos:","Game interface: <p>","components/games/GameConfigurator.tsx:1690","Contextual Spanish draft","Source present; runtime Spanish available"
"interface.0177","Accepted Variants (comma separated)","Variantes aceptadas (separadas por comas)","Game interface: <label>","components/games/GameEditor.tsx:1596","Contextual Spanish draft","Source present; runtime Spanish available"
"interface.0178","Access & invites","Acceso e invitaciones","Interface definition: label","pages/SchoolAdmin.tsx:611","Contextual Spanish draft","Source present; runtime Spanish available"
"interface.0179","Access Restricted","Acceso restringido","Website interface: <div>","pages/SchoolAdmin.tsx:601","Contextual Spanish draft","Source present; runtime Spanish available"
"interface.0180","Account and saved content are kept while your account remains active, unless deleted earlier.","Los datos de tu cuenta y el contenido guardado se conservan mientras tu cuenta esté activa, salvo que se eliminen antes.","Website interface: <li>","pages/InfoPages.tsx:840","Contextual Spanish draft","Source present; runtime Spanish available"
"interface.0181","Account creation and teacher tools are intended for adults aged 18 or over. Students, including children, may use a teacher-started live quiz without creating an account. The join screen asks students to use a first name, nickname, or team name and explains what the class can see and that quiz participation records are removed after they reach 24 hours old. Schools and teachers remain responsible for providing any additional notice required for their educational use. If a child has created an account or unnecessary personal information has been submitted, contact us so it can be reviewed and removed.","La creación de cuentas y las herramientas para docentes están destinadas a personas mayores de 18 años. El alumnado, incluidos los menores, puede participar en un Live Quiz iniciado por un docente sin crear una cuenta. La pantalla de acceso pide que se use un nombre, apodo o nombre de equipo y explica qué puede ver la clase y que los registros de participación se eliminan una vez transcurridas 24 horas. Los centros y el profesorado son responsables de facilitar cualquier información adicional exigida para su uso educativo. Si un menor ha creado una cuenta o se han enviado datos personales innecesarios, contacta con nosotros para que podamos revisarlos y eliminarlos.","Website interface: <p>","pages/InfoPages.tsx:894","Contextual Spanish draft","Source present; runtime Spanish available"
"interface.0182","Account data:","Datos de la cuenta:","Website interface: <strong>","pages/InfoPages.tsx:770","Contextual Spanish draft","Source present; runtime Spanish available"
"interface.0183","Actions","Acciones","Website interface: <button> | Website interface: <th>","pages/SchoolAdmin.tsx:761 | pages/SchoolAdmin.tsx:794 | pages/SchoolAdmin.tsx:840","Contextual Spanish draft","Source present; runtime Spanish available"
"interface.0184","Actions for {teacher.fullName}","Acciones para {teacher.fullName}","Conditional/dynamic interface text (check the source context)","pages/SchoolAdmin.tsx:758 | pages/SchoolAdmin.tsx:837","Contextual Spanish draft","Source present; runtime Spanish available"
"interface.0185","Activate Teacher Plan","Activar el plan Docente","Conditional/dynamic interface text (check the source context) | Website interface: <button>","components/PlanUpgradeModal.tsx:43 | pages/ChangePlan.tsx:393 | pages/InfoPages.tsx:494","Contextual Spanish draft","Source present; runtime Spanish available"
"interface.0186","Active","Activo","Website interface: <option> | Website interface: <p>","pages/SchoolAdmin.tsx:712 | pages/SchoolAdmin.tsx:868","Contextual Spanish draft","Source present; runtime Spanish available"
"interface.0187","Active teachers","Docentes activos","Website interface: <dt>","pages/SchoolAdmin.tsx:634","Contextual Spanish draft","Source present; runtime Spanish available"
"interface.0188","Active team","Equipo activo","Game interface: <span>","components/games/SnakesLaddersGame.tsx:2363","Contextual Spanish draft","Source present; runtime Spanish available"
"interface.0189","Activity","Actividad","Website interface: <th>","pages/SchoolAdmin.tsx:793","Contextual Spanish draft","Source present; runtime Spanish available"
"interface.0190","Activity and access for your school’s teachers.","Actividad y acceso del profesorado de tu centro.","Website interface: <p>","pages/SchoolAdmin.tsx:703","Contextual Spanish draft","Source present; runtime Spanish available"
"interface.0191","Actual statistics","Estadísticas reales","Game interface: <span>","components/games/GameConfigurator.tsx:1186","Contextual Spanish draft","Source present; runtime Spanish available"
"interface.0192","Adapt activities for different levels, ages, and class lengths.","Adapta las actividades a distintos niveles, edades y duraciones de clase.","Footer landing page: public information for teachers","pages/SeoLandingPages.tsx:66","Contextual Spanish draft","Source present; runtime Spanish available"
"interface.0193","Add a few surprises","Añade algunas sorpresas","Website interface: <dt>","pages/JeopardyPage.tsx:67 | pages/TriviaPage.tsx:67","Contextual Spanish draft","Source present; runtime Spanish available"
"interface.0194","Add a little number talk","Añade un poco de cálculo","Game format information","pages/DartsChallengePage.tsx:57","Contextual Spanish draft","Source present; runtime Spanish available"
"interface.0195","Add a little strategy","Añade un poco de estrategia","Website interface: <dt>","pages/BlockBeatersPage.tsx:67","Contextual Spanish draft","Source present; runtime Spanish available"
"interface.0196","Add a timer for a lively challenge, or leave it off and give everyone time to think. You can pause the timer while you talk through an idea.","Activa un temporizador para darle emoción al reto, o desactívalo para que todos puedan pensar con calma. Puedes pausarlo mientras comentáis una idea.","Website interface: <dd>","pages/WordWheelPage.tsx:66","Contextual Spanish draft","Source present; runtime Spanish available"
"interface.0197","Add and edit your content before playing.","Añade y edita tu contenido antes de jugar.","Conditional/dynamic interface text (check the source context)","components/games/GameConfigurator.tsx:1975","Contextual Spanish draft","Source present; runtime Spanish available"
"interface.0198","Add initial school details to switch to School Plan.","Añade los datos iniciales del centro para cambiar al plan Centro.","Conditional/dynamic interface text (check the source context)","pages/ChangePlan.tsx:459","Contextual Spanish draft","Source present; runtime Spanish available"
"interface.0199","Add multiple categories","Añadir varias categorías","Game interface: <label>","components/games/GameConfigurator.tsx:1030 | components/games/GameEditor.tsx:923","Contextual Spanish draft","Source present; runtime Spanish available"
"interface.0200","Add question","Añadir pregunta","Game interface: <button>","components/games/GameEditor.tsx:1708","Contextual Spanish draft","Source present; runtime Spanish available"
"interface.0201","Add source material","Añadir material de referencia","Visible/accessibility attribute: title","components/games/GameConfigurator.tsx:1823","Contextual Spanish draft","Source present; runtime Spanish available"
"interface.0202","Add Spots","Añadir plazas","Website interface: <button>","pages/SchoolAdmin.tsx:897","Contextual Spanish draft","Source present; runtime Spanish available"
"interface.0203","Add the basics for your school account. You can adjust the rest later.","Añade los datos básicos de la cuenta de tu centro. Podrás ajustar el resto más adelante.","Conditional/dynamic interface text (check the source context)","pages/ChangePlan.tsx:458","Contextual Spanish draft","Source present; runtime Spanish available"
"interface.0204","Add Time","Añadir tiempo","Game interface: <button>","components/games/StopTheFireGame.tsx:1457","Contextual Spanish draft","Source present; runtime Spanish available"
"interface.0205","Add to Bank","Añadir al banco","Game interface: <button>","components/games/GameConfigurator.tsx:1058 | components/games/GameEditor.tsx:950","Contextual Spanish draft","Source present; runtime Spanish available"
"interface.0206","Add your own questions or ask AI to draft a set. Mix ideas from a unit, focus on one skill or bring several subjects into the same game.","Añade tus preguntas o pide a la IA que prepare un conjunto. Mezcla ideas de una unidad, céntrate en una destreza o combina varias asignaturas.","Game format information","pages/SnakesAndLaddersPage.tsx:36","Contextual Spanish draft","Source present; runtime Spanish available"
"interface.0207","Admin","Administrador","Account and profile","pages/Profile.tsx:66","Contextual Spanish draft","Source present; runtime Spanish available"
"interface.0208","After termination, some data may remain in backups or where legally required.","Tras la cancelación, algunos datos pueden permanecer en copias de seguridad o cuando lo exija la ley.","Website interface: <li>","pages/InfoPages.tsx:719","Contextual Spanish draft","Source present; runtime Spanish available"
"interface.0209","age + level (for example, ""A2 teens"").","edad y nivel (por ejemplo, «adolescentes de nivel A2»).","Website interface: <li>","pages/InfoPages.tsx:348","Contextual Spanish draft","Source present; runtime Spanish available"
"interface.0210","AI","IA","Website interface: <div> | Website interface: <strong>","pages/Games.tsx:1131 | pages/Games.tsx:1650 | pages/InfoPages.tsx:304","Contextual Spanish draft","Source present; runtime Spanish available"
"interface.0211","AI Assistant","Asistente de IA","Game interface: <h3> | Website interface: <strong>","components/games/AiAssistantChat.tsx:228 | pages/InfoPages.tsx:303","Contextual Spanish draft","Source present; runtime Spanish available"
"interface.0212","AI assisted","Con ayuda de IA","Conditional/dynamic interface text (check the source context)","components/games/GameConfigurator.tsx:1950","Contextual Spanish draft","Source present; runtime Spanish available"
"interface.0213","AI can be impressive and occasionally confidently wrong. Please review all generated content before classroom use.","La IA puede resultar impresionante y, en ocasiones, equivocarse con total seguridad. Revisa todo el contenido generado antes de usarlo en clase.","Website interface: <li>","pages/InfoPages.tsx:683","Contextual Spanish draft","Source present; runtime Spanish available"
"interface.0214","AI Classroom Games Hub","Centro de juegos de aula con IA","Website interface: <h1>","pages/Games.tsx:1912","Contextual Spanish draft","Source present; runtime Spanish available"
"interface.0215","AI Decide (Mixed)","La IA decide (mixto)","Game interface: <option>","components/games/GameConfigurator.tsx:1145 | components/games/GameConfigurator.tsx:1347 | components/games/GameConfigurator.tsx:1391 | components/games/GameConfigurator.tsx:1457 | components/games/GameConfigurator.tsx:1522 | components/games/GameConfigurator.tsx:1557","Contextual Spanish draft","Source present; runtime Spanish available"
"interface.0216","AI Decides (Mixed)","La IA decide (mixto)","Game interface: <option>","components/games/GameConfigurator.tsx:1627","Contextual Spanish draft","Source present; runtime Spanish available"
"interface.0217","AI game credits for each teacher account","Créditos para crear juegos con IA en cada cuenta docente","Account and profile","pages/ChangePlan.tsx:39 | pages/InfoPages.tsx:503","Contextual Spanish draft","Source present; runtime Spanish available"
"interface.0218","AI game credits for one teacher account. Free during early access.","Créditos de juegos con IA para una cuenta docente. Gratis durante el acceso anticipado.","Website interface: <p>","components/PlanUpgradeModal.tsx:53","Contextual Spanish draft","Source present; runtime Spanish available"
"interface.0219","AI Generated","Generado con IA","Website interface: <option> | Visible/accessibility attribute: title","pages/Games.tsx:1027 | pages/Games.tsx:1130 | pages/Games.tsx:1488 | pages/Games.tsx:1649","Contextual Spanish draft","Source present; runtime Spanish available"
"interface.0220","AI Generation Info","Información de generación con IA","Game interface: <h2>","components/games/GameEditor.tsx:1735","Contextual Spanish draft","Source present; runtime Spanish available"
"interface.0221","AI generation requests are processed through the selected provider: Google Gemini API or OpenAI API.","Las solicitudes de generación con IA se procesan a través del proveedor seleccionado: Google Gemini API u OpenAI API.","Website interface: <li>","pages/InfoPages.tsx:831","Contextual Spanish draft","Source present; runtime Spanish available"
"interface.0222","AI generation usage records used for security, quota management, and cost control are kept for no more than 12 months.","Los registros de uso de generación con IA destinados a seguridad, gestión de cuotas y control de costes se conservan durante un máximo de 12 meses.","Website interface: <li>","pages/InfoPages.tsx:842","Contextual Spanish draft","Source present; runtime Spanish available"
"interface.0223","AI generations","Creaciones con IA","Account and profile","pages/Profile.tsx:440 | pages/SchoolAdmin.tsx:436","Contextual Spanish draft","Source present; runtime Spanish available"
"interface.0224","AI in the Classroom: Friend or Foe?","La IA en el aula: ¿aliada o enemiga?","Blog article 1: title","data/blogPosts.ts: article 1, title | data/blogPosts.es.ts: article 1, title","Contextual Spanish draft","Source present; runtime Spanish available"
"interface.0225","AI Prompt","Instrucciones para la IA","Game interface: <div>","components/games/GamePreview.tsx:721","Contextual Spanish draft","Source present; runtime Spanish available"
"interface.0226","AI Word Bank","Banco de palabras de IA","Game interface: <h3>","components/games/GameConfigurator.tsx:1103","Contextual Spanish draft","Source present; runtime Spanish available"
"interface.0227","Aim at bullseye","Apuntar a la diana","Visible/accessibility attribute: aria-label","components/games/DartsGame.tsx:1155","Contextual Spanish draft","Source present; runtime Spanish available"
"interface.0228","All Community","Toda la comunidad","Website interface: <option>","pages/Games.tsx:1530","Contextual Spanish draft","Source present; runtime Spanish available"
"interface.0229","All letters use starts with","Todas las letras usan «empieza por»","Conditional/dynamic interface text (check the source context)","components/games/GameConfigurator.tsx:1270","Contextual Spanish draft","Source present; runtime Spanish available"
"interface.0230","All letters use starts with.","Todas las letras usan «empieza por».","Conditional/dynamic interface text (check the source context)","components/games/GameSetup.tsx:468","Contextual Spanish draft","Source present; runtime Spanish available"
"interface.0231","All participants","Todos los participantes","Website interface: <h2>","pages/LiveQuizStudent.tsx:478","Contextual Spanish draft","Source present; runtime Spanish available"
"interface.0232","All results loaded","Todos los resultados cargados","Website interface: <span>","components/shared/StockImagePicker.tsx:333","Contextual Spanish draft","Source present; runtime Spanish available"
"interface.0233","All Sources","Todas las fuentes","Website interface: <option>","pages/Games.tsx:1026 | pages/Games.tsx:1487","Contextual Spanish draft","Source present; runtime Spanish available"
"interface.0234","All statuses","Todos los estados","Website interface: <option>","pages/SchoolAdmin.tsx:711","Contextual Spanish draft","Source present; runtime Spanish available"
"interface.0235","All Types","Todos los tipos","Website interface: <option>","pages/Games.tsx:1010 | pages/Games.tsx:1471","Contextual Spanish draft","Source present; runtime Spanish available"
"interface.0236","Already have an account?","¿Ya tienes una cuenta?","Conditional/dynamic interface text (check the source context)","components/LoginModal.tsx:390","Contextual Spanish draft","Source present; runtime Spanish available"
"interface.0237","Alternative {index + 1}","Alternativa {index + 1}","Conditional/dynamic interface text (check the source context)","components/games/AiAssistantChat.tsx:277","Contextual Spanish draft","Source present; runtime Spanish available"
"interface.0238","An A could be an astronomer, a C could be a circle and an H could be a habitat. Build a wheel around what you teach, or mix topics for a little of everything.","Una A puede ser «astrónomo», una C, «círculo», y una H, «hábitat». Crea un rosco sobre lo que enseñas, o mezcla temas para incluir un poco de todo.","Website interface: <p>","pages/WordWheelPage.tsx:51","Contextual Spanish draft","Source present; runtime Spanish available"
"interface.0239","and add them manually in the editor.","y añádelos manualmente en el editor.","Website interface: <li>","pages/InfoPages.tsx:308","Contextual Spanish draft","Source present; runtime Spanish available"
"interface.0240","and pick a mode: Snakes & Ladders, Trivia, Jeopardy, Pub Quiz, Darts, Millionaire, Time Bomb, Survey Showdown, Stop the Fire, Word Wheel, or Live Quiz Challenge.","y elige un modo: Snakes & Ladders, Trivia, Jeopardy, Pub Quiz, Darts, Millionaire, Time Bomb, Survey Showdown, Stop the Fire, Word Wheel o Live Quiz.","Website interface: <li>","pages/InfoPages.tsx:302","Contextual Spanish draft","Source present; runtime Spanish available"
"interface.0241","and related marks may not be used in ways that suggest endorsement without permission.","y las marcas relacionadas no pueden utilizarse de forma que sugieran un respaldo sin autorización.","Website interface: <li>","pages/InfoPages.tsx:697","Contextual Spanish draft","Source present; runtime Spanish available"
"interface.0242","Another Adventure","Otra aventura","Interface definition: title","components/games/SnakesLaddersGame.tsx:348","Contextual Spanish draft","Source present; runtime Spanish available"
"interface.0243","Answer","Respuesta","Interface label only; never translate the actual answer.","components/games/BlockBeatersGame.tsx:225 | components/games/BlockBeatersGame.tsx:1599 | components/games/DartsGame.tsx:1500 | components/games/GameEditor.tsx:1193 | components/games/GameEditor.tsx:1493 | components/games/GameEditor.tsx:1545 | components/games/JeopardyGame.tsx:1182 | components/games/PubQuizGame.tsx:1125 | components/games/SnakesLaddersGame.tsx:2872 | components/games/TimeBombGame.tsx:2131 | components/games/TriviaGame.tsx:1217 | components/games/WordWheelGame.tsx:1201 | data/i18n/interface.json: game.answer","Contextual Spanish draft","Source present; runtime Spanish available"
"interface.0244","ANSWER","RESPUESTA","Game interface: <p>","components/games/GamePreview.tsx:403","Contextual Spanish draft","Source present; runtime Spanish available"
"interface.0245","Answer choices","Opciones de respuesta","Game interface: <span>","components/games/GameEditor.tsx:1452","Contextual Spanish draft","Source present; runtime Spanish available"
"interface.0246","Answer correctly to move.","Responde correctamente para avanzar.","Game interface: <p>","components/games/SnakesLaddersGame.tsx:2546","Contextual Spanish draft","Source present; runtime Spanish available"
"interface.0247","Answer Format","Formato de respuesta","Game interface: <label>","components/games/GameConfigurator.tsx:1261","Contextual Spanish draft","Source present; runtime Spanish available"
"interface.0248","Answer hidden. This clue stays in play.","Respuesta oculta. Esta pista sigue en juego.","Game interface: <p>","components/games/WordWheelGame.tsx:1644","Contextual Spanish draft","Source present; runtime Spanish available"
"interface.0249","Answer options","Opciones de respuesta","Game interface: <legend>","components/games/GameWorkspace.tsx:90","Contextual Spanish draft","Source present; runtime Spanish available"
"interface.0250","Answer the question to claim it","Responde a la pregunta para conquistarla","Game interface: <div>","components/games/BlockBeatersGame.tsx:1354","Contextual Spanish draft","Source present; runtime Spanish available"
"interface.0251","Answer the question to earn your move. Use the moment to compare ideas, explain an answer or revisit something your class found tricky.","Responde a la pregunta para poder avanzar. Aprovecha para comparar ideas, explicar una respuesta o repasar algo que le haya costado a la clase.","Interface definition: ""text""","pages/SnakesAndLaddersPage.tsx:24","Contextual Spanish draft","Source present; runtime Spanish available"
"interface.0252","Answer timer","Tiempo para responder","Visible/accessibility attribute: aria-label","components/games/GameSetup.tsx:312","Contextual Spanish draft","Source present; runtime Spanish available"
"interface.0253","Answer Timer","Tiempo para responder","Game interface: <label>","components/games/GameSetup.tsx:310","Contextual Spanish draft","Source present; runtime Spanish available"
"interface.0254","Answer:","Respuesta:","Game controls, settings or feedback","components/games/GamePreview.tsx:441 | pages/Games.tsx:503","Contextual Spanish draft","Source present; runtime Spanish available"
"interface.0255","Answered","Ha respondido","Game interface: <div>","components/games/shared/PracticeReviewSummary.tsx:115","Contextual Spanish draft","Source present; runtime Spanish available"
"interface.0256","ANSWERS","RESPUESTAS","Game interface: <span>","components/games/GamePreview.tsx:419","Contextual Spanish draft","Source present; runtime Spanish available"
"interface.0257","Any Image Status","Cualquier estado de imagen","Website interface: <option>","pages/Games.tsx:1039 | pages/Games.tsx:1500","Contextual Spanish draft","Source present; runtime Spanish available"
"interface.0258","Appearance","Apariencia","Website interface: <h2>","components/ProfileWebsiteSettings.tsx:27","Contextual Spanish draft","Source present; runtime Spanish available"
"interface.0259","Apply Effect","Aplicar efecto","Game interface: <button>","components/games/JeopardyGame.tsx:1176 | components/games/TriviaGame.tsx:1211","Contextual Spanish draft","Source present; runtime Spanish available"
"interface.0260","Apply Scores","Aplicar puntuaciones","Save the points awarded in the scoring stage.","components/games/StopTheFireGame.tsx:1402 | data/i18n/interface.json: game.applyScores","Contextual Spanish draft","Source present; runtime Spanish available"
"interface.0261","Apply selection","Aplicar selección","Game interface: <button>","components/games/GamePreview.tsx:667","Contextual Spanish draft","Source present; runtime Spanish available"
"interface.0262","Approve","Aprobar","Conditional/dynamic interface text (check the source context)","pages/SchoolAdmin.tsx:682","Contextual Spanish draft","Source present; runtime Spanish available"
"interface.0263","Approving...","Aprobando...","Conditional/dynamic interface text (check the source context)","pages/SchoolAdmin.tsx:682","Contextual Spanish draft","Source present; runtime Spanish available"
"interface.0264","April 6, 2026","6 de abril de 2026","Blog article 6: date","data/blogPosts.ts: article 6, date | data/blogPosts.es.ts: article 6, date","Contextual Spanish draft","Source present; runtime Spanish available"
"interface.0265","Are you sure you want to delete this game?","¿Seguro que quieres eliminar este juego?","User message: window.confirm","pages/Games.tsx:922","Contextual Spanish draft","Source present; runtime Spanish available"
"interface.0266","ARM BOMB","ACTIVAR BOMBA","Game interface: <button>","components/games/TimeBombGame.tsx:1869","Contextual Spanish draft","Source present; runtime Spanish available"
"interface.0267","Art Teacher","Profesora de Educación Artística","Website interface","components/TestimonialCarousel.tsx:82","Contextual Spanish draft","Source present; runtime Spanish available"
"interface.0268","Article not found","Artículo no encontrado","Website interface: <h2>","pages/BlogPost.tsx:24","Contextual Spanish draft","Source present; runtime Spanish available"
"interface.0269","As part of a merger, acquisition, or business transfer (with notice where required).","Como parte de una fusión, adquisición o transmisión del negocio (con aviso cuando sea necesario).","Website interface: <li>","pages/InfoPages.tsx:858","Contextual Spanish draft","Source present; runtime Spanish available"
"interface.0270","As questions leave the board, teams can see what’s still up for grabs. Finish whenever you’re ready and give the winners — and everyone who joined in — a cheer.","A medida que se despeja el tablero, los equipos ven qué queda por conseguir. Termina cuando quieras y aplaudid a los ganadores y a todos los que han participado.","Website interface: <Screenshot>","pages/JeopardyPage.tsx:55","Contextual Spanish draft","Source present; runtime Spanish available"
"interface.0271","Ask teams to agree on both their target and their answer. Students can compare reasoning, weigh up the options and support one another.","Pide a los equipos que acuerden el objetivo y la respuesta. El alumnado puede comparar razonamientos, valorar opciones y ayudarse.","Game format information","pages/DartsChallengePage.tsx:54","Contextual Spanish draft","Source present; runtime Spanish available"
"interface.0272","Ask teams to explain how their answer fits the question. It is a chance to sort ideas into categories and listen to different ways of thinking.","Pide a los equipos que expliquen por qué su respuesta encaja con la pregunta. Es una oportunidad para organizar ideas por categorías y escuchar distintas formas de pensar.","Website interface: <dd>","pages/SurveyShowdownPage.tsx:74","Contextual Spanish draft","Source present; runtime Spanish available"
"interface.0273","Ask the Audience","Preguntar al público","Visible/accessibility attribute: title","components/games/MillionaireGame.tsx:612","Contextual Spanish draft","Source present; runtime Spanish available"
"interface.0274","Ask the simulated audience to see how its votes are spread. You can also use 50:50 or phone a friend. Each lifeline works once, so choose your moment.","Consulta al público simulado para ver cómo se reparten sus votos. También puedes usar el 50:50 o llamar a un amigo. Cada comodín se puede usar una sola vez, así que elige bien el momento.","Interface definition: ""text""","pages/MillionaireMakerPage.tsx:24","Contextual Spanish draft","Source present; runtime Spanish available"
"interface.0275","Ask your teacher for the join code if you need to rejoin.","Pide a tu docente el código de acceso si necesitas volver a unirte.","Visible/accessibility attribute: message","pages/LiveQuizStudent.tsx:347","Contextual Spanish draft","Source present; runtime Spanish available"
"interface.0276","Ask your teacher to check the join code.","Pide a tu docente que compruebe el código de acceso.","Website interface: <p>","pages/LiveQuizJoin.tsx:102","Contextual Spanish draft","Source present; runtime Spanish available"
"interface.0277","Ask your teacher to check the student practice link.","Pide a tu docente que compruebe el enlace de práctica.","Website interface: <p>","pages/StudentGame.tsx:140","Contextual Spanish draft","Source present; runtime Spanish available"
"interface.0278","Asset credits","Créditos de recursos","Visible/accessibility attribute: title","components/games/SnakesLaddersGame.tsx:2353 | components/games/SnakesLaddersGame.tsx:2378","Contextual Spanish draft","Source present; runtime Spanish available"
"interface.0279","Asset Credits","Créditos de recursos","Game interface: <h2>","components/games/SnakesLaddersGame.tsx:2990","Contextual Spanish draft","Source present; runtime Spanish available"
"interface.0280","At the time of this policy update, we do not use advertising cookies, behavioural advertising, or third-party analytics trackers.","En la fecha de actualización de esta Política, no utilizamos cookies publicitarias, publicidad basada en el comportamiento ni rastreadores de análisis de terceros.","Website interface: <li>","pages/InfoPages.tsx:866","Contextual Spanish draft","Source present; runtime Spanish available"
"interface.0281","Attach files","Adjuntar archivos","Game interface: <button>","components/games/GameConfigurator.tsx:1826","Contextual Spanish draft","Source present; runtime Spanish available"
"interface.0282","Attach Shared School Files","Adjuntar archivos compartidos del centro","Website interface: <h2>","components/school/SchoolStorageBrowser.tsx:208","Contextual Spanish draft","Source present; runtime Spanish available"
"interface.0283","Attaching...","Adjuntando...","Conditional/dynamic interface text (check the source context)","components/school/SchoolStorageBrowser.tsx:381","Contextual Spanish draft","Source present; runtime Spanish available"
"interface.0284","Attempt to reverse engineer, disrupt, scrape, overload, or bypass service protections.","Intentar realizar ingeniería inversa, interrumpir, extraer datos de forma automatizada, sobrecargar o eludir las protecciones del servicio.","Website interface: <li>","pages/InfoPages.tsx:669","Contextual Spanish draft","Source present; runtime Spanish available"
"interface.0285","Audience Vote","Votación del público","Game interface: <div>","components/games/MillionaireGame.tsx:864","Contextual Spanish draft","Source present; runtime Spanish available"
"interface.0286","Auto-pick","Elegir automáticamente","Website interface: <strong>","pages/InfoPages.tsx:308","Contextual Spanish draft","Source present; runtime Spanish available"
"interface.0287","Auto-pick images","Elegir imágenes automáticamente","Game interface: <span>","components/games/GameConfigurator.tsx:1777","Contextual Spanish draft","Source present; runtime Spanish available"
"interface.0288","Auto-selected images are suggestions. Please review them and replace any that are not a good fit.","Las imágenes elegidas automáticamente son sugerencias. Revísalas y sustituye las que no encajen.","Game interface: <span>","components/games/GameConfigurator.tsx:1781","Contextual Spanish draft","Source present; runtime Spanish available"
"interface.0289","Automatically selected for this game. Change it whenever you like.","Seleccionada automáticamente para este juego. Puedes cambiarla cuando quieras.","Game controls, settings or feedback","components/games/GameCoverEditor.tsx:80","Contextual Spanish draft","Source present; runtime Spanish available"
"interface.0290","Available","Disponible","Website interface: <p>","pages/SchoolAdmin.tsx:876","Contextual Spanish draft","Source present; runtime Spanish available"
"interface.0291","Available spots","Plazas disponibles","Website interface: <dt>","pages/SchoolAdmin.tsx:635","Contextual Spanish draft","Source present; runtime Spanish available"
"interface.0292","Avatar option","Opción de avatar","Visible/accessibility attribute: alt","pages/Profile.tsx:765","Contextual Spanish draft","Source present; runtime Spanish available"
"interface.0293","Avatar updated successfully!","¡Avatar actualizado!","Interface definition: text","pages/Profile.tsx:297","Contextual Spanish draft","Source present; runtime Spanish available"
"interface.0294","Award points after an answer or review the whole round before updating the scores. You stay in charge of checking answers and giving teams their credit.","Asigna puntos tras cada respuesta o revisa toda la ronda antes de actualizar las puntuaciones. Tú decides cómo comprobar las respuestas y puntuar a los equipos.","Website interface: <dd>","pages/PubQuizPage.tsx:67","Contextual Spanish draft","Source present; runtime Spanish available"
"interface.0295","Back","Volver","Go back to the previous screen.","components/games/GameEditor.tsx:858 | components/games/MillionaireGame.tsx:480 | components/games/MillionaireGame.tsx:579 | components/games/StopTheFireGame.tsx:873 | data/i18n/interface.json: common.back","Contextual Spanish draft","Source present; runtime Spanish available"
"interface.0296","Back to","Volver a","Game interface: <button>","components/games/GamePreview.tsx:611","Contextual Spanish draft","Source present; runtime Spanish available"
"interface.0297","Back to Blog","Volver al blog","Website interface: <Link>","pages/BlogPost.tsx:26 | pages/BlogPost.tsx:52 | pages/BlogPost.tsx:82","Contextual Spanish draft","Source present; runtime Spanish available"
"interface.0298","Back to creation options","Volver a las opciones de creación","Game interface: <button>","components/games/GameConfigurator.tsx:959","Contextual Spanish draft","Source present; runtime Spanish available"
"interface.0299","Back to game","Volver a la partida","Game interface: <button>","components/games/SnakesLaddersGame.tsx:3034","Contextual Spanish draft","Source present; runtime Spanish available"
"interface.0300","Back to Games","Volver a Juegos","Website interface: <button>","pages/Games.tsx:379 | pages/ShareGame.tsx:336 | pages/ShareGame.tsx:366 | pages/ShareGame.tsx:385","Contextual Spanish draft","Source present; runtime Spanish available"
"interface.0301","Back To Login","Volver a iniciar sesión","Website interface: <button>","components/LoginModal.tsx:240","Contextual Spanish draft","Source present; runtime Spanish available"
"interface.0302","Back to Preview","Volver a la vista previa","Website interface: <button>","pages/Games.tsx:179 | pages/Games.tsx:2891 | pages/ShareGame.tsx:490","Contextual Spanish draft","Source present; runtime Spanish available"
"interface.0303","Back to Profile","Volver a Mi perfil","Website interface: <Link>","pages/ChangePlan.tsx:295","Contextual Spanish draft","Source present; runtime Spanish available"
"interface.0304","Back to question","Volver a la pregunta","Visible/accessibility attribute: title","components/games/TimeBombGame.tsx:2132","Contextual Spanish draft","Source present; runtime Spanish available"
"interface.0305","Based on Google Gemini API documentation and terms currently published (including Google AI Studio terms effective December 18, 2025):","Según la documentación y las condiciones de Google Gemini API publicadas actualmente (incluidas las condiciones de Google AI Studio en vigor desde el 18 de diciembre de 2025):","Website interface: <p>","pages/InfoPages.tsx:818","Contextual Spanish draft","Source present; runtime Spanish available"
"interface.0306","basic logs, request metadata, and error diagnostics from the app and hosting stack.","registros básicos, metadatos de solicitudes y diagnósticos de errores de la aplicación y del alojamiento.","Website interface: <li>","pages/InfoPages.tsx:780","Contextual Spanish draft","Source present; runtime Spanish available"
"interface.0307","be prepared.","prepárate.","Game interface: <text>","components/games/GameImagePreparation.tsx:109","Contextual Spanish draft","Source present; runtime Spanish available"
"interface.0308","Be the first to publish a game to the community!","¡Sé la primera persona en publicar un juego para la comunidad!","Conditional/dynamic interface text (check the source context)","pages/Games.tsx:1629","Contextual Spanish draft","Source present; runtime Spanish available"
"interface.0309","Beat the block","Conquista el tablero","Conditional/dynamic interface text (check the source context)","components/games/BlockBeatersGame.tsx:1403","Contextual Spanish draft","Source present; runtime Spanish available"
"interface.0310","Because provider plans and configuration can vary over time, do not submit highly sensitive personal data in prompts or uploads unless you are legally authorized and comfortable with provider-side processing terms.","Como los planes y la configuración de los proveedores pueden cambiar, no incluyas datos personales muy sensibles en las instrucciones o archivos subidos salvo que tengas autorización legal y aceptes las condiciones de tratamiento del proveedor.","Website interface: <p>","pages/InfoPages.tsx:826","Contextual Spanish draft","Source present; runtime Spanish available"
"interface.0311","Because the current storage is necessary for requested features or security rather than advertising or analytics, the site does not currently display a consent banner. We will add consent controls before introducing any optional tracking.","Como el almacenamiento actual es necesario para las funciones solicitadas o la seguridad, y no para publicidad o análisis, el sitio no muestra actualmente un aviso de consentimiento. Añadiremos controles de consentimiento antes de introducir cualquier seguimiento opcional.","Website interface: <li>","pages/InfoPages.tsx:867","Contextual Spanish draft","Source present; runtime Spanish available"
"interface.0312","Begin with something everyone recognises. As the questions grow harder, the shared progress gives students a reason to stay involved.","Empieza con algo que todos reconozcan. A medida que aumenta la dificultad, el avance compartido anima al alumnado a seguir participando.","Game format information","pages/MillionaireMakerPage.tsx:54","Contextual Spanish draft","Source present; runtime Spanish available"
"interface.0313","Behind the game","Sobre el juego","Game interface: <p>","components/games/SnakesLaddersGame.tsx:2989","Contextual Spanish draft","Source present; runtime Spanish available"
"interface.0314","Best Fit","Más adecuado","Conditional/dynamic interface text (check the source context)","components/games/AiAssistantChat.tsx:277","Contextual Spanish draft","Source present; runtime Spanish available"
"interface.0315","Block Beaters","Block Beaters","Website interface: <SafeLink>","components/Layout.tsx:506","Contextual Spanish draft","Source present; runtime Spanish available"
"interface.0316","Block Beaters hexagon board","Tablero de hexágonos de Block Beaters","Visible/accessibility attribute: aria-label","components/games/BlockBeatersGame.tsx:1129","Contextual Spanish draft","Source present; runtime Spanish available"
"interface.0317","Block Beaters Rules","Reglas de Block Beaters","Game interface: <label>","components/games/GameSetup.tsx:476","Contextual Spanish draft","Source present; runtime Spanish available"
"interface.0318","Block Beaters Structure","Estructura de Block Beaters","Game interface: <h3>","components/games/GameConfigurator.tsx:1278","Contextual Spanish draft","Source present; runtime Spanish available"
"interface.0319","Blockbeaters","Blockbeaters","Website interface: <span>","pages/BlockBeatersPage.tsx:28 | pages/Games.tsx:2178","Contextual Spanish draft","Source present; runtime Spanish available"
"interface.0320","Blockbeaters hexagon game board spelling Beat the Block, with four team panels","Tablero de hexágonos de Blockbeaters con «Beat the Block» y cuatro paneles de equipos","Visible/accessibility attribute: alt","pages/BlockBeatersPage.tsx:37","Contextual Spanish draft","Source present; runtime Spanish available"
"interface.0321","Blockbeaters podium showing Foxes, Owls and Bears in the final standings","Podio de Blockbeaters con Foxes, Owls y Bears en la clasificación final","Visible/accessibility attribute: alt","pages/BlockBeatersPage.tsx:55","Contextual Spanish draft","Source present; runtime Spanish available"
"interface.0322","Blockbeaters question asking for a scientist who studies stars and planets","Pregunta de Blockbeaters sobre un científico que estudia las estrellas y los planetas","Visible/accessibility attribute: alt","pages/BlockBeatersPage.tsx:50","Contextual Spanish draft","Source present; runtime Spanish available"
"interface.0323","Blockbeaters reveals Astronomer as the correct answer","Blockbeaters muestra «Astronomer» como respuesta correcta","Visible/accessibility attribute: alt","pages/BlockBeatersPage.tsx:54","Contextual Spanish draft","Source present; runtime Spanish available"
"interface.0324","Blockbeaters.","Blockbeaters.","Website interface: <h1>","pages/BlockBeatersPage.tsx:31","Contextual Spanish draft","Source present; runtime Spanish available"
"interface.0325","Blog","Blog","Website articles.","components/Layout.tsx:485 | data/i18n/interface.json: nav.blog","Contextual Spanish draft","Source present; runtime Spanish available"
"interface.0326","Blue","Azul","Interface definition: name","components/games/BlockBeatersGame.tsx:80","Contextual Spanish draft","Source present; runtime Spanish available"
"interface.0327","Board Bonuses","Bonificaciones del tablero","Game interface: <h3>","components/games/GameSetup.tsx:576","Contextual Spanish draft","Source present; runtime Spanish available"
"interface.0328","Board size","Tamaño del tablero","Visible/accessibility attribute: aria-label","components/games/GameSetup.tsx:490","Contextual Spanish draft","Source present; runtime Spanish available"
"interface.0329","Board Size","Tamaño del tablero","Game interface: <label>","components/games/GameConfigurator.tsx:1312 | components/games/GameSetup.tsx:488","Contextual Spanish draft","Source present; runtime Spanish available"
"interface.0330","Bonus","Bonificación","Game interface: <div>","components/games/BlockBeatersGame.tsx:995","Contextual Spanish draft","Source present; runtime Spanish available"
"interface.0331","BONUS","BONIFICACIÓN","Game interface: <div>","components/games/BlockBeatersGame.tsx:1352 | components/games/JeopardyGame.tsx:928 | components/games/TriviaGame.tsx:977","Contextual Spanish draft","Source present; runtime Spanish available"
"interface.0332","Bonus awarded","Bonificación obtenida","Game interface: <div>","components/games/BlockBeatersGame.tsx:1368 | components/games/BlockBeatersGame.tsx:1705","Contextual Spanish draft","Source present; runtime Spanish available"
"interface.0333","Bonus card: {bonusCardDetails.title}","Carta de bonificación: {bonusCardDetails.title}","Conditional/dynamic interface text (check the source context)","components/games/SnakesLaddersGame.tsx:2629","Contextual Spanish draft","Source present; runtime Spanish available"
"interface.0334","Bonus model","Modelo de bonificaciones","Game interface: <span>","components/games/SnakesLaddersGame.tsx:3020","Contextual Spanish draft","Source present; runtime Spanish available"
"interface.0335","Bonus Orbs","Esferas de bonificación","Game interface: <h3>","components/games/GameSetup.tsx:628","Contextual Spanish draft","Source present; runtime Spanish available"
"interface.0336","bonus points!","¡puntos extra!","Game interface: <p>","components/games/WordWheelGame.tsx:1614","Contextual Spanish draft","Source present; runtime Spanish available"
"interface.0337","Bonus Reveal","Mostrar bonificación","Interface definition: label","components/games/GameSetup.tsx:763","Contextual Spanish draft","Source present; runtime Spanish available"
"interface.0338","BONUS TILE!","¡CASILLA CON BONIFICACIÓN!","Interface definition: text","components/games/SnakesLaddersGame.tsx:2181","Contextual Spanish draft","Source present; runtime Spanish available"
"interface.0339","Bonus Turn!","¡Turno extra!","Conditional/dynamic interface text (check the source context)","components/games/SnakesLaddersGame.tsx:2604","Contextual Spanish draft","Source present; runtime Spanish available"
"interface.0340","Bonus! {targetName} moves back {amount}","¡Bonificación! {targetName} retrocede {amount}","Game controls, settings or feedback","components/games/SnakesLaddersGame.tsx:2033","Contextual Spanish draft","Source present; runtime Spanish available"
"interface.0341","Bonus! {team} misses a turn","¡Bonus! {team} pierde un turno","Game controls, settings or feedback","components/games/SnakesLaddersGame.tsx:1980","Contextual Spanish draft","Source present; runtime Spanish available"
"interface.0342","Bonus! Make your choice","¡Bonificación! Elige tu movimiento","Game controls, settings or feedback","components/games/SnakesLaddersGame.tsx:1958","Contextual Spanish draft","Source present; runtime Spanish available"
"interface.0343","Bonus! Move {distance > 0 ? 'forward' : 'back'} {Math.abs(distance)}","¡Bonificación! Muévete {distance > 0 ? 'forward' : 'back'} {Math.abs(distance)} casillas","Interface vocabulary or retained wording","data/i18n/spanish-spain.json","Contextual Spanish draft","Retained vocabulary / fallback wording"
"interface.0344","Bonus! Move back {distance}","¡Bonus! Retrocede {distance} casillas","Game controls, settings or feedback","components/games/SnakesLaddersGame.tsx:1999","Contextual Spanish draft","Source present; runtime Spanish available"
"interface.0345","Bonus! Move forward {amount}","¡Bonificación! Avanza {amount}","Game controls, settings or feedback","components/games/SnakesLaddersGame.tsx:1950","Contextual Spanish draft","Source present; runtime Spanish available"
"interface.0346","Bonus! Move forward {distance}","¡Bonus! Avanza {distance} casillas","Game controls, settings or feedback","components/games/SnakesLaddersGame.tsx:1999","Contextual Spanish draft","Source present; runtime Spanish available"
"interface.0347","Bonus! Swap places with {targetName}","¡Bonificación! Intercambia posiciones con {targetName}","Game controls, settings or feedback","components/games/SnakesLaddersGame.tsx:2023","Contextual Spanish draft","Source present; runtime Spanish available"
"interface.0348","Bonus! Take another turn","¡Bonus! Juega otro turno","Game controls, settings or feedback","components/games/SnakesLaddersGame.tsx:1965","Contextual Spanish draft","Source present; runtime Spanish available"
"interface.0349","Bonuses are disabled for one-player games.","Las bonificaciones están desactivadas en las partidas de un solo jugador.","Conditional/dynamic interface text (check the source context)","components/games/GameSetup.tsx:579","Contextual Spanish draft","Source present; runtime Spanish available"
"interface.0350","Bottom to top","De abajo arriba","Game controls, settings or feedback","components/games/BlockBeatersGame.tsx:183","Contextual Spanish draft","Source present; runtime Spanish available"
"interface.0351","Boundaries:","Límites:","Website interface: <strong>","pages/InfoPages.tsx:351","Contextual Spanish draft","Source present; runtime Spanish available"
"interface.0352","Breadcrumb","Ruta de navegación","Visible/accessibility attribute: aria-label","components/games/shared/GameTypeLandingPage.tsx:34 | pages/BlockBeatersPage.tsx:28 | pages/JeopardyPage.tsx:28 | pages/LiveQuizPage.tsx:28 | pages/PubQuizPage.tsx:28 | pages/SurveyShowdownPage.tsx:28 | pages/TimeBombPage.tsx:28 | pages/TriviaPage.tsx:28 | pages/WordWheelPage.tsx:28","Contextual Spanish draft","Source present; runtime Spanish available"
"interface.0353","Break any law, regulation, or third-party right.","Incumplir cualquier ley, normativa o derecho de terceros.","Website interface: <li>","pages/InfoPages.tsx:665","Contextual Spanish draft","Source present; runtime Spanish available"
"interface.0354","bright","claro","Conditional/dynamic interface text (check the source context)","data/i18n/spanish-spain.json","Contextual Spanish draft","Retained vocabulary / fallback wording"
"interface.0355","Bright game","Modo claro","Switch the game area to a light appearance, not a clever game.","data/i18n/interface.json: appearance.brightGame","Contextual Spanish draft","Source present; runtime Spanish available"
"interface.0356","Bring a selection of lesson questions to a review session. The race gives the class a shared finish line while you hear what has stuck.","Trae una selección de preguntas a una sesión de repaso. La carrera da a la clase una meta compartida mientras descubres qué ha aprendido.","Game format information","pages/SnakesAndLaddersPage.tsx:58","Contextual Spanish draft","Source present; runtime Spanish available"
"interface.0357","Bring a topic from any subject. Students will need a device and an internet connection to join in.","Elige un tema de cualquier asignatura. El alumnado necesitará un dispositivo y conexión a internet para participar.","Website interface: <p>","pages/LiveQuizPage.tsx:34","Contextual Spanish draft","Source present; runtime Spanish available"
"interface.0358","Bring a topic together","Reúne un tema","Website interface: <dt>","pages/PubQuizPage.tsx:73","Contextual Spanish draft","Source present; runtime Spanish available"
"interface.0359","Bring a unit of work together in one board for a friendly revision game. Leave time to revisit any questions that get everyone talking.","Reúne una unidad didáctica en un tablero para un repaso amistoso. Reserva tiempo para volver a las preguntas que den pie a comentar ideas.","Website interface: <dd>","pages/JeopardyPage.tsx:75","Contextual Spanish draft","Source present; runtime Spanish available"
"interface.0360","Bring along your topic","Trae tu tema","Website interface: <dt>","pages/BlockBeatersPage.tsx:65 | pages/JeopardyPage.tsx:65 | pages/TimeBombPage.tsx:65 | pages/TriviaPage.tsx:65 | pages/WordWheelPage.tsx:65","Contextual Spanish draft","Source present; runtime Spanish available"
"interface.0361","Bring back familiar ideas from previous lessons with a few letter clues. It is a friendly way to get everyone thinking and sharing what they remember.","Recupera ideas de clases anteriores con unas pistas de letras. Es una forma amena de animar a todos a pensar y compartir lo que recuerdan.","Website interface: <dd>","pages/WordWheelPage.tsx:73","Contextual Spanish draft","Source present; runtime Spanish available"
"interface.0362","Bring back the key ideas from a unit and listen to the reasoning behind each choice. Wrong options can reveal a misconception worth exploring.","Recupera las ideas principales de una unidad y escucha los razonamientos de cada elección. Las opciones incorrectas pueden revelar una confusión que convenga explorar.","Game format information","pages/MillionaireMakerPage.tsx:50","Contextual Spanish draft","Source present; runtime Spanish available"
"interface.0363","Bring everyone together around the wheel and see where the next letter takes you.","Reúne a la clase alrededor del rosco y descubre adónde os lleva la siguiente letra.","Website interface: <p>","pages/WordWheelPage.tsx:46","Contextual Spanish draft","Source present; runtime Spanish available"
"interface.0364","Bring revision to life","Dale vida al repaso","Website interface: <dt>","pages/LiveQuizPage.tsx:74","Contextual Spanish draft","Source present; runtime Spanish available"
"interface.0365","Bring together the main ideas from a unit for a friendly team contest. Pause on any tricky answers and give students a chance to explain how they worked them out.","Reúne las ideas principales de una unidad en una competición amistosa por equipos. Detente en las respuestas difíciles para que el alumnado explique cómo las ha resuelto.","Website interface: <dd>","pages/BlockBeatersPage.tsx:75","Contextual Spanish draft","Source present; runtime Spanish available"
"interface.0366","Bring together what you’ve been learning for a final team challenge. You’ll soon spot what’s clicked and what might need another look.","Reúne lo que habéis aprendido en un reto final por equipos. Pronto verás qué se ha entendido y qué necesita otro repaso.","Website interface: <dd>","pages/TriviaPage.tsx:75","Contextual Spanish draft","Source present; runtime Spanish available"
"interface.0367","Bring your own questions","Añade tus propias preguntas","Game format information","pages/DartsChallengePage.tsx:35","Contextual Spanish draft","Source present; runtime Spanish available"
"interface.0368","Bring your questions, a few brave guesses and a class ready to talk things through.","Trae tus preguntas, algunas respuestas atrevidas y una clase con ganas de conversar.","Game format information","pages/MillionaireMakerPage.tsx:62","Contextual Spanish draft","Source present; runtime Spanish available"
"interface.0369","Bring your teams, a shared screen and a topic they know. You enter their guesses as they play.","Prepara los equipos, una pantalla compartida y un tema conocido. Tú introduces sus respuestas mientras juegan.","Website interface: <p>","pages/SurveyShowdownPage.tsx:34","Contextual Spanish draft","Source present; runtime Spanish available"
"interface.0370","Browse School Storage","Explorar el almacenamiento del centro","Visible/accessibility attribute: title | Game interface: <button>","components/games/GameConfigurator.tsx:1842 | components/games/GameConfigurator.tsx:1893","Contextual Spanish draft","Source present; runtime Spanish available"
"interface.0371","Browse shared school files and attach up to","Explora los archivos compartidos del centro y adjunta hasta","Website interface: <p>","components/school/SchoolStorageBrowser.tsx:210","Contextual Spanish draft","Source present; runtime Spanish available"
"interface.0372","Browser-local data (guest mode):","Datos locales del navegador (modo invitado):","Website interface: <strong>","pages/InfoPages.tsx:782","Contextual Spanish draft","Source present; runtime Spanish available"
"interface.0373","Build a climb that makes sense","Prepara una subida con sentido","Game format information","pages/MillionaireMakerPage.tsx:35","Contextual Spanish draft","Source present; runtime Spanish available"
"interface.0374","Build a multiple-choice quiz around whatever you teach. Write your own questions or ask AI for a starting point, then check and edit them to suit your class.","Crea un cuestionario de opción múltiple sobre lo que enseñas. Escribe tus preguntas o pide un borrador a la IA; después revísalo y adáptalo a tu clase.","Website interface: <dd>","pages/LiveQuizPage.tsx:65","Contextual Spanish draft","Source present; runtime Spanish available"
"interface.0375","Build confidence step by step","Gana confianza paso a paso","Game format information","pages/MillionaireMakerPage.tsx:53","Contextual Spanish draft","Source present; runtime Spanish available"
"interface.0376","Build confidence with practice","Gana confianza practicando","Website interface: <dt>","pages/TimeBombPage.tsx:74","Contextual Spanish draft","Source present; runtime Spanish available"
"interface.0377","Build from scratch using the editor table.","Crea desde cero en la tabla del editor.","Game interface: <p>","components/games/GameConfigurator.tsx:199","Contextual Spanish draft","Source present; runtime Spanish available"
"interface.0378","Build vocabulary, grammar, speaking, and review games for English language learners. Create fast classroom activities matched to your topic, level, and lesson goal.","Prepara juegos de vocabulario, gramática, expresión oral y repaso para estudiantes de inglés. Crea actividades breves para el aula adaptadas al tema, al nivel y al objetivo de tu clase.","Footer landing page: public information for teachers","pages/SeoLandingPages.tsx:63","Contextual Spanish draft","Source present; runtime Spanish available"
"interface.0379","Build your categories around one topic or bring several subjects together. You can put trickier questions behind the higher values, giving teams a little more to think about when they choose.","Organiza las categorías en torno a un tema o combina varias asignaturas. Puedes reservar las preguntas más difíciles para las puntuaciones más altas, para que los equipos tengan que pensar un poco más al elegir.","Website interface: <p>","pages/JeopardyPage.tsx:51","Contextual Spanish draft","Source present; runtime Spanish available"
"interface.0380","Build your own rounds","Crea tus propias rondas","Website interface: <dt>","pages/PubQuizPage.tsx:65","Contextual Spanish draft","Source present; runtime Spanish available"
"interface.0381","Built for real classroom use","Diseñado para el día a día del aula","Website interface: <h2>","pages/SeoLandingPages.tsx:109","Contextual Spanish draft","Source present; runtime Spanish available"
"interface.0382","Built-in AI generation not included","No incluye la generación de contenido con la IA del sitio","Account and profile","pages/ChangePlan.tsx:22 | pages/InfoPages.tsx:457","Contextual Spanish draft","Source present; runtime Spanish available"
"interface.0383","Built-in bank · saving is unavailable","Banco integrado · no se puede guardar","Conditional/dynamic interface text (check the source context)","components/games/GameEditor.tsx:888","Contextual Spanish draft","Source present; runtime Spanish available"
"interface.0384","Built-in category bank","Banco de categorías integrado","Conditional/dynamic interface text (check the source context)","components/games/GameSetup.tsx:730","Contextual Spanish draft","Source present; runtime Spanish available"
"interface.0385","Built-in Category Bank","Banco de categorías integrado","Game interface: <h3>","components/games/GameConfigurator.tsx:1114","Contextual Spanish draft","Source present; runtime Spanish available"
"interface.0386","Bullseye","Diana","Interface definition: label","components/games/DartsGame.tsx:1158","Contextual Spanish draft","Source present; runtime Spanish available"
"interface.0387","BULLSEYE","DIANA","Interface definition: label","components/games/DartsGame.tsx:97","Contextual Spanish draft","Source present; runtime Spanish available"
"interface.0388","Buy Clue (-{CLUE_PURCHASE_COST})","Comprar pista (-{CLUE_PURCHASE_COST})","Conditional/dynamic interface text (check the source context)","components/games/WordWheelGame.tsx:1590","Contextual Spanish draft","Source present; runtime Spanish available"
"interface.0389","By","Por","Game interface: <span> | Website interface: <span>","components/games/GamePreview.tsx:621 | pages/Games.tsx:1663","Contextual Spanish draft","Source present; runtime Spanish available"
"interface.0390","Calculating","Calculando","Conditional/dynamic interface text (check the source context)","components/games/LiveQuizLeaderboardStage.tsx:236","Contextual Spanish draft","Source present; runtime Spanish available"
"interface.0391","Can I choose or upload my own game images?","¿Puedo elegir o subir mis propias imágenes para el juego?","Help, contact or legal information","pages/InfoPages.tsx:78","Contextual Spanish draft","Source present; runtime Spanish available"
"interface.0392","Can I create a game manually without AI?","¿Puedo crear un juego manualmente, sin IA?","Help, contact or legal information","pages/InfoPages.tsx:34","Contextual Spanish draft","Source present; runtime Spanish available"
"interface.0393","Can I edit everything after generation?","¿Puedo editar todo después de generar el juego?","Help, contact or legal information","pages/InfoPages.tsx:82","Contextual Spanish draft","Source present; runtime Spanish available"
"interface.0394","Can I save, reuse, and remix my best materials?","¿Puedo guardar, reutilizar y adaptar mis mejores materiales?","Help, contact or legal information","pages/InfoPages.tsx:90","Contextual Spanish draft","Source present; runtime Spanish available"
"interface.0395","Can I upload a photo/PDF from my book and generate from that?","¿Puedo subir una foto o un PDF de mi libro y generar un juego a partir de ese material?","Help, contact or legal information","pages/InfoPages.tsx:42","Contextual Spanish draft","Source present; runtime Spanish available"
"interface.0396","Can I use my own AI tool to make a game?","¿Puedo usar mi propia herramienta de IA para crear un juego?","Help, contact or legal information","pages/InfoPages.tsx:38","Contextual Spanish draft","Source present; runtime Spanish available"
"interface.0397","Can school admins see what teachers are doing?","¿Puede la administración del centro consultar la actividad de los docentes?","Help, contact or legal information","pages/InfoPages.tsx:62","Contextual Spanish draft","Source present; runtime Spanish available"
"interface.0398","Can students play review games at home?","¿Puede el alumnado jugar a juegos de repaso en casa?","Help, contact or legal information","pages/InfoPages.tsx:46","Contextual Spanish draft","Source present; runtime Spanish available"
"interface.0399","Can't split","No se puede dividir","Game interface: <div>","components/games/GameSetup.tsx:415","Contextual Spanish draft","Source present; runtime Spanish available"
"interface.0400","Cancel","Cancelar","Cancel the current action.","components/games/BlockBeatersGame.tsx:1693 | components/games/BlockBeatersGame.tsx:1724 | components/games/DartsGame.tsx:1591 | components/games/DartsGame.tsx:1609 | components/games/DartsGame.tsx:1630 | components/games/JeopardyGame.tsx:896 | components/games/JeopardyGame.tsx:1313 | components/games/JeopardyGame.tsx:1334 | components/games/MillionaireGame.tsx:912 | components/games/PubQuizGame.tsx:857 | components/games/PubQuizGame.tsx:1228 | components/games/PubQuizGame.tsx:1249 | components/games/SnakesLaddersGame.tsx:3045 | components/games/SnakesLaddersGame.tsx:3062 | components/games/SurveyShowdownGame.tsx:1017 | components/games/SurveyShowdownGame.tsx:1040 | components/games/SurveyShowdownGame.tsx:1061 | components/games/TimeBombGame.tsx:2287 | components/games/TimeBombGame.tsx:2304 | components/games/TriviaGame.tsx:945 | components/games/TriviaGame.tsx:1349 | components/games/TriviaGame.tsx:1370 | components/games/WordWheelGame.tsx:1714 | components/games/WordWheelGame.tsx:1775 | components/school/SchoolStorageBrowser.tsx:374 | pages/Profile.tsx:790 | contexts/UnsavedChangesContext.tsx:77 | data/i18n/interface.json: common.cancel","Contextual Spanish draft","Source present; runtime Spanish available"
"interface.0401","Cancel your account? This action is permanent.","¿Eliminar tu cuenta? Esta acción es permanente.","User message: window.confirm","pages/Profile.tsx:304","Contextual Spanish draft","Source present; runtime Spanish available"
"interface.0402","Cancelling your account is permanent and cannot be undone. Your account, saved games, usage records and personal uploads will be permanently deleted. Content independently copied or remixed by another user is not part of your account.","Eliminar tu cuenta es permanente y no se puede deshacer. Tu cuenta, los juegos guardados, los registros de uso y los archivos personales se eliminarán de forma definitiva. El contenido que otro usuario haya copiado o adaptado de forma independiente no forma parte de tu cuenta.","Website interface: <p>","pages/Profile.tsx:718","Contextual Spanish draft","Source present; runtime Spanish available"
"interface.0403","Cancelling...","Eliminando...","Conditional/dynamic interface text (check the source context)","pages/Profile.tsx:725","Contextual Spanish draft","Source present; runtime Spanish available"
"interface.0404","categories","categorías","Conditional/dynamic interface text (check the source context)","components/games/GamePreview.tsx:621 | components/games/GamePreview.tsx:648 | components/games/GamePreview.tsx:666","Contextual Spanish draft","Source present; runtime Spanish available"
"interface.0405","Categories","Categorías","Game interface: <option> | Conditional/dynamic interface text (check the source context) | Game interface: <dt> | Game interface: <label>","components/games/GameConfigurator.tsx:1413 | components/games/GameConfigurator.tsx:1947 | components/games/GameConfigurator.tsx:1948 | components/games/GamePreview.tsx:641 | components/games/StopTheFireGame.tsx:1057 | pages/Games.tsx:263","Contextual Spanish draft","Source present; runtime Spanish available"
"interface.0406","category","categoría","Conditional/dynamic interface text (check the source context)","components/games/GamePreview.tsx:669","Contextual Spanish draft","Source present; runtime Spanish available"
"interface.0407","Category","Categoría","Game interface: <summary> | Game interface: <div> | Game interface: <p>","components/games/GameConfigurator.tsx:919 | components/games/GameEditor.tsx:793 | components/games/GameEditor.tsx:1518 | components/games/GamePreview.tsx:463 | components/games/StopTheFireGame.tsx:1344 | components/games/StopTheFireGame.tsx:1350 | pages/Games.tsx:248 | pages/Games.tsx:262","Contextual Spanish draft","Source present; runtime Spanish available"
"interface.0408","Category {idx + 1} Name","Nombre de la categoría {idx + 1}","Conditional/dynamic interface text (check the source context)","components/games/GameConfigurator.tsx:1441","Contextual Spanish draft","Source present; runtime Spanish available"
"interface.0409","Category {index + 1}","Categoría {index + 1}","Interface definition: title","components/games/GamePreview.tsx:249","Contextual Spanish draft","Source present; runtime Spanish available"
"interface.0410","Category Names","Nombres de las categorías","Game interface: <label>","components/games/GameConfigurator.tsx:1429","Contextual Spanish draft","Source present; runtime Spanish available"
"interface.0411","Cats","Cat.","Interface definition: label","pages/Games.tsx:38 | pages/Games.tsx:50 | pages/Games.tsx:89","Contextual Spanish draft","Source present; runtime Spanish available"
"interface.0412","CC BY 4.0 licence","Licencia CC BY 4.0","Game interface: <a>","components/games/SnakesLaddersGame.tsx:3014 | components/games/SnakesLaddersGame.tsx:3027","Contextual Spanish draft","Source present; runtime Spanish available"
"interface.0413","Celebrate original thinking","Celebra las ideas originales","Game format information","pages/StopTheFirePage.tsx:57","Contextual Spanish draft","Source present; runtime Spanish available"
"interface.0414","Celebrate the guesses that paid off.","Celebrad las respuestas acertadas.","Visible/accessibility attribute: title","pages/SurveyShowdownPage.tsx:55","Contextual Spanish draft","Source present; runtime Spanish available"
"interface.0415","Cello","Violonchelo","Interface definition: label","pages/LiveQuizHost.tsx:80","Contextual Spanish draft","Source present; runtime Spanish available"
"interface.0416","Change an opponent tile to yours.","Haz tuya una casilla de otro equipo.","Game controls, settings or feedback","components/games/GameSetup.tsx:602","Contextual Spanish draft","Source present; runtime Spanish available"
"interface.0417","Change avatar","Cambiar avatar","Visible/accessibility attribute: aria-label","pages/LiveQuizStudent.tsx:372","Contextual Spanish draft","Source present; runtime Spanish available"
"interface.0418","Change cover","Cambiar portada","Game interface: <span>","components/games/GameCoverEditor.tsx:90","Contextual Spanish draft","Source present; runtime Spanish available"
"interface.0419","Change game appearance","Cambiar la apariencia de la partida","Visible/accessibility attribute: title","components/Layout.tsx:310","Contextual Spanish draft","Source present; runtime Spanish available"
"interface.0420","Change game appearance without changing your site preference","Cambia la apariencia de la partida sin modificar la del sitio web","Visible/accessibility attribute: title","components/Layout.tsx:211","Contextual Spanish draft","Source present; runtime Spanish available"
"interface.0421","Change password","Cambiar contraseña","Website interface: <summary>","pages/Profile.tsx:495","Contextual Spanish draft","Source present; runtime Spanish available"
"interface.0422","Change plan","Cambiar de plan","Website interface: <Link>","pages/Profile.tsx:569","Contextual Spanish draft","Source present; runtime Spanish available"
"interface.0423","Change Plan","Cambiar de plan","Change subscription.","pages/ChangePlan.tsx:230 | data/i18n/interface.json: nav.plan","Contextual Spanish draft","Source present; runtime Spanish available"
"interface.0424","Chaos Mode","Modo caos","Game interface: <h3>","components/games/GameSetup.tsx:682","Contextual Spanish draft","Source present; runtime Spanish available"
"interface.0425","Check","Comprobar","Check the answer and turn/reveal the question card; never controlar.","components/games/BlockBeatersGame.tsx:1591 | components/games/JeopardyGame.tsx:1150 | components/games/TriviaGame.tsx:1185 | data/i18n/interface.json: game.check","Contextual Spanish draft","Source present; runtime Spanish available"
"interface.0426","Check answer","Comprobar respuesta","Reveal or verify a quiz answer.","data/i18n/interface.json: game.checkAnswer","Contextual Spanish draft","Source present; runtime Spanish available"
"interface.0427","Check Answer","Comprobar respuesta","Game interface: <button>","components/games/DartsGame.tsx:1492","Contextual Spanish draft","Source present; runtime Spanish available"
"interface.0428","Check answers together and add the team points. At the end, celebrate your winners and the good ideas that came up along the way.","Comprobad las respuestas juntos y sumad los puntos de cada equipo. Al terminar, celebrad a los ganadores y las buenas ideas que han surgido.","Website interface: <Screenshot>","pages/PubQuizPage.tsx:55","Contextual Spanish draft","Source present; runtime Spanish available"
"interface.0429","Check it together.","Comprobadlo juntos.","Interface definition: ""title""","pages/SnakesAndLaddersPage.tsx:28","Contextual Spanish draft","Source present; runtime Spanish available"
"interface.0430","Check the answer together and watch your team colour spread across the board. If you allow steals, teams can also challenge for an opponent’s block to change the route.","Comprobad la respuesta juntos y ved cómo el color de vuestro equipo se extiende por el tablero. Si permites robos, los equipos también pueden disputar un bloque rival para cambiar su recorrido.","Website interface: <Screenshot>","pages/BlockBeatersPage.tsx:54","Contextual Spanish draft","Source present; runtime Spanish available"
"interface.0431","Check understanding together","Comprobad juntos lo aprendido","Game format information","pages/MillionaireMakerPage.tsx:49","Contextual Spanish draft","Source present; runtime Spanish available"
"interface.0432","Check your email","Revisa tu correo","Website interface: <p>","components/LoginModal.tsx:228","Contextual Spanish draft","Source present; runtime Spanish available"
"interface.0433","Check Your Email","Revisa tu correo","Website interface: <h2>","components/Layout.tsx:412","Contextual Spanish draft","Source present; runtime Spanish available"
"interface.0434","Check your inbox and spam folder.","Revisa tu bandeja de entrada y la carpeta de correo no deseado.","Website interface: <p>","components/LoginModal.tsx:231","Contextual Spanish draft","Source present; runtime Spanish available"
"interface.0435","Checking school affiliation requests...","Comprobando las solicitudes de acceso al centro...","Website interface: <p>","pages/Profile.tsx:579","Contextual Spanish draft","Source present; runtime Spanish available"
"interface.0436","Checking the remaining images...","Comprobando las imágenes restantes...","Conditional/dynamic interface text (check the source context)","components/games/GameImagePreparation.tsx:90","Contextual Spanish draft","Source present; runtime Spanish available"
"interface.0437","Checking this game for images...","Buscando imágenes para este juego...","Conditional/dynamic interface text (check the source context)","components/games/GameImagePreparation.tsx:92","Contextual Spanish draft","Source present; runtime Spanish available"
"interface.0438","Chill","Tranquilo","Interface definition: label","pages/LiveQuizHost.tsx:75","Contextual Spanish draft","Source present; runtime Spanish available"
"interface.0439","Choose","Elegir","Website interface: <li>","pages/InfoPages.tsx:304","Contextual Spanish draft","Source present; runtime Spanish available"
"interface.0440","Choose a compatible game","Elige un juego compatible","Website interface: <h1>","pages/Games.tsx:182","Contextual Spanish draft","Source present; runtime Spanish available"
"interface.0441","Choose a correct answer","Elige una respuesta correcta","Game controls, settings or feedback","components/games/GameEditor.tsx:1102 | components/games/GameEditor.tsx:1346","Contextual Spanish draft","Source present; runtime Spanish available"
"interface.0442","Choose a few categories, gather your teams and give their ideas a little room to run.","Elige unas categorías, reúne a los equipos y da espacio a sus ideas.","Game format information","pages/StopTheFirePage.tsx:62","Contextual Spanish draft","Source present; runtime Spanish available"
"interface.0443","Choose a hexagon and answer its question. Get it right and the block becomes your team colour, bringing you one step closer to connecting your sides of the board.","Elige un hexágono y responde a su pregunta. Si aciertas, el bloque toma el color de tu equipo y te acerca a conectar tus lados del tablero.","Website interface: <Screenshot>","pages/BlockBeatersPage.tsx:50","Contextual Spanish draft","Source present; runtime Spanish available"
"interface.0444","Choose a JPG, PNG or WebP image smaller than 10 MB.","Elige una imagen JPG, PNG o WebP de menos de 10 MB.","Game controls, settings or feedback","components/games/GameCoverEditor.tsx:44","Contextual Spanish draft","Source present; runtime Spanish available"
"interface.0445","Choose a new avatar","Elegir un nuevo avatar","Conditional/dynamic interface text (check the source context)","pages/LiveQuizStudent.tsx:386","Contextual Spanish draft","Source present; runtime Spanish available"
"interface.0446","Choose A New Password","Elige una nueva contraseña","Website interface: <h1>","pages/ResetPassword.tsx:96","Contextual Spanish draft","Source present; runtime Spanish available"
"interface.0447","Choose a question with possibilities","Elige una pregunta con varias posibilidades","Website interface: <dt>","pages/SurveyShowdownPage.tsx:65","Contextual Spanish draft","Source present; runtime Spanish available"
"interface.0448","Choose a rival and send them down the nearest snake behind them.","Elige un rival y haz que baje por la serpiente más cercana que tenga detrás.","Interface definition: description","components/games/GameSetup.tsx:28","Contextual Spanish draft","Source present; runtime Spanish available"
"interface.0449","Choose a smaller board for a shorter challenge or a larger one for more room to plan. Set a question timer or leave it off when your group needs time to think.","Elige un tablero pequeño para un reto más corto o uno grande para tener más espacio para planear. Activa el temporizador de preguntas o déjalo desactivado si tu grupo necesita pensar con calma.","Website interface: <dd>","pages/BlockBeatersPage.tsx:66","Contextual Spanish draft","Source present; runtime Spanish available"
"interface.0450","Choose all the categories you want to include in the game. You can customise the categories for each round on the next screen.","Elige todas las categorías que quieras incluir en el juego. Podrás personalizar las de cada ronda en la siguiente pantalla.","Game interface: <div>","components/games/GamePreview.tsx:506","Contextual Spanish draft","Source present; runtime Spanish available"
"interface.0451","Choose an avatar","Elige un avatar","Website interface: <div> | Visible/accessibility attribute: aria-label | Website interface: <h2>","pages/LiveQuizJoin.tsx:159 | pages/Profile.tsx:732 | pages/Profile.tsx:735","Contextual Spanish draft","Source present; runtime Spanish available"
"interface.0452","Choose an option to check your answer","Elige una opción para comprobar tu respuesta","Game interface: <div>","components/games/PubQuizGame.tsx:1094","Contextual Spanish draft","Source present; runtime Spanish available"
"interface.0453","Choose another","Elegir otra","Game interface: <button>","components/games/GameCoverEditor.tsx:77","Contextual Spanish draft","Source present; runtime Spanish available"
"interface.0454","Choose another player","Elige otro jugador","Conditional/dynamic interface text (check the source context)","components/games/SnakesLaddersGame.tsx:2554","Contextual Spanish draft","Source present; runtime Spanish available"
"interface.0455","Choose another player and exchange positions.","Elige otro jugador e intercambia las posiciones.","Interface definition: description","components/games/GameSetup.tsx:24","Contextual Spanish draft","Source present; runtime Spanish available"
"interface.0456","Choose another player and move them back 5 spaces.","Elige otro jugador y hazle retroceder 5 casillas.","Interface definition: description","components/games/GameSetup.tsx:27","Contextual Spanish draft","Source present; runtime Spanish available"
"interface.0457","Choose any square from 1 to 5 spaces ahead or behind.","Elige una casilla situada entre 1 y 5 casillas por delante o por detrás.","Interface definition: description","components/games/GameSetup.tsx:23","Contextual Spanish draft","Source present; runtime Spanish available"
"interface.0458","Choose anywhere from 1 to 5 spaces ahead or back.","Elige una posición entre 1 y 5 casillas por delante o por detrás.","Game interface: <span>","components/games/SnakesLaddersGame.tsx:2560","Contextual Spanish draft","Source present; runtime Spanish available"
"interface.0459","Choose at random","Elegir al azar","Game interface: <label>","components/games/GamePreview.tsx:662","Contextual Spanish draft","Source present; runtime Spanish available"
"interface.0460","Choose avatar","Elegir avatar","Visible/accessibility attribute: aria-label","pages/LiveQuizJoin.tsx:171 | pages/LiveQuizStudent.tsx:402","Contextual Spanish draft","Source present; runtime Spanish available"
"interface.0461","Choose Categories (Optional)","Elegir categorías (opcional)","Game interface: <label>","components/games/StopTheFireGame.tsx:1087","Contextual Spanish draft","Source present; runtime Spanish available"
"interface.0462","Choose English or Spanish (Spain) for the interface on this device. Questions and answers keep their original language.","Elige inglés o español (España) para la interfaz en este dispositivo. Las preguntas y respuestas mantienen su idioma original.","Explain preference storage and separation from study content.","data/i18n/spanish-spain.json","Contextual Spanish draft","Retained vocabulary / fallback wording"
"interface.0463","Choose from compatible games next.","Después podrás elegir entre los juegos compatibles.","Game interface: <span>","components/games/GamePreview.tsx:768","Contextual Spanish draft","Source present; runtime Spanish available"
"interface.0464","Choose from multiple classroom game formats for review, warmers, and end-of-lesson practice.","Elige entre distintos formatos de juego para repasar, empezar la clase con una actividad breve o practicar al final de la sesión.","Footer landing page: public information for teachers","pages/SeoLandingPages.tsx:24","Contextual Spanish draft","Source present; runtime Spanish available"
"interface.0465","Choose from the built-in 1000-category bank.","Elige del banco integrado de 1000 categorías.","Game interface: <p>","components/games/GameConfigurator.tsx:172","Contextual Spanish draft","Source present; runtime Spanish available"
"interface.0466","Choose how The Teachers' Room looks on this device.","Elige la apariencia de The Teachers' Room en este dispositivo.","Website interface: <p>","data/i18n/spanish-spain.json","Contextual Spanish draft","Retained vocabulary / fallback wording"
"interface.0467","Choose how they answer","Elige cómo responderán","Website interface: <dt>","pages/TimeBombPage.tsx:67","Contextual Spanish draft","Source present; runtime Spanish available"
"interface.0468","Choose how to create your game: Manually or using AI Assistant.","Elige cómo crear tu juego: manualmente o con el asistente de IA.","Visible/accessibility attribute: text","pages/Games.tsx:2941","Contextual Spanish draft","Source present; runtime Spanish available"
"interface.0469","Choose how to play","Elige cómo jugar","Game interface: <h2>","components/games/GamePreview.tsx:744","Contextual Spanish draft","Source present; runtime Spanish available"
"interface.0470","Choose how your class plays","Elige cómo juega tu clase","Game format information","pages/MillionaireMakerPage.tsx:43","Contextual Spanish draft","Source present; runtime Spanish available"
"interface.0471","Choose Logo File","Elegir archivo del logotipo","Website interface: <button>","pages/ChangePlan.tsx:501","Contextual Spanish draft","Source present; runtime Spanish available"
"interface.0472","Choose questions your students can tackle fairly quickly, so everyone gets a turn. A few familiar questions are a great way to help them settle into the game before you add a challenge.","Elige preguntas que el alumnado pueda resolver con cierta rapidez para que todos tengan su turno. Empieza con algunas conocidas para que entren en el juego antes de añadir un reto.","Website interface: <p>","pages/TimeBombPage.tsx:51","Contextual Spanish draft","Source present; runtime Spanish available"
"interface.0473","Choose something you’re teaching and make it a game you can enjoy together.","Elige algo que estés enseñando y conviértelo en un juego para disfrutar juntos.","Website interface: <p>","pages/BlockBeatersPage.tsx:84 | pages/JeopardyPage.tsx:84 | pages/LiveQuizPage.tsx:84 | pages/PubQuizPage.tsx:84 | pages/SurveyShowdownPage.tsx:84 | pages/TimeBombPage.tsx:84 | pages/TriviaPage.tsx:84 | pages/WordWheelPage.tsx:84","Contextual Spanish draft","Source present; runtime Spanish available"
"interface.0474","Choose the answer time before you start. During the game, you can lock answers, reveal the result and decide when to move to the next question.","Elige el tiempo de respuesta antes de empezar. Durante la partida puedes bloquear las respuestas, mostrar el resultado y decidir cuándo pasar a la siguiente pregunta.","Website interface: <dd>","pages/LiveQuizPage.tsx:66","Contextual Spanish draft","Source present; runtime Spanish available"
"interface.0475","Choose the layout, name each","Elige la distribución y pon nombre a cada","Website interface: <p>","pages/Games.tsx:385","Contextual Spanish draft","Source present; runtime Spanish available"
"interface.0476","Choose the next category to play.","Elige la siguiente categoría para jugar.","Game interface: <p>","components/games/PubQuizGame.tsx:672","Contextual Spanish draft","Source present; runtime Spanish available"
"interface.0477","Choose the next round from your topic cards. Keep everything around one subject or mix things up so different students have a chance to shine.","Elige la siguiente ronda entre tus tarjetas de temas. Puedes centrarlo todo en un tema o variar para que distintos alumnos tengan su momento.","Website interface: <Screenshot>","pages/PubQuizPage.tsx:54","Contextual Spanish draft","Source present; runtime Spanish available"
"interface.0478","Choose the number of categories and the round length. Start with fewer categories and more time, then turn up the challenge when everyone has the idea.","Elige el número de categorías y la duración. Empieza con menos categorías y más tiempo, y aumenta el reto cuando todos sepan jugar.","Game format information","pages/StopTheFirePage.tsx:40","Contextual Spanish draft","Source present; runtime Spanish available"
"interface.0479","Choose the plan that fits now. These plans are free during early access, and no credit card information is required to sign up.","Elige el plan que mejor se adapte a ti. Los planes son gratuitos durante el acceso anticipado y no necesitas una tarjeta de crédito para registrarte.","Account and profile","pages/ChangePlan.tsx:233","Contextual Spanish draft","Source present; runtime Spanish available"
"interface.0480","Choose the starting countdown and how many lives each team gets. You can pause during play whenever your students need a moment to talk something through.","Elige la cuenta atrás inicial y las vidas de cada equipo. Puedes pausar la partida cuando el alumnado necesite comentar alguna idea.","Website interface: <dd>","pages/TimeBombPage.tsx:66","Contextual Spanish draft","Source present; runtime Spanish available"
"interface.0481","Choose topics that fit your lesson, from fractions and forces to art and literature. Write the questions yourself or ask AI for a draft, then check and edit before playing.","Elige temas de tu clase, desde fracciones y fuerzas hasta arte y literatura. Escribe las preguntas o pide un borrador a la IA, y revísalo y edítalo antes de jugar.","Website interface: <dd>","pages/PubQuizPage.tsx:65","Contextual Spanish draft","Source present; runtime Spanish available"
"interface.0482","Choose what you want to practise, bring your teams together and let the game begin.","Elige qué practicar, reúne a los equipos y que empiece la partida.","Game format information","pages/SnakesAndLaddersPage.tsx:62","Contextual Spanish draft","Source present; runtime Spanish available"
"interface.0483","Choose your categories and write questions that fit what you’re teaching, or ask AI for a starting point. You can edit the questions and add pictures before you play.","Elige las categorías y escribe preguntas relacionadas con lo que enseñas, o pide un borrador a la IA. Puedes editar las preguntas y añadir imágenes antes de jugar.","Website interface: <dd>","pages/JeopardyPage.tsx:65","Contextual Spanish draft","Source present; runtime Spanish available"
"interface.0484","Choose your level of surprise","Elige cuántas sorpresas quieres","Game format information","pages/SnakesAndLaddersPage.tsx:39","Contextual Spanish draft","Source present; runtime Spanish available"
"interface.0485","Choose your move","Elige tu movimiento","Conditional/dynamic interface text (check the source context)","components/games/SnakesLaddersGame.tsx:2554","Contextual Spanish draft","Source present; runtime Spanish available"
"interface.0486","Choose Your Path","Elige tu camino","Interface definition: title","components/games/SnakesLaddersGame.tsx:334","Contextual Spanish draft","Source present; runtime Spanish available"
"interface.0487","Choose Your Plan","Elige tu plan","Account and profile","pages/ChangePlan.tsx:230","Contextual Spanish draft","Source present; runtime Spanish available"
"interface.0488","Choose your target.","Elige tu objetivo.","Interface definition: ""title""","pages/DartsChallengePage.tsx:16","Contextual Spanish draft","Source present; runtime Spanish available"
"interface.0489","Choose your teams and take turns rolling. The board keeps the journey visible, so everyone can follow who is ahead and who is catching up.","Elige los equipos y tirad los dados por turnos. El tablero muestra el recorrido para que todos vean quién va por delante y quién se está acercando.","Interface definition: ""text""","pages/SnakesAndLaddersPage.tsx:18","Contextual Spanish draft","Source present; runtime Spanish available"
"interface.0490","Choose your teams, categories and round length. You can reroll the letter before the fire starts, then give everyone the same challenge.","Elige los equipos, las categorías y la duración de la ronda. Puedes volver a sortear la letra antes de que empiece el fuego y plantear el mismo reto a todos.","Interface definition: ""text""","pages/StopTheFirePage.tsx:18","Contextual Spanish draft","Source present; runtime Spanish available"
"interface.0491","Choose your topic and settings, then review the questions.","Elige el tema y los ajustes, y después revisa las preguntas.","Conditional/dynamic interface text (check the source context)","components/games/GameConfigurator.tsx:963","Contextual Spanish draft","Source present; runtime Spanish available"
"interface.0492","Claim hex tiles, steal blocks, and complete a path before the final question.","Conquista hexágonos, roba bloques y completa un camino antes de la pregunta final.","Website interface","pages/Games.tsx:1853","Contextual Spanish draft","Source present; runtime Spanish available"
"interface.0493","Claim one empty tile.","Reclama una casilla libre.","Game controls, settings or feedback","components/games/BlockBeatersGame.tsx:172","Contextual Spanish draft","Source present; runtime Spanish available"
"interface.0494","Claim one open tile.","Reclama una casilla libre.","Game controls, settings or feedback","components/games/GameSetup.tsx:601","Contextual Spanish draft","Source present; runtime Spanish available"
"interface.0495","class time, difficulty, tone.","tiempo de clase, dificultad y tono.","Website interface: <li>","pages/InfoPages.tsx:352","Contextual Spanish draft","Source present; runtime Spanish available"
"interface.0496","Classic","Clásico","Game interface: <button>","components/games/GameSetup.tsx:453","Contextual Spanish draft","Source present; runtime Spanish available"
"interface.0497","Classic board game fun with a learning twist.","La diversión de un juego de tablero clásico con un toque educativo.","Website interface","pages/Games.tsx:1901","Contextual Spanish draft","Source present; runtime Spanish available"
"interface.0498","Classroom game creator","Creador de juegos para el aula","Footer landing page: public information for teachers","pages/SeoLandingPages.tsx:18","Contextual Spanish draft","Source present; runtime Spanish available"
"interface.0499","Classroom quiz maker","Creador de cuestionarios para el aula","Website interface: <SafeLink>","components/Layout.tsx:511","Contextual Spanish draft","Source present; runtime Spanish available"
"interface.0500","Classroom Quiz Maker for Teachers","Crea juegos de preguntas para tus clases","Interface definition: title","pages/SeoLandingPages.tsx:33","Contextual Spanish draft","Source present; runtime Spanish available"
"interface.0501","Clear","Borrar","Game interface: <button>","components/games/GameConfigurator.tsx:1718 | components/games/StopTheFireGame.tsx:1119","Contextual Spanish draft","Source present; runtime Spanish available"
"interface.0502","Clear an opponent tile.","Libera una casilla de otro equipo.","Game controls, settings or feedback","components/games/GameSetup.tsx:603","Contextual Spanish draft","Source present; runtime Spanish available"
"interface.0503","Clear author filter","Quitar el filtro de autor","Visible/accessibility attribute: aria-label","pages/Games.tsx:1555","Contextual Spanish draft","Source present; runtime Spanish available"
"interface.0504","Clear search","Borrar búsqueda","Visible/accessibility attribute: aria-label","pages/InfoPages.tsx:215","Contextual Spanish draft","Source present; runtime Spanish available"
"interface.0505","Clear selection","Quitar selección","Game interface: <button>","components/games/GamePreview.tsx:658","Contextual Spanish draft","Source present; runtime Spanish available"
"interface.0506","Click an answer to open its clue card context.","Haz clic en una respuesta para abrir su tarjeta de pista.","Game interface: <p>","components/games/WordWheelGame.tsx:1140","Contextual Spanish draft","Source present; runtime Spanish available"
"interface.0507","Click board to aim","Haz clic en el tablero para apuntar","Conditional/dynamic interface text (check the source context)","components/games/DartsGame.tsx:1236","Contextual Spanish draft","Source present; runtime Spanish available"
"interface.0508","CLICK BOARD TO AIM","HAZ CLIC EN EL TABLERO PARA APUNTAR","Game interface: <div>","components/games/DartsGame.tsx:1259","Contextual Spanish draft","Source present; runtime Spanish available"
"interface.0509","Click each question to reveal its answer.","Haz clic en cada pregunta para mostrar su respuesta.","Website interface: <p>","pages/InfoPages.tsx:396","Contextual Spanish draft","Source present; runtime Spanish available"
"interface.0510","Click to close","Haz clic para cerrar","Visible/accessibility attribute: title","components/games/BlockBeatersGame.tsx:1682 | components/games/DartsGame.tsx:1565 | components/games/JeopardyGame.tsx:1288 | components/games/MillionaireGame.tsx:816 | components/games/PubQuizGame.tsx:1203 | components/games/SnakesLaddersGame.tsx:2947 | components/games/SurveyShowdownGame.tsx:833 | components/games/TimeBombGame.tsx:2267 | components/games/TriviaGame.tsx:1325","Contextual Spanish draft","Source present; runtime Spanish available"
"interface.0511","Click to Toggle","Haz clic para cambiar","Visible/accessibility attribute: title","components/games/SurveyShowdownGame.tsx:716 | components/games/SurveyShowdownGame.tsx:762","Contextual Spanish draft","Source present; runtime Spanish available"
"interface.0512","Click to zoom","Haz clic para ampliar","Conditional/dynamic interface text (check the source context)","components/games/BlockBeatersGame.tsx:1431 | components/games/BlockBeatersGame.tsx:1496 | components/games/DartsGame.tsx:1310 | components/games/DartsGame.tsx:1392 | components/games/JeopardyGame.tsx:956 | components/games/JeopardyGame.tsx:1037 | components/games/MillionaireGame.tsx:659 | components/games/PubQuizGame.tsx:901 | components/games/PubQuizGame.tsx:992 | components/games/SnakesLaddersGame.tsx:2695 | components/games/SnakesLaddersGame.tsx:2770 | components/games/SurveyShowdownGame.tsx:688 | components/games/TimeBombGame.tsx:1917 | components/games/TimeBombGame.tsx:2003 | components/games/TriviaGame.tsx:1005 | components/games/TriviaGame.tsx:1081","Contextual Spanish draft","Source present; runtime Spanish available"
"interface.0513","Climb the ladder to win big.","Sube por la escala de premios para ganar a lo grande.","Website interface","pages/Games.tsx:1885","Contextual Spanish draft","Source present; runtime Spanish available"
"interface.0514","Close","Cerrar","Close a dialog.","components/games/DartsGame.tsx:1549 | components/games/GameWorkspace.tsx:75 | components/games/LiveQuizSetupModal.tsx:62 | components/games/MillionaireGame.tsx:800 | components/games/SnakesLaddersGame.tsx:2931 | components/games/StudentShareModal.tsx:55 | components/games/SurveyShowdownGame.tsx:817 | components/games/WordWheelGame.tsx:1675 | components/games/WordWheelGame.tsx:1703 | components/games/WordWheelGame.tsx:1738 | components/Layout.tsx:456 | components/LoginModal.tsx:199 | components/shared/StockImagePicker.tsx:233 | data/i18n/interface.json: common.close","Contextual Spanish draft","Source present; runtime Spanish available"
"interface.0515","Close AI prompt","Cerrar las instrucciones para la IA","Visible/accessibility attribute: aria-label","components/games/GamePreview.tsx:714","Contextual Spanish draft","Source present; runtime Spanish available"
"interface.0516","Close answer","Cerrar respuesta","Visible/accessibility attribute: title","components/games/SurveyShowdownGame.tsx:862","Contextual Spanish draft","Source present; runtime Spanish available"
"interface.0517","Close asset credits","Cerrar créditos de recursos","Visible/accessibility attribute: aria-label","components/games/SnakesLaddersGame.tsx:2996","Contextual Spanish draft","Source present; runtime Spanish available"
"interface.0518","Close avatar picker","Cerrar selector de avatar","Visible/accessibility attribute: aria-label","pages/Profile.tsx:742","Contextual Spanish draft","Source present; runtime Spanish available"
"interface.0519","Close beta trial notice","Cerrar aviso de prueba beta","Visible/accessibility attribute: aria-label","pages/ChangePlan.tsx:269","Contextual Spanish draft","Source present; runtime Spanish available"
"interface.0520","Close clue review","Cerrar revisión de pistas","Visible/accessibility attribute: aria-label","components/games/WordWheelGame.tsx:1185","Contextual Spanish draft","Source present; runtime Spanish available"
"interface.0521","Close enlarged question card","Cerrar la ampliación de la tarjeta","Conditional/dynamic interface text (check the source context)","components/games/QuestionCardZoomButton.tsx:111","Contextual Spanish draft","Source present; runtime Spanish available"
"interface.0522","Close generation instructions","Cerrar instrucciones de generación","Visible/accessibility attribute: aria-label","components/games/GameEditor.tsx:1727","Contextual Spanish draft","Source present; runtime Spanish available"
"interface.0523","Close image","Cerrar imagen","Visible/accessibility attribute: aria-label","components/games/BlockBeatersGame.tsx:1666 | components/games/JeopardyGame.tsx:1272 | components/games/PubQuizGame.tsx:1187 | components/games/TimeBombGame.tsx:2251 | components/games/TriviaGame.tsx:1309","Contextual Spanish draft","Source present; runtime Spanish available"
"interface.0524","Close menu","Cerrar menú","Accessible name of the mobile navigation button when open.","data/i18n/interface.json: nav.closeMenu","Contextual Spanish draft","Source present; runtime Spanish available"
"interface.0525","Close message","Cerrar mensaje","Website interface: <button>","pages/SchoolAdmin.tsx:964","Contextual Spanish draft","Source present; runtime Spanish available"
"interface.0526","Close play menu","Cerrar menú de juego","Visible/accessibility attribute: aria-label","components/games/GamePreview.tsx:740","Contextual Spanish draft","Source present; runtime Spanish available"
"interface.0527","Close QR code","Cerrar código QR","Visible/accessibility attribute: aria-label","pages/LiveQuizHost.tsx:604","Contextual Spanish draft","Source present; runtime Spanish available"
"interface.0528","Close Results","Cerrar resultados","Game interface: <button>","components/games/MillionaireGame.tsx:893","Contextual Spanish draft","Source present; runtime Spanish available"
"interface.0529","Close school storage browser","Cerrar explorador de archivos del centro","Visible/accessibility attribute: aria-label","components/school/SchoolStorageBrowser.tsx:216","Contextual Spanish draft","Source present; runtime Spanish available"
"interface.0530","Close screenshot","Cerrar captura","Visible/accessibility attribute: aria-label","components/games/shared/GameTypeLandingPage.tsx:24 | pages/BlockBeatersPage.tsx:20 | pages/JeopardyPage.tsx:20 | pages/LiveQuizPage.tsx:20 | pages/PubQuizPage.tsx:20 | pages/SurveyShowdownPage.tsx:20 | pages/TimeBombPage.tsx:20 | pages/TriviaPage.tsx:20 | pages/WordWheelPage.tsx:20","Contextual Spanish draft","Source present; runtime Spanish available"
"interface.0531","Close sound settings","Cerrar ajustes de sonido","Visible/accessibility attribute: aria-label","components/games/GameSetup.tsx:747","Contextual Spanish draft","Source present; runtime Spanish available"
"interface.0532","Close tour","Cerrar guía","Visible/accessibility attribute: aria-label","pages/Games.tsx:871","Contextual Spanish draft","Source present; runtime Spanish available"
"interface.0533","Close tour popup","Cerrar ventana de la guía","Visible/accessibility attribute: aria-label","pages/Home.tsx:239","Contextual Spanish draft","Source present; runtime Spanish available"
"interface.0534","Close upgrade modal","Cerrar ventana de mejora de plan","Visible/accessibility attribute: aria-label","components/PlanUpgradeModal.tsx:36","Contextual Spanish draft","Source present; runtime Spanish available"
"interface.0535","Cloudflare Turnstile may use strictly necessary security storage when a login or account form is opened.","Cloudflare Turnstile puede utilizar almacenamiento de seguridad estrictamente necesario al abrir un formulario de acceso o de cuenta.","Website interface: <li>","pages/InfoPages.tsx:865","Contextual Spanish draft","Source present; runtime Spanish available"
"interface.0536","Cloudflare Turnstile provides human-verification checks on account and login forms.","Cloudflare Turnstile comprueba que quien utiliza los formularios de cuenta y acceso es una persona.","Website interface: <li>","pages/InfoPages.tsx:834","Contextual Spanish draft","Source present; runtime Spanish available"
"interface.0537","Clue reveal","Mostrar pista","Game interface: <div>","components/games/WordWheelGame.tsx:1543","Contextual Spanish draft","Source present; runtime Spanish available"
"interface.0538","Clues","Pistas","Game interface: <div>","components/games/WordWheelGame.tsx:1506","Contextual Spanish draft","Source present; runtime Spanish available"
"interface.0539","Clues {teamCluesLeft[currentTeam] ?? 0}","Pistas: {teamCluesLeft[currentTeam] ?? 0}","Conditional/dynamic interface text (check the source context)","components/games/WordWheelGame.tsx:1499","Contextual Spanish draft","Source present; runtime Spanish available"
"interface.0540","Code","Código","Website interface: <button> | Website interface: <p>","pages/LiveQuizHost.tsx:585 | pages/LiveQuizJoin.tsx:115","Contextual Spanish draft","Source present; runtime Spanish available"
"interface.0541","Collapse {folder.name}","Contraer {folder.name}","Conditional/dynamic interface text (check the source context)","components/school/SchoolStorageManager.tsx:232","Contextual Spanish draft","Source present; runtime Spanish available"
"interface.0542","Colour theme","Tema de color","Visible/accessibility attribute: aria-label","data/i18n/spanish-spain.json","Contextual Spanish draft","Retained vocabulary / fallback wording"
"interface.0543","Come on in.","Adelante.","Visible/accessibility attribute: title","pages/LiveQuizPage.tsx:54","Contextual Spanish draft","Source present; runtime Spanish available"
"interface.0544","Common questions from teachers using games, student review links, and school accounts.","Preguntas habituales del profesorado que utiliza los juegos, los enlaces de repaso y las cuentas de centro.","Website interface: <p>","pages/InfoPages.tsx:390","Contextual Spanish draft","Source present; runtime Spanish available"
"interface.0545","Community","Comunidad","Interface definition: label","components/games/GamePreview.tsx:599 | pages/Games.tsx:1772","Contextual Spanish draft","Source present; runtime Spanish available"
"interface.0546","Community library browsing","Explora la biblioteca de la comunidad","Account and profile","pages/ChangePlan.tsx:21 | pages/InfoPages.tsx:457","Contextual Spanish draft","Source present; runtime Spanish available"
"interface.0547","Community Saved Games","Juegos guardados de la comunidad","Website interface: <h2>","pages/Games.tsx:1434","Contextual Spanish draft","Source present; runtime Spanish available"
"interface.0548","Community visibility data:","Datos de visibilidad en la comunidad:","Website interface: <strong>","pages/InfoPages.tsx:776","Contextual Spanish draft","Source present; runtime Spanish available"
"interface.0549","Compare Starter, Teacher and School plans. The Teacher Plan is free during early access, with no credit card required.","Compara los planes Inicial, Docente y Centro. El plan Docente es gratuito durante el acceso anticipado y no requiere tarjeta de crédito.","Website interface: <p>","pages/Profile.tsx:571","Contextual Spanish draft","Source present; runtime Spanish available"
"interface.0550","Complete all rounds to finish the game.","Completa todas las rondas para finalizar la partida.","Game interface: <p>","components/games/PubQuizGame.tsx:715","Contextual Spanish draft","Source present; runtime Spanish available"
"interface.0551","Complete the information above first. Then copy the prompt, paste it into your AI tool, and copy the response it gives you back into the box below.","Completa primero la información de arriba. Después copia las instrucciones, pégalas en tu herramienta de IA y copia la respuesta que te dé en el cuadro de abajo.","Game interface: <p>","components/games/GameConfigurator.tsx:1688","Contextual Spanish draft","Source present; runtime Spanish available"
"interface.0552","Configure Sounds","Configurar sonidos","Game interface: <button>","components/games/GameSetup.tsx:218","Contextual Spanish draft","Source present; runtime Spanish available"
"interface.0553","Configure the word-bank options shown, then continue to the editor.","Configura las opciones del banco de palabras y continúa al editor.","Interface definition: text","pages/Games.tsx:2775","Contextual Spanish draft","Source present; runtime Spanish available"
"interface.0554","Configure your game basics, then click ""Open Editor"" to build questions manually.","Configura los datos básicos de tu juego y pulsa «Abrir editor» para crear las preguntas manualmente.","Interface definition: text","pages/Games.tsx:2768","Contextual Spanish draft","Source present; runtime Spanish available"
"interface.0555","Configure your game for AI generation.","Configura tu juego para generarlo con IA.","Interface definition: text","pages/Games.tsx:2786","Contextual Spanish draft","Source present; runtime Spanish available"
"interface.0556","Configure your game: add a title and your categories, then click ""Open Editor"".","Configura tu juego: añade un título y las categorías, y pulsa «Abrir editor».","Interface definition: text","pages/Games.tsx:2763","Contextual Spanish draft","Source present; runtime Spanish available"
"interface.0557","Confirm new password","Confirmar nueva contraseña","Visible/accessibility attribute: placeholder","pages/Profile.tsx:539","Contextual Spanish draft","Source present; runtime Spanish available"
"interface.0558","Confirm New Password","Confirmar nueva contraseña","Website interface: <label>","pages/Profile.tsx:530","Contextual Spanish draft","Source present; runtime Spanish available"
"interface.0559","Confirm Password","Confirmar contraseña","Website interface: <label>","pages/ResetPassword.tsx:144","Contextual Spanish draft","Source present; runtime Spanish available"
"interface.0560","Confirm School Plan","Confirmar el plan Centro","Conditional/dynamic interface text (check the source context)","pages/ChangePlan.tsx:521","Contextual Spanish draft","Source present; runtime Spanish available"
"interface.0561","Confirm your account from that email.","Confirma tu cuenta desde ese correo.","Website interface: <p>","components/Layout.tsx:417","Contextual Spanish draft","Source present; runtime Spanish available"
"interface.0562","Connecting your sides earns a final question: answer it correctly to win! If you end the game early, scores and correct answers decide the result.","¡Conectar tus lados te da una pregunta final: aciértala para ganar! Si terminas la partida antes, la puntuación y los aciertos deciden el resultado.","Website interface: <Screenshot>","pages/BlockBeatersPage.tsx:55","Contextual Spanish draft","Source present; runtime Spanish available"
"interface.0563","Connection Error","Error de conexión","Website interface: <h3>","pages/Games.tsx:1616","Contextual Spanish draft","Source present; runtime Spanish available"
"interface.0564","Consent:","Consentimiento:","Website interface: <strong>","pages/InfoPages.tsx:810","Contextual Spanish draft","Source present; runtime Spanish available"
"interface.0565","Contact","Contacto","Contact the website team.","components/Layout.tsx:521 | data/i18n/interface.json: nav.contact","Contextual Spanish draft","Source present; runtime Spanish available"
"interface.0566","Contact messages are kept for no more than 24 months, unless a longer period is required for an active dispute or legal obligation.","Los mensajes de contacto se conservan durante un máximo de 24 meses, salvo que una reclamación activa o una obligación legal exijan un plazo mayor.","Website interface: <li>","pages/InfoPages.tsx:845","Contextual Spanish draft","Source present; runtime Spanish available"
"interface.0567","Contact messages:","Mensajes de contacto:","Website interface: <strong>","pages/InfoPages.tsx:778","Contextual Spanish draft","Source present; runtime Spanish available"
"interface.0568","containing JSON.","que contenga JSON.","Game interface: <p>","components/games/GameConfigurator.tsx:1690","Contextual Spanish draft","Source present; runtime Spanish available"
"interface.0569","Contains the letter","Contiene la letra","Game controls, settings or feedback","components/games/WordWheelGame.tsx:419 | components/games/WordWheelGame.tsx:1117","Contextual Spanish draft","Source present; runtime Spanish available"
"interface.0570","Content Mode","Modo de contenido","Game interface: <label> | Game interface: <span>","components/games/GameConfigurator.tsx:1283 | components/games/GameSetup.tsx:479","Contextual Spanish draft","Source present; runtime Spanish available"
"interface.0571","Content you create:","Contenido que creas:","Website interface: <strong>","pages/InfoPages.tsx:772","Contextual Spanish draft","Source present; runtime Spanish available"
"interface.0572","Continue","Continuar","Advance after feedback.","components/games/BlockBeatersGame.tsx:1636 | components/games/BlockBeatersGame.tsx:1690 | components/games/JeopardyGame.tsx:1234 | components/games/SnakesLaddersGame.tsx:2895 | components/games/TimeBombGame.tsx:2230 | components/games/TriviaGame.tsx:1270 | components/games/WordWheelGame.tsx:1245 | components/games/WordWheelGame.tsx:1660 | components/games/WordWheelGame.tsx:1686 | pages/ChangePlan.tsx:287 | pages/Games.tsx:472 | data/i18n/interface.json: game.continue","Contextual Spanish draft","Source present; runtime Spanish available"
"interface.0573","Continue as","Continuar como","Website interface: <div>","pages/LiveQuizJoin.tsx:119","Contextual Spanish draft","Source present; runtime Spanish available"
"interface.0574","Continue To The App","Continuar a la aplicación","Website interface: <button>","pages/ResetPassword.tsx:180","Contextual Spanish draft","Source present; runtime Spanish available"
"interface.0575","Continue with {team}","Continuar con {team}","Game controls, settings or feedback","components/games/SnakesLaddersGame.tsx:2212","Contextual Spanish draft","Source present; runtime Spanish available"
"interface.0576","Continue With School Plan","Continuar con el plan Centro","Conditional/dynamic interface text (check the source context)","pages/ChangePlan.tsx:441 | pages/ChangePlan.tsx:520","Contextual Spanish draft","Source present; runtime Spanish available"
"interface.0577","Continue With Starter","Continuar con el plan Inicial","Conditional/dynamic interface text (check the source context)","pages/ChangePlan.tsx:350","Contextual Spanish draft","Source present; runtime Spanish available"
"interface.0578","Continue With Teacher Plan","Continuar con el plan Docente","Conditional/dynamic interface text (check the source context)","pages/ChangePlan.tsx:392","Contextual Spanish draft","Source present; runtime Spanish available"
"interface.0579","Continue without them","Continuar sin ellas","Game interface: <button>","components/games/GameImagePreparation.tsx:147","Contextual Spanish draft","Source present; runtime Spanish available"
"interface.0580","Continuing...","Continuando...","Conditional/dynamic interface text (check the source context)","pages/ChangePlan.tsx:348 | pages/ChangePlan.tsx:389 | pages/ChangePlan.tsx:440","Contextual Spanish draft","Source present; runtime Spanish available"
"interface.0581","Contract:","Contrato:","Website interface: <strong>","pages/InfoPages.tsx:807","Contextual Spanish draft","Source present; runtime Spanish available"
"interface.0582","Copied","Copiado","Conditional/dynamic interface text (check the source context)","components/games/StudentShareModal.tsx:79 | pages/LiveQuizHost.tsx:622 | pages/LiveQuizHost.tsx:769","Contextual Spanish draft","Source present; runtime Spanish available"
"interface.0583","Copy","Copiar","Copy text to the clipboard.","components/games/GameEditor.tsx:1755 | pages/LiveQuizHost.tsx:622 | data/i18n/interface.json: common.copy","Contextual Spanish draft","Source present; runtime Spanish available"
"interface.0584","Copy Code","Copiar código","Website interface: <button>","pages/SchoolAdmin.tsx:924","Contextual Spanish draft","Source present; runtime Spanish available"
"interface.0585","Copy failed. Share this link: {shareUrl}","No se ha podido copiar. Comparte este enlace: {shareUrl}","User message: alert","components/games/GameEditor.tsx:403 | components/games/GameEditor.tsx:445 | pages/Games.tsx:2436 | pages/ShareGame.tsx:111","Contextual Spanish draft","Source present; runtime Spanish available"
"interface.0586","Copy failed. Share this link: {url}","No se ha podido copiar. Comparte este enlace: {url}","User message: alert","components/games/StudentShareModal.tsx:26","Contextual Spanish draft","Source present; runtime Spanish available"
"interface.0587","Copy Instructions","Copiar instrucciones","Visible/accessibility attribute: title","components/games/GameEditor.tsx:1753","Contextual Spanish draft","Source present; runtime Spanish available"
"interface.0588","Copy link","Copiar enlace","Conditional/dynamic interface text (check the source context)","components/games/StudentShareModal.tsx:79 | pages/LiveQuizHost.tsx:769","Contextual Spanish draft","Source present; runtime Spanish available"
"interface.0589","Copy message","Copiar mensaje","Website interface: <button>","pages/SchoolAdmin.tsx:968","Contextual Spanish draft","Source present; runtime Spanish available"
"interface.0590","Copy Prompt for AI Tool","Copiar instrucciones para la herramienta de IA","Game interface: <button>","components/games/GameConfigurator.tsx:1672","Contextual Spanish draft","Source present; runtime Spanish available"
"interface.0591","Coral","Coral","Interface definition: name","components/games/BlockBeatersGame.tsx:79","Contextual Spanish draft","Source present; runtime Spanish available"
"interface.0592","correct","correcto","Game interface: <span> | Game interface: <div> | Game interface: <p> | Website interface: <div>","components/games/BlockBeatersGame.tsx:240 | components/games/BlockBeatersGame.tsx:453 | components/games/BlockBeatersGame.tsx:454 | components/games/BlockBeatersGame.tsx:460 | components/games/BlockBeatersGame.tsx:461 | components/games/BlockBeatersGame.tsx:547 | components/games/BlockBeatersGame.tsx:943 | components/games/BlockBeatersGame.tsx:953 | components/games/BlockBeatersGame.tsx:1609 | components/games/BlockBeatersGame.tsx:1635 | components/games/DartsGame.tsx:414 | components/games/DartsGame.tsx:668 | components/games/DartsGame.tsx:1350 | components/games/DartsGame.tsx:1438 | components/games/DartsGame.tsx:1508 | components/games/DartsGame.tsx:1523 | components/games/GameSetup.tsx:759 | components/games/JeopardyGame.tsx:76 | components/games/JeopardyGame.tsx:331 | components/games/JeopardyGame.tsx:366 | components/games/JeopardyGame.tsx:1200 | components/games/JeopardyGame.tsx:1228 | components/games/JeopardyGame.tsx:1230 | components/games/MillionaireGame.tsx:214 | components/games/PubQuizGame.tsx:411 | components/games/PubQuizGame.tsx:425 | components/games/shared/PracticeReviewSummary.tsx:60 | components/games/SnakesLaddersGame.tsx:1326 | components/games/SnakesLaddersGame.tsx:1797 | components/games/SnakesLaddersGame.tsx:1839 | components/games/SnakesLaddersGame.tsx:2083 | components/games/SnakesLaddersGame.tsx:2877 | components/games/SnakesLaddersGame.tsx:2892 | components/games/SnakesLaddersGame.tsx:2893 | components/games/StopTheFireGame.tsx:737 | components/games/SurveyShowdownGame.tsx:372 | components/games/TimeBombGame.tsx:284 | components/games/TimeBombGame.tsx:705 | components/games/TimeBombGame.tsx:745 | components/games/TimeBombGame.tsx:1951 | components/games/TimeBombGame.tsx:2054 | components/games/TriviaGame.tsx:76 | components/games/TriviaGame.tsx:426 | components/games/TriviaGame.tsx:464 | components/games/TriviaGame.tsx:1235 | components/games/TriviaGame.tsx:1264 | components/games/TriviaGame.tsx:1266 | components/games/WordWheelGame.tsx:36 | components/games/WordWheelGame.tsx:769 | components/games/WordWheelGame.tsx:785 | components/games/WordWheelGame.tsx:989 | components/games/WordWheelGame.tsx:1605 | pages/LiveQuizHost.tsx:700 | pages/LiveQuizStudent.tsx:274","Contextual Spanish draft","Source present; runtime Spanish available"
"interface.0593","Correct","Correcto","Answer feedback, not the verb to correct written text.","components/games/GamePreview.tsx:438 | components/games/GameWorkspace.tsx:106 | components/games/shared/PracticeReviewSummary.tsx:67 | components/games/SnakesLaddersGame.tsx:2909 | components/games/TimeBombGame.tsx:2171 | components/games/WordWheelGame.tsx:208 | components/games/WordWheelGame.tsx:1608 | pages/LiveQuizStudent.tsx:595 | data/i18n/interface.json: game.correct","Contextual Spanish draft","Source present; runtime Spanish available"
"interface.0594","Correct answer","Respuesta correcta","Game interface: <div>","components/games/shared/PracticeReviewSummary.tsx:119","Contextual Spanish draft","Source present; runtime Spanish available"
"interface.0595","Correct Answer","Respuesta correcta","Interface definition: label","components/games/GameSetup.tsx:759","Contextual Spanish draft","Source present; runtime Spanish available"
"interface.0596","Correct Answer Points","Puntos por respuesta correcta","Game interface: <span>","components/games/GameSetup.tsx:515","Contextual Spanish draft","Source present; runtime Spanish available"
"interface.0597","Correct answers can earn up to 10 extra points based on remaining time.","Las respuestas correctas pueden sumar hasta 10 puntos extra según el tiempo restante.","Conditional/dynamic interface text (check the source context)","components/games/GameSetup.tsx:462","Contextual Spanish draft","Source present; runtime Spanish available"
"interface.0598","Correct!","¡Correcto!","Game interface: <h2> | Game interface: <div>","components/games/BlockBeatersGame.tsx:1612 | components/games/DartsGame.tsx:1508 | components/games/JeopardyGame.tsx:1203 | components/games/TriviaGame.tsx:1238","Contextual Spanish draft","Source present; runtime Spanish available"
"interface.0599","CORRECT!","¡CORRECTO!","Game interface: <h2>","components/games/SnakesLaddersGame.tsx:2878","Contextual Spanish draft","Source present; runtime Spanish available"
"interface.0600","Could not change plan.","No se ha podido cambiar de plan.","Account and profile","pages/ChangePlan.tsx:146","Contextual Spanish draft","Source present; runtime Spanish available"
"interface.0601","Could not copy the prompt automatically. Please try again.","No se han podido copiar las instrucciones automáticamente. Inténtalo de nuevo.","Interface definition: text","components/games/GameConfigurator.tsx:615","Contextual Spanish draft","Source present; runtime Spanish available"
"interface.0602","Could not import {label}.","No se ha podido importar {label}.","Game controls, settings or feedback","components/games/GameConfigurator.tsx:639","Contextual Spanish draft","Source present; runtime Spanish available"
"interface.0603","Could not load school admin data.","No se han podido cargar los datos de administración del centro.","Interface definition: text","pages/SchoolAdmin.tsx:109","Contextual Spanish draft","Source present; runtime Spanish available"
"interface.0604","Could not remove school logo.","No se ha podido quitar el logotipo del centro.","Account and profile","pages/Profile.tsx:358","Contextual Spanish draft","Source present; runtime Spanish available"
"interface.0605","Could not switch to School Plan.","No se ha podido cambiar al plan Centro.","Account and profile","pages/ChangePlan.tsx:196","Contextual Spanish draft","Source present; runtime Spanish available"
"interface.0606","Could not upload school logo.","No se ha podido subir el logotipo del centro.","Account and profile","pages/Profile.tsx:339","Contextual Spanish draft","Source present; runtime Spanish available"
"interface.0607","Cover for {game.title}","Portada de {game.title}","Interface definition: alt","components/games/GameCoverEditor.tsx:54 | components/games/GameCoverEditor.tsx:60","Contextual Spanish draft","Source present; runtime Spanish available"
"interface.0608","Cozy room with chess table (XYZ school homework)","Sala acogedora con mesa de ajedrez (deberes del centro XYZ)","Game interface: <h3>","components/games/SnakesLaddersGame.tsx:3008","Contextual Spanish draft","Source present; runtime Spanish available"
"interface.0609","Create","Crear","Game interface: <h2> | Game interface: <h1> | Website interface: <button>","components/games/GameConfigurator.tsx:145 | components/games/GameConfigurator.tsx:962 | components/school/SchoolStorageManager.tsx:552","Contextual Spanish draft","Source present; runtime Spanish available"
"interface.0610","Create {game.type}","Crear {game.type}","Conditional/dynamic interface text (check the source context)","pages/Games.tsx:583","Contextual Spanish draft","Source present; runtime Spanish available"
"interface.0611","Create a","Crear un","Game interface: <Link> | Website interface: <li>","pages/InfoPages.tsx:318","Contextual Spanish draft","Source present; runtime Spanish available"
"interface.0612","Create a {game} game","Crear un juego de {game}","Game controls, settings or feedback","components/games/shared/GameTypeLandingPage.tsx:31","Contextual Spanish draft","Source present; runtime Spanish available"
"interface.0613","Create a Blockbeaters game","Crear un juego de Blockbeaters","Website interface: <Link>","pages/BlockBeatersPage.tsx:6","Contextual Spanish draft","Source present; runtime Spanish available"
"interface.0614","Create a classroom game","Crear un juego para el aula","Footer landing page: public information for teachers","pages/SeoLandingPages.tsx:28","Contextual Spanish draft","Source present; runtime Spanish available"
"interface.0615","Create a free account on the Teacher Plan first, then set up the School Plan to manage teachers.","Crea primero una cuenta gratuita con el plan Docente y después configura el plan Centro para gestionar al profesorado.","Website interface: <p>","pages/SchoolAdmin.tsx:584","Contextual Spanish draft","Source present; runtime Spanish available"
"interface.0616","Create a game","Crear un juego","Create classroom content.","data/i18n/interface.json: nav.create","Contextual Spanish draft","Source present; runtime Spanish available"
"interface.0617","Create a Jeopardy game","Crear un juego de Jeopardy","Website interface: <Link>","pages/JeopardyPage.tsx:6","Contextual Spanish draft","Source present; runtime Spanish available"
"interface.0618","Create a Live Quiz game","Crear un juego de Live Quiz","Website interface: <Link>","pages/LiveQuizPage.tsx:6","Contextual Spanish draft","Source present; runtime Spanish available"
"interface.0619","Create a Pub Quiz game","Crear un juego de Pub Quiz","Website interface: <Link>","pages/PubQuizPage.tsx:6","Contextual Spanish draft","Source present; runtime Spanish available"
"interface.0620","Create a Survey Showdown game","Crear un juego de Survey Showdown","Website interface: <Link>","pages/SurveyShowdownPage.tsx:6","Contextual Spanish draft","Source present; runtime Spanish available"
"interface.0621","Create a Time Bomb game","Crear un juego de Time Bomb","Website interface: <Link>","pages/TimeBombPage.tsx:6","Contextual Spanish draft","Source present; runtime Spanish available"
"interface.0622","Create a Trivia game","Crear un juego de Trivia","Website interface: <Link>","pages/TriviaPage.tsx:6","Contextual Spanish draft","Source present; runtime Spanish available"
"interface.0623","Create a Wordwheel game","Crear un juego de Wordwheel","Website interface: <Link>","pages/WordWheelPage.tsx:6","Contextual Spanish draft","Source present; runtime Spanish available"
"interface.0624","Create Account","Crear cuenta","Conditional/dynamic interface text (check the source context)","components/LoginModal.tsx:361","Contextual Spanish draft","Source present; runtime Spanish available"
"interface.0625","Create an ESL game","Crear un juego de inglés","Footer landing page: public information for teachers","pages/SeoLandingPages.tsx:70","Contextual Spanish draft","Source present; runtime Spanish available"
"interface.0626","Create and use your own custom category list.","Crea y utiliza tu propia lista de categorías.","Game interface: <p>","components/games/GameConfigurator.tsx:160","Contextual Spanish draft","Source present; runtime Spanish available"
"interface.0627","Create classroom games","Crear juegos para el aula","Website interface: <SafeLink>","components/Layout.tsx:510","Contextual Spanish draft","Source present; runtime Spanish available"
"interface.0628","Create classroom games from any topic. Choose trivia, live quiz, Jeopardy-style games, word games, board games, and more.","Crea juegos de aula sobre cualquier tema. Elige Trivia, Live Quiz, juegos de estilo Jeopardy, juegos de palabras, de tablero y mucho más.","Website interface: <p>","pages/Games.tsx:1913","Contextual Spanish draft","Source present; runtime Spanish available"
"interface.0629","Create Classroom Games with AI","Crea juegos para el aula con IA","Interface definition: title","pages/SeoLandingPages.tsx:19","Contextual Spanish draft","Source present; runtime Spanish available"
"interface.0630","Create classroom games, quizzes, and review activities with AI. Turn any lesson topic into trivia, live quizzes, Jeopardy-style games, word games, and more.","Crea juegos, cuestionarios y actividades de repaso con IA. Convierte cualquier tema en Trivia, Live Quiz, juegos de estilo Jeopardy, juegos de palabras y mucho más.","Website interface: <p>","pages/Home.tsx:370","Contextual Spanish draft","Source present; runtime Spanish available"
"interface.0631","Create ESL Classroom Games with AI","Crea juegos para tus clases de inglés con IA","Interface definition: title","pages/SeoLandingPages.tsx:61","Contextual Spanish draft","Source present; runtime Spanish available"
"interface.0632","Create Folder Here","Crear carpeta aquí","Website interface: <label>","components/school/SchoolStorageManager.tsx:536","Contextual Spanish draft","Source present; runtime Spanish available"
"interface.0633","Create game","Crear juego","Website interface: <button>","pages/Games.tsx:631","Contextual Spanish draft","Source present; runtime Spanish available"
"interface.0634","Create games for vocabulary, grammar, speaking prompts, and topic review.","Crea juegos de vocabulario, gramática, propuestas para practicar la expresión oral y repaso de temas.","Footer landing page: public information for teachers","pages/SeoLandingPages.tsx:65","Contextual Spanish draft","Source present; runtime Spanish available"
"interface.0635","Create games from a topic, objective, or uploaded source material.","Crea juegos a partir de un tema, un objetivo de aprendizaje o los materiales que subas.","Footer landing page: public information for teachers","pages/SeoLandingPages.tsx:23","Contextual Spanish draft","Source present; runtime Spanish available"
"interface.0636","Create games, manual mode, AI mode, upload files, source materials, images, editor, save to library, student share links, QR codes, Live Quiz Challenge.","Crear juegos, modo manual, modo IA, subir archivos, materiales de referencia, imágenes, editor, guardar en la biblioteca, enlaces para el alumnado, códigos QR, Live Quiz.","Help, contact or legal information","pages/InfoPages.tsx:119","Contextual Spanish draft","Source present; runtime Spanish available"
"interface.0637","Create Live Lobby","Crear sala en directo","Conditional/dynamic interface text (check the source context)","components/games/LiveQuizSetupModal.tsx:121","Contextual Spanish draft","Source present; runtime Spanish available"
"interface.0638","Create New","Crear nuevo","Interface definition: label","pages/Games.tsx:1771","Contextual Spanish draft","Source present; runtime Spanish available"
"interface.0639","Create quiz games for lessons, revision, and quick checks for understanding. Make trivia quizzes, live quizzes, and team review games from almost any classroom topic.","Crea juegos de preguntas para tus clases, para repasar y para comprobar rápidamente lo que ha entendido el alumnado. Prepara Trivia, Live Quiz y juegos de repaso por equipos sobre casi cualquier tema.","Footer landing page: public information for teachers","pages/SeoLandingPages.tsx:35","Contextual Spanish draft","Source present; runtime Spanish available"
"interface.0640","Create your first game to see it here.","Crea tu primer juego para verlo aquí.","Conditional/dynamic interface text (check the source context)","pages/Games.tsx:1102","Contextual Spanish draft","Source present; runtime Spanish available"
"interface.0641","Created by","Creado por","Game interface: <p> | Website interface: <div>","components/games/SnakesLaddersGame.tsx:3009 | components/games/SnakesLaddersGame.tsx:3022 | pages/StudentGame.tsx:173","Contextual Spanish draft","Source present; runtime Spanish available"
"interface.0642","Created manually","Creado manualmente","Game controls, settings or feedback","components/games/GamePreview.tsx:603","Contextual Spanish draft","Source present; runtime Spanish available"
"interface.0643","Created using AI","Creado con IA","Game controls, settings or feedback","components/games/GamePreview.tsx:603","Contextual Spanish draft","Source present; runtime Spanish available"
"interface.0644","creating and managing adult teacher accounts and providing requested account features.","crear y gestionar cuentas de docentes adultos y ofrecer las funciones de cuenta solicitadas.","Website interface: <li>","pages/InfoPages.tsx:807","Contextual Spanish draft","Source present; runtime Spanish available"
"interface.0645","Creating lobby...","Creando sala...","Conditional/dynamic interface text (check the source context)","components/games/LiveQuizSetupModal.tsx:121","Contextual Spanish draft","Source present; runtime Spanish available"
"interface.0646","Creating...","Creando...","Game interface: <text> | Conditional/dynamic interface text (check the source context)","components/games/AiAssistantChat.tsx:294 | pages/ChangePlan.tsx:517","Contextual Spanish draft","Source present; runtime Spanish available"
"interface.0647","Creation","Creación","Game interface: <dt>","components/games/GameConfigurator.tsx:1950","Contextual Spanish draft","Source present; runtime Spanish available"
"interface.0648","Creative without being messy","Creatividad con orden","Website interface","components/TestimonialCarousel.tsx:83","Contextual Spanish draft","Source present; runtime Spanish available"
"interface.0649","Credits for approximately 50 AI-created games per month","Créditos para crear aproximadamente 50 juegos con IA al mes","Account and profile","pages/ChangePlan.tsx:29 | pages/InfoPages.tsx:483","Contextual Spanish draft","Source present; runtime Spanish available"
"interface.0650","Current","Actual","Game interface: <label>","components/games/GameEditor.tsx:1049","Contextual Spanish draft","Source present; runtime Spanish available"
"interface.0651","Current answer does not match this letter rule.","La respuesta actual no cumple la regla de esta letra.","Game interface: <p>","components/games/GameEditor.tsx:1511","Contextual Spanish draft","Source present; runtime Spanish available"
"interface.0652","Current answer: {answer}. Select a matching option below.","Respuesta actual: {answer}. Selecciona una opción que coincida abajo.","Conditional/dynamic interface text (check the source context)","components/games/GameWorkspace.tsx:92","Contextual Spanish draft","Source present; runtime Spanish available"
"interface.0653","Current code","Código actual","Website interface: <p>","pages/SchoolAdmin.tsx:915","Contextual Spanish draft","Source present; runtime Spanish available"
"interface.0654","Current Password","Contraseña actual","Website interface: <label>","pages/Profile.tsx:498","Contextual Spanish draft","Source present; runtime Spanish available"
"interface.0655","Current plan","Plan actual","Website interface: <p>","pages/Profile.tsx:568","Contextual Spanish draft","Source present; runtime Spanish available"
"interface.0656","Current Plan","Plan actual","Conditional/dynamic interface text (check the source context) | Website interface: <button>","pages/ChangePlan.tsx:353 | pages/ChangePlan.tsx:395 | pages/ChangePlan.tsx:424","Contextual Spanish draft","Source present; runtime Spanish available"
"interface.0657","Current progress in this round will be lost.","Se perderá el progreso de esta ronda.","Game interface: <p>","components/games/WordWheelGame.tsx:1680","Contextual Spanish draft","Source present; runtime Spanish available"
"interface.0658","Current progress will be lost.","Se perderá el progreso actual.","Visible/accessibility attribute: message","components/games/BlockBeatersGame.tsx:1690","Contextual Spanish draft","Source present; runtime Spanish available"
"interface.0659","Current team drops just behind the lowest team.","El equipo actual pasa a situarse justo detrás del último equipo.","Interface definition: description","components/games/GameSetup.tsx:164","Contextual Spanish draft","Source present; runtime Spanish available"
"interface.0660","Current team drops to 0 points.","El equipo actual pierde todos sus puntos.","Interface definition: description","components/games/GameSetup.tsx:161","Contextual Spanish draft","Source present; runtime Spanish available"
"interface.0661","Current team gets double this card value.","El equipo actual consigue el doble del valor de esta tarjeta.","Interface definition: description","components/games/GameSetup.tsx:158","Contextual Spanish draft","Source present; runtime Spanish available"
"interface.0662","Current team goes back to 0 points.","El equipo actual vuelve a 0 puntos.","Interface definition: description","components/games/GameSetup.tsx:162","Contextual Spanish draft","Source present; runtime Spanish available"
"interface.0663","Current team jumps just ahead of the leader.","El equipo actual pasa a situarse justo por delante del líder.","Interface definition: description","components/games/GameSetup.tsx:163","Contextual Spanish draft","Source present; runtime Spanish available"
"interface.0664","Current team loses this card value.","El equipo actual pierde el valor de esta tarjeta.","Interface definition: description","components/games/GameSetup.tsx:159","Contextual Spanish draft","Source present; runtime Spanish available"
"interface.0665","Current team steals points from the leader.","El equipo actual roba puntos al líder.","Interface definition: description","components/games/GameSetup.tsx:160","Contextual Spanish draft","Source present; runtime Spanish available"
"interface.0666","Current uploaded files are already saved to School Storage.","Los archivos subidos ya están guardados en el almacenamiento del centro.","Conditional/dynamic interface text (check the source context)","components/games/GameConfigurator.tsx:1915","Contextual Spanish draft","Source present; runtime Spanish available"
"interface.0667","Current: {PLAN_DEFS[user?.accountType || 'free'].title}","Actual: {PLAN_DEFS[user?.accountType || 'free'].title}","Account and profile","pages/ChangePlan.tsx:237","Contextual Spanish draft","Source present; runtime Spanish available"
"interface.0668","Currently","Actualmente","Game interface: <small>","components/games/GameEditor.tsx:874","Contextual Spanish draft","Source present; runtime Spanish available"
"interface.0669","Currently free during early access for schools testing the platform.","Actualmente es gratuito durante el acceso anticipado para los centros que prueban la plataforma.","Interface definition: subtitle","pages/ChangePlan.tsx:37","Contextual Spanish draft","Source present; runtime Spanish available"
"interface.0670","Currently free during early access. Includes AI game credits for one teacher.","Actualmente es gratuito durante el acceso anticipado. Incluye créditos de juegos con IA para un docente.","Interface definition: subtitle","pages/ChangePlan.tsx:27","Contextual Spanish draft","Source present; runtime Spanish available"
"interface.0671","currently take a separate art-direction prompt like ""make it look like a watercolor painting."" If you need a specific visual style, generate the game first, then replace images in the editor.","actualmente unas instrucciones de estilo independientes, como «dale un aspecto de acuarela». Si necesitas un estilo visual concreto, genera primero el juego y después sustituye las imágenes en el editor.","Website interface: <p>","pages/InfoPages.tsx:360","Contextual Spanish draft","Source present; runtime Spanish available"
"interface.0672","Curriculum-aligned content every time.","Contenido adaptado al currículo en cada ocasión.","Website interface","pages/Home.tsx:441","Contextual Spanish draft","Source present; runtime Spanish available"
"interface.0673","Custom Categories","Categorías personalizadas","Game interface: <h2>","components/games/GameEditor.tsx:917","Contextual Spanish draft","Source present; runtime Spanish available"
"interface.0674","Custom Instructions","Instrucciones adicionales","Game interface: <label>","components/games/GameEditor.tsx:1750","Contextual Spanish draft","Source present; runtime Spanish available"
"interface.0675","Customize the sound effects for your game.","Personaliza los efectos de sonido de tu juego.","Game interface: <p>","components/games/GameSetup.tsx:755","Contextual Spanish draft","Source present; runtime Spanish available"
"interface.0676","Cut planning time in half with AI generation.","Reduce a la mitad el tiempo de preparación con la generación por IA.","Website interface","pages/Home.tsx:439","Contextual Spanish draft","Source present; runtime Spanish available"
"interface.0677","dark","oscuro","Conditional/dynamic interface text (check the source context)","components/Layout.tsx:211 | components/Layout.tsx:310 | components/ProfileWebsiteSettings.tsx:31 | contexts/UnsavedChangesContext.tsx:10 | contexts/UnsavedChangesContext.tsx:11 | contexts/UnsavedChangesContext.tsx:21 | App.tsx:67 | App.tsx:70","Contextual Spanish draft","Source present; runtime Spanish available"
"interface.0678","Dark","Oscuro","Interface definition: label","components/ProfileWebsiteSettings.tsx:31","Contextual Spanish draft","Source present; runtime Spanish available"
"interface.0679","Dark game","Modo oscuro","Switch the game area to a dark appearance.","data/i18n/interface.json: appearance.darkGame","Contextual Spanish draft","Source present; runtime Spanish available"
"interface.0680","Darts Challenge","Darts Challenge","Website interface: <SafeLink> | Interface definition: ""name""","components/Layout.tsx:502 | pages/DartsChallengePage.tsx:7 | pages/Games.tsx:2178","Contextual Spanish draft","Source present; runtime Spanish available"
"interface.0681","Darts Challenge end-of-game podium and team scores","Podio final y puntuaciones por equipos de Darts Challenge","Interface definition: ""alt""","pages/DartsChallengePage.tsx:29","Contextual Spanish draft","Source present; runtime Spanish available"
"interface.0682","Darts Challenge question card asking which planet is known as the Red Planet","Tarjeta de Darts Challenge que pregunta qué planeta se conoce como el planeta rojo","Interface definition: ""alt""","pages/DartsChallengePage.tsx:23","Contextual Spanish draft","Source present; runtime Spanish available"
"interface.0683","Darts Challenge three-dimensional dartboard with team scores and an aiming target","Diana tridimensional de Darts Challenge con puntuaciones de equipos y un objetivo para apuntar","Interface definition: ""alt""","pages/DartsChallengePage.tsx:17","Contextual Spanish draft","Source present; runtime Spanish available"
"interface.0684","Data Controller","Responsable del tratamiento","Website interface: <h3>","pages/InfoPages.tsx:762","Contextual Spanish draft","Source present; runtime Spanish available"
"interface.0685","December 1, 2024","1 de diciembre de 2024","Blog article 5: date","data/blogPosts.ts: article 5, date | data/blogPosts.es.ts: article 5, date","Contextual Spanish draft","Source present; runtime Spanish available"
"interface.0686","Default: Teacher Plan","Predeterminado: plan Docente","Account and profile","pages/ChangePlan.tsx:236","Contextual Spanish draft","Source present; runtime Spanish available"
"interface.0687","Delete ""{file.name}"" from school storage?","¿Eliminar «{file.name}» del almacenamiento del centro?","User message: window.confirm","components/school/SchoolStorageManager.tsx:359","Contextual Spanish draft","Source present; runtime Spanish available"
"interface.0688","Delete {game.title}","Eliminar {game.title}","Conditional/dynamic interface text (check the source context)","pages/Games.tsx:1135","Contextual Spanish draft","Source present; runtime Spanish available"
"interface.0689","Delete account","Eliminar cuenta","Website interface: <span> | Conditional/dynamic interface text (check the source context)","pages/Profile.tsx:715 | pages/Profile.tsx:725","Contextual Spanish draft","Source present; runtime Spanish available"
"interface.0690","Delete empty folder","Eliminar carpeta vacía","Visible/accessibility attribute: title","components/school/SchoolStorageManager.tsx:607","Contextual Spanish draft","Source present; runtime Spanish available"
"interface.0691","Delete file","Eliminar archivo","Visible/accessibility attribute: title","components/school/SchoolStorageManager.tsx:654","Contextual Spanish draft","Source present; runtime Spanish available"
"interface.0692","Delete folder ""{folder.name}""?","¿Eliminar la carpeta «{folder.name}»?","User message: window.confirm","components/school/SchoolStorageManager.tsx:421","Contextual Spanish draft","Source present; runtime Spanish available"
"interface.0693","Delete Question","Eliminar pregunta","Visible/accessibility attribute: title","components/games/GameEditor.tsx:1351","Contextual Spanish draft","Source present; runtime Spanish available"
"interface.0694","Delete this question permanently?","¿Eliminar esta pregunta de forma permanente?","User message: confirmAction","components/games/GameEditor.tsx:646","Contextual Spanish draft","Source present; runtime Spanish available"
"interface.0695","Depending on your location, you may have rights to access, correct, delete, or export your personal data, and to object/restrict certain processing.","Según tu ubicación, puedes tener derecho a acceder, rectificar, eliminar o exportar tus datos personales, así como a oponerte a determinados tratamientos o solicitar su limitación.","Website interface: <p>","pages/InfoPages.tsx:871","Contextual Spanish draft","Source present; runtime Spanish available"
"interface.0696","Describe your lesson topic...","Describe el tema de tu clase...","Visible/accessibility attribute: placeholder","components/games/AiAssistantChat.tsx:350","Contextual Spanish draft","Source present; runtime Spanish available"
"interface.0697","Deselect category","Quitar selección de la categoría","Conditional/dynamic interface text (check the source context)","components/games/GamePreview.tsx:488","Contextual Spanish draft","Source present; runtime Spanish available"
"interface.0698","Designed and managed by 3P Machine digital.","Diseñado y gestionado por 3P Machine digital.","Website interface: <p>","components/Layout.tsx:543","Contextual Spanish draft","Source present; runtime Spanish available"
"interface.0699","Details","Detalles","Visible/accessibility attribute: label","components/games/GamePreview.tsx:630","Contextual Spanish draft","Source present; runtime Spanish available"
"interface.0700","Dialing...","Llamando...","Game interface: <h3>","components/games/MillionaireGame.tsx:841","Contextual Spanish draft","Source present; runtime Spanish available"
"interface.0701","Dice rolling","Tirando los dados","Conditional/dynamic interface text (check the source context)","components/games/SnakesLaddersGame.tsx:2499","Contextual Spanish draft","Source present; runtime Spanish available"
"interface.0702","Dictate","Dictar","Conditional/dynamic interface text (check the source context)","components/games/GameConfigurator.tsx:1836","Contextual Spanish draft","Source present; runtime Spanish available"
"interface.0703","Difficulty","Dificultad","Game interface: <label>","components/games/StopTheFireGame.tsx:1036","Contextual Spanish draft","Source present; runtime Spanish available"
"interface.0704","Disable board bonuses","Desactivar bonificaciones del tablero","Conditional/dynamic interface text (check the source context)","components/games/GameSetup.tsx:592","Contextual Spanish draft","Source present; runtime Spanish available"
"interface.0705","Disable bonus orbs","Desactivar esferas de bonificación","Conditional/dynamic interface text (check the source context)","components/games/GameSetup.tsx:636","Contextual Spanish draft","Source present; runtime Spanish available"
"interface.0706","Disable chaos mode","Desactivar modo caos","Conditional/dynamic interface text (check the source context)","components/games/GameSetup.tsx:690","Contextual Spanish draft","Source present; runtime Spanish available"
"interface.0707","Dismiss","Cerrar","Visible/accessibility attribute: title","components/games/DartsGame.tsx:1242","Contextual Spanish draft","Source present; runtime Spanish available"
"interface.0708","Do students need accounts to join a live quiz?","¿Necesita el alumnado una cuenta para unirse a un Live Quiz?","Help, contact or legal information","pages/InfoPages.tsx:54","Contextual Spanish draft","Source present; runtime Spanish available"
"interface.0709","Do students need teacher accounts to use shared games?","¿Necesita el alumnado una cuenta docente para utilizar los juegos compartidos?","Help, contact or legal information","pages/InfoPages.tsx:50","Contextual Spanish draft","Source present; runtime Spanish available"
"interface.0710","Do voice prompts work?","¿Se pueden dictar las instrucciones para la IA?","Help, contact or legal information","pages/InfoPages.tsx:70","Contextual Spanish draft","Source present; runtime Spanish available"
"interface.0711","Do you want to stop and score this round?","¿Quieres parar y puntuar esta ronda?","Game interface: <p>","components/games/StopTheFireGame.tsx:1470","Contextual Spanish draft","Source present; runtime Spanish available"
"interface.0712","documents/images you attach for AI generation, plus game assets you choose to store.","los documentos e imágenes que adjuntas para generar contenido con IA, además de los recursos de juego que elijas guardar.","Website interface: <li>","pages/InfoPages.tsx:774","Contextual Spanish draft","Source present; runtime Spanish available"
"interface.0713","Don't explode!","¡Que no explote!","Game interface: <span>","components/games/TimeBombGame.tsx:1863","Contextual Spanish draft","Source present; runtime Spanish available"
"interface.0714","Don't have an account?","¿No tienes cuenta?","Conditional/dynamic interface text (check the source context)","components/LoginModal.tsx:390","Contextual Spanish draft","Source present; runtime Spanish available"
"interface.0715","Don't show message again","No volver a mostrar este mensaje","Website interface: <label>","pages/Home.tsx:267","Contextual Spanish draft","Source present; runtime Spanish available"
"interface.0716","Done","Listo","Game interface: <button>","components/games/GameSetup.tsx:799","Contextual Spanish draft","Source present; runtime Spanish available"
"interface.0717","Double points","Puntos dobles","Interface definition: label","components/games/GameSetup.tsx:158","Contextual Spanish draft","Source present; runtime Spanish available"
"interface.0718","DOUBLE POINTS!","¡PUNTOS DOBLES!","Game controls, settings or feedback","components/games/JeopardyGame.tsx:123 | components/games/TriviaGame.tsx:129","Contextual Spanish draft","Source present; runtime Spanish available"
"interface.0719","Doubles, trebles and changing totals make useful starting points for mental maths. You can keep the questions on another subject and still enjoy the arithmetic.","Los dobles, triples y totales cambiantes permiten practicar cálculo mental. Puedes mantener las preguntas de otra asignatura y disfrutar igualmente de los números.","Game format information","pages/DartsChallengePage.tsx:58","Contextual Spanish draft","Source present; runtime Spanish available"
"interface.0720","Drama Coach","Profesor de Teatro","Website interface","components/TestimonialCarousel.tsx:74","Contextual Spanish draft","Source present; runtime Spanish available"
"interface.0721","During a live quiz, with the teacher hosting the quiz and with other participants to the limited extent needed for names/team labels and leaderboard scores.","Durante un Live Quiz, con el docente que lo dirige y con otros participantes, solo en la medida necesaria para mostrar nombres, nombres de equipo y puntuaciones en la clasificación.","Website interface: <li>","pages/InfoPages.tsx:855","Contextual Spanish draft","Source present; runtime Spanish available"
"interface.0722","e.g. Ancient Rome","p. ej., la antigua Roma","Visible/accessibility attribute: placeholder","components/games/GameConfigurator.tsx:992","Contextual Spanish draft","Source present; runtime Spanish available"
"interface.0723","e.g. For Year 7. Focus on everyday life in Ancient Rome. Use straightforward language.","p. ej., para 1.º de ESO. Céntrate en la vida cotidiana de la antigua Roma. Usa un lenguaje sencillo.","Visible/accessibility attribute: placeholder","components/games/GameConfigurator.tsx:1853","Contextual Spanish draft","Source present; runtime Spanish available"
"interface.0724","e.g. Friday revision quiz","p. ej., cuestionario de repaso del viernes","Visible/accessibility attribute: placeholder","components/games/GameConfigurator.tsx:977","Contextual Spanish draft","Source present; runtime Spanish available"
"interface.0725","e.g. Name a fruit (Round {i+1})","p. ej., nombra una fruta (ronda {i+1})","Conditional/dynamic interface text (check the source context)","components/games/GameConfigurator.tsx:1207","Contextual Spanish draft","Source present; runtime Spanish available"
"interface.0726","e.g., Ancient Rome, Ecosystems, Easter revision","p. ej., la antigua Roma, ecosistemas, repaso de Semana Santa","Visible/accessibility attribute: placeholder","components/games/GameConfigurator.tsx:1613","Contextual Spanish draft","Source present; runtime Spanish available"
"interface.0727","e.g., automobile, car","p. ej., automóvil, coche","Visible/accessibility attribute: placeholder","components/games/GameEditor.tsx:1609","Contextual Spanish draft","Source present; runtime Spanish available"
"interface.0728","e.g., Keep the language around B1 level. Avoid trick questions. Focus on phrasal verbs.","p. ej., mantén un nivel de lenguaje B1. Evita las preguntas trampa. Céntrate en los verbos compuestos.","Visible/accessibility attribute: placeholder","components/games/GameConfigurator.tsx:1659","Contextual Spanish draft","Source present; runtime Spanish available"
"interface.0729","e.g., Things in a kitchen","p. ej., cosas de una cocina","Visible/accessibility attribute: placeholder","components/games/GameConfigurator.tsx:1076 | components/games/GameEditor.tsx:969","Contextual Spanish draft","Source present; runtime Spanish available"
"interface.0730","Each","Cada","Website interface: <div>","pages/Games.tsx:425","Contextual Spanish draft","Source present; runtime Spanish available"
"interface.0731","Each answer must start with the question letter. Players type answers.","Cada respuesta debe empezar por la letra de la pregunta. Los jugadores escriben las respuestas.","Game interface: <p>","components/games/GameConfigurator.tsx:1295","Contextual Spanish draft","Source present; runtime Spanish available"
"interface.0732","Each card gets a random value at game start.","Cada tarjeta recibe un valor aleatorio al iniciar la partida.","Conditional/dynamic interface text (check the source context)","components/games/GameSetup.tsx:437","Contextual Spanish draft","Source present; runtime Spanish available"
"interface.0733","Each correct answer gives fixed points.","Cada respuesta correcta suma una cantidad fija de puntos.","Conditional/dynamic interface text (check the source context)","components/games/GameSetup.tsx:463","Contextual Spanish draft","Source present; runtime Spanish available"
"interface.0734","Each letter comes with a clue. Read it together, think of an answer that fits the letter, then type it in and find out whether your team has got it right.","Cada letra tiene una pista. Leedla juntos, pensad una respuesta que encaje con la letra y escribidla para descubrir si el equipo ha acertado.","Website interface: <Screenshot>","pages/WordWheelPage.tsx:50","Contextual Spanish draft","Source present; runtime Spanish available"
"interface.0735","Each team can retake this many tiles from opponents.","Cada equipo puede recuperar esta cantidad de casillas de sus rivales.","Game interface: <p>","components/games/GameSetup.tsx:549","Contextual Spanish draft","Source present; runtime Spanish available"
"interface.0736","Each team takes a turn choosing a number to reveal a question. Give them a moment to talk it through and agree on an answer before time runs out.","Cada equipo elige un número por turnos para mostrar una pregunta. Dales tiempo para comentarla y acordar una respuesta antes de que se agote el tiempo.","Website interface: <Screenshot>","pages/TriviaPage.tsx:50","Contextual Spanish draft","Source present; runtime Spanish available"
"interface.0737","Early Access For Teachers","Acceso anticipado para docentes","Website interface: <h1>","pages/InfoPages.tsx:447","Contextual Spanish draft","Source present; runtime Spanish available"
"interface.0738","Early Access Period","Periodo de acceso anticipado","Website interface: <h2>","pages/ChangePlan.tsx:279","Contextual Spanish draft","Source present; runtime Spanish available"
"interface.0739","Earn your shot.","Gánate el lanzamiento.","Interface definition: ""title""","pages/DartsChallengePage.tsx:22","Contextual Spanish draft","Source present; runtime Spanish available"
"interface.0740","Easy","Fácil","Game interface: <option>","components/games/DartsGame.tsx:1114 | components/games/GameEditor.tsx:1403","Contextual Spanish draft","Source present; runtime Spanish available"
"interface.0741","Easy to share for practice","Fácil de compartir para practicar","Website interface","components/TestimonialCarousel.tsx:75","Contextual Spanish draft","Source present; runtime Spanish available"
"interface.0742","Edit","Editar","Conditional/dynamic interface text (check the source context) | Game interface: <h3> | Game interface: <h2>","components/games/GameWorkspace.tsx:75 | components/games/SurveyShowdownGame.tsx:963 | components/games/WordWheelGame.tsx:1743","Contextual Spanish draft","Source present; runtime Spanish available"
"interface.0743","Edit avatar","Editar avatar","Visible/accessibility attribute: aria-label | Visible/accessibility attribute: title","pages/Profile.tsx:418","Contextual Spanish draft","Source present; runtime Spanish available"
"interface.0744","Edit game","Editar juego","Game interface: <h1> | Game interface: <div> | Game interface: <button>","components/games/GameEditor.tsx:861 | components/games/GamePreview.tsx:624","Contextual Spanish draft","Source present; runtime Spanish available"
"interface.0745","Edit Points Later","Editar los puntos más tarde","Game interface: <option>","components/games/GameConfigurator.tsx:1649","Contextual Spanish draft","Source present; runtime Spanish available"
"interface.0746","Edit questions, answers, images, and game settings before using them with your class.","Edita las preguntas, las respuestas, las imágenes y los ajustes del juego antes de utilizarlo en clase.","Footer landing page: public information for teachers","pages/SeoLandingPages.tsx:25","Contextual Spanish draft","Source present; runtime Spanish available"
"interface.0747","Edit team","Editar equipo","Game interface: <h2>","components/games/BlockBeatersGame.tsx:1718","Contextual Spanish draft","Source present; runtime Spanish available"
"interface.0748","Edit Team","Editar equipo","Game interface: <h3>","components/games/DartsGame.tsx:1581","Contextual Spanish draft","Source present; runtime Spanish available"
"interface.0749","Edit Team Details","Editar datos del equipo","Game interface: <h3>","components/games/JeopardyGame.tsx:868 | components/games/PubQuizGame.tsx:829 | components/games/TriviaGame.tsx:917","Contextual Spanish draft","Source present; runtime Spanish available"
"interface.0750","Eliminated","Eliminado","Game interface: <span>","components/games/TimeBombGame.tsx:1798","Contextual Spanish draft","Source present; runtime Spanish available"
"interface.0751","Email","Correo electrónico","Website interface: <label>","pages/InfoPages.tsx:589","Contextual Spanish draft","Source present; runtime Spanish available"
"interface.0752","Email Address","Dirección de correo electrónico","Website interface: <label>","components/LoginModal.tsx:268 | pages/Profile.tsx:477","Contextual Spanish draft","Source present; runtime Spanish available"
"interface.0753","Email cannot be changed directly.","El correo electrónico no se puede cambiar directamente.","Website interface: <p>","pages/Profile.tsx:489","Contextual Spanish draft","Source present; runtime Spanish available"
"interface.0754","Empty","Vacío","Game interface: <div>","components/games/SurveyShowdownGame.tsx:770","Contextual Spanish draft","Source present; runtime Spanish available"
"interface.0755","Enable","Activar","Game interface: <label>","components/games/GameConfigurator.tsx:1762","Contextual Spanish draft","Source present; runtime Spanish available"
"interface.0756","Enable board bonuses","Activar bonificaciones del tablero","Conditional/dynamic interface text (check the source context)","components/games/GameSetup.tsx:592","Contextual Spanish draft","Source present; runtime Spanish available"
"interface.0757","Enable bonus orbs","Activar esferas de bonificación","Conditional/dynamic interface text (check the source context)","components/games/GameSetup.tsx:636","Contextual Spanish draft","Source present; runtime Spanish available"
"interface.0758","Enable chaos mode","Activar modo caos","Conditional/dynamic interface text (check the source context)","components/games/GameSetup.tsx:690","Contextual Spanish draft","Source present; runtime Spanish available"
"interface.0759","Encourage shared decisions","Fomenta las decisiones compartidas","Game format information","pages/DartsChallengePage.tsx:53","Contextual Spanish draft","Source present; runtime Spanish available"
"interface.0760","Encourage teams to explain their choices before settling on an answer. Someone might remember a fact, while someone else helps put the pieces together.","Anima a los equipos a explicar sus opciones antes de decidir una respuesta. Alguien puede recordar un dato y otra persona ayudar a relacionar las ideas.","Website interface: <dd>","pages/PubQuizPage.tsx:74","Contextual Spanish draft","Source present; runtime Spanish available"
"interface.0761","End game","Finalizar partida","Game interface: <button>","components/games/BlockBeatersGame.tsx:1693 | components/games/DartsGame.tsx:1638 | components/games/JeopardyGame.tsx:1342 | components/games/PubQuizGame.tsx:1257 | components/games/SnakesLaddersGame.tsx:3070 | components/games/SurveyShowdownGame.tsx:1069 | components/games/TimeBombGame.tsx:2312 | components/games/TriviaGame.tsx:1378","Contextual Spanish draft","Source present; runtime Spanish available"
"interface.0762","End Game","Finalizar partida","Finish the game session and show results.","components/games/BlockBeatersGame.tsx:895 | components/games/DartsGame.tsx:1077 | components/games/JeopardyGame.tsx:748 | components/games/PubQuizGame.tsx:585 | components/games/SnakesLaddersGame.tsx:2336 | components/games/StopTheFireGame.tsx:1519 | components/games/SurveyShowdownGame.tsx:542 | components/games/TimeBombGame.tsx:1764 | components/games/TriviaGame.tsx:800 | components/games/WordWheelGame.tsx:1283 | pages/LiveQuizHost.tsx:734 | pages/LiveQuizHost.tsx:906 | data/i18n/interface.json: game.end","Contextual Spanish draft","Source present; runtime Spanish available"
"interface.0763","End game now","Finalizar la partida ahora","Visible/accessibility attribute: title | Game interface: <button>","components/games/BlockBeatersGame.tsx:906 | components/games/DartsGame.tsx:1075 | components/games/DartsGame.tsx:1088 | components/games/JeopardyGame.tsx:746 | components/games/JeopardyGame.tsx:759 | components/games/PubQuizGame.tsx:583 | components/games/PubQuizGame.tsx:632 | components/games/SnakesLaddersGame.tsx:2333 | components/games/SurveyShowdownGame.tsx:540 | components/games/SurveyShowdownGame.tsx:553 | components/games/TimeBombGame.tsx:1747 | components/games/TimeBombGame.tsx:1762 | components/games/TriviaGame.tsx:798 | components/games/TriviaGame.tsx:811 | components/games/WordWheelGame.tsx:1280 | components/games/WordWheelGame.tsx:1719","Contextual Spanish draft","Source present; runtime Spanish available"
"interface.0764","End game now?","¿Finalizar la partida ahora?","Visible/accessibility attribute: title | Game interface: <h2>","components/games/BlockBeatersGame.tsx:1693 | components/games/DartsGame.tsx:1623 | components/games/JeopardyGame.tsx:1327 | components/games/PubQuizGame.tsx:1242 | components/games/SnakesLaddersGame.tsx:3055 | components/games/SurveyShowdownGame.tsx:1054 | components/games/TimeBombGame.tsx:2297 | components/games/TriviaGame.tsx:1363 | components/games/WordWheelGame.tsx:1707","Contextual Spanish draft","Source present; runtime Spanish available"
"interface.0765","End on a shared experience","Termina con una experiencia compartida","Website interface: <dt>","pages/PubQuizPage.tsx:75","Contextual Spanish draft","Source present; runtime Spanish available"
"interface.0766","End-of-class review","Repaso al final de la clase","Footer landing page: public information for teachers","pages/SeoLandingPages.tsx:55","Contextual Spanish draft","Source present; runtime Spanish available"
"interface.0767","Engage students with interactive formats.","Motiva al alumnado con formatos interactivos.","Website interface","pages/Home.tsx:440","Contextual Spanish draft","Source present; runtime Spanish available"
"interface.0768","English","English","Website interface: <button>","data/i18n/spanish-spain.json","Contextual Spanish draft","Retained vocabulary / fallback wording"
"interface.0769","Enjoy those lightbulb moments.","Disfrutad de esos momentos de comprensión.","Visible/accessibility attribute: title","pages/WordWheelPage.tsx:54","Contextual Spanish draft","Source present; runtime Spanish available"
"interface.0770","Enlarge question card","Ampliar tarjeta de pregunta","Conditional/dynamic interface text (check the source context)","components/games/QuestionCardZoomButton.tsx:111","Contextual Spanish draft","Source present; runtime Spanish available"
"interface.0771","Enlarge screenshot: {alt}","Ampliar captura: {alt}","Conditional/dynamic interface text (check the source context)","pages/BlockBeatersPage.tsx:14 | pages/JeopardyPage.tsx:14 | pages/LiveQuizPage.tsx:14 | pages/PubQuizPage.tsx:14 | pages/SurveyShowdownPage.tsx:14 | pages/TimeBombPage.tsx:14 | pages/TriviaPage.tsx:14 | pages/WordWheelPage.tsx:14","Contextual Spanish draft","Source present; runtime Spanish available"
"interface.0772","Enlarge screenshot: {shot.alt}","Ampliar captura: {shot.alt}","Conditional/dynamic interface text (check the source context)","components/games/shared/GameTypeLandingPage.tsx:18","Contextual Spanish draft","Source present; runtime Spanish available"
"interface.0773","Enter {groupLabel} Name","Escribe el nombre de {groupLabel}","Conditional/dynamic interface text (check the source context)","components/games/GameEditor.tsx:1062","Contextual Spanish draft","Source present; runtime Spanish available"
"interface.0774","Enter a folder name.","Escribe un nombre para la carpeta.","Interface definition: text","components/school/SchoolStorageManager.tsx:262","Contextual Spanish draft","Source present; runtime Spanish available"
"interface.0775","Enter a new password for","Introduce una nueva contraseña para","Website interface: <p>","pages/ResetPassword.tsx:98","Contextual Spanish draft","Source present; runtime Spanish available"
"interface.0776","Enter a nickname","Escribe un apodo","Visible/accessibility attribute: placeholder","pages/LiveQuizJoin.tsx:146 | pages/StudentGame.tsx:201","Contextual Spanish draft","Source present; runtime Spanish available"
"interface.0777","Enter a team's guess and see whether it matches a hidden answer. A match reveals the tile and adds its points to that team's score, then the turn moves on.","Introduce la respuesta de un equipo para ver si coincide con alguna respuesta oculta. Si coincide, se muestra la casilla y se suman sus puntos al equipo; después pasa el turno.","Website interface: <Screenshot>","pages/SurveyShowdownPage.tsx:50","Contextual Spanish draft","Source present; runtime Spanish available"
"interface.0778","Enter full screen","Activar pantalla completa","Conditional/dynamic interface text (check the source context)","components/games/SnakesLaddersGame.tsx:2383","Contextual Spanish draft","Source present; runtime Spanish available"
"interface.0779","Enter fullscreen","Activar pantalla completa","Conditional/dynamic interface text (check the source context)","components/games/BlockBeatersGame.tsx:972 | components/games/JeopardyGame.tsx:809 | components/games/StopTheFireGame.tsx:916 | components/games/TriviaGame.tsx:862","Contextual Spanish draft","Source present; runtime Spanish available"
"interface.0780","Enter game title","Escribe el título del juego","Visible/accessibility attribute: placeholder","components/games/GameEditor.tsx:863","Contextual Spanish draft","Source present; runtime Spanish available"
"interface.0781","Enter points for this round.","Introduce los puntos de esta ronda.","Game interface: <p>","components/games/PubQuizGame.tsx:792","Contextual Spanish draft","Source present; runtime Spanish available"
"interface.0782","Enter school code","Introduce el código del centro","Visible/accessibility attribute: placeholder","components/LoginModal.tsx:332 | pages/Profile.tsx:598","Contextual Spanish draft","Source present; runtime Spanish available"
"interface.0783","Enter the answer here...","Escribe la respuesta aquí...","Visible/accessibility attribute: placeholder","components/games/GameEditor.tsx:1209","Contextual Spanish draft","Source present; runtime Spanish available"
"interface.0784","Enter the categories you want to use. These will be the only categories used in the game.","Escribe las categorías que quieras utilizar. Serán las únicas que aparecerán en el juego.","Game interface: <p>","components/games/GameConfigurator.tsx:1026","Contextual Spanish draft","Source present; runtime Spanish available"
"interface.0785","Enter the question here...","Escribe la pregunta aquí...","Visible/accessibility attribute: placeholder","components/games/GameEditor.tsx:1165","Contextual Spanish draft","Source present; runtime Spanish available"
"interface.0786","Enter your current password before setting a new one.","Introduce tu contraseña actual antes de establecer una nueva.","Website interface: <p>","pages/Profile.tsx:512","Contextual Spanish draft","Source present; runtime Spanish available"
"interface.0787","Enter your game code","Introduce el código del juego","Website interface: <h1>","pages/LiveQuizCodeEntry.tsx:28","Contextual Spanish draft","Source present; runtime Spanish available"
"interface.0788","Enter your name","Escribe tu nombre","Student nickname entry.","data/i18n/interface.json: practice.name","Contextual Spanish draft","Source present; runtime Spanish available"
"interface.0789","Enter your password","Introduce tu contraseña","Visible/accessibility attribute: placeholder","components/LoginModal.tsx:289","Contextual Spanish draft","Source present; runtime Spanish available"
"interface.0790","ESL classroom games","Juegos para clases de inglés","Website interface: <SafeLink>","components/Layout.tsx:513 | pages/SeoLandingPages.tsx:60","Contextual Spanish draft","Source present; runtime Spanish available"
"interface.0791","ESL Strategies for 2025","Estrategias para enseñar inglés como segunda lengua en 2025","Blog article 5: title","data/blogPosts.ts: article 5, title | data/blogPosts.es.ts: article 5, title","Contextual Spanish draft","Source present; runtime Spanish available"
"interface.0792","ESL Teacher","Profesora de inglés como segunda lengua","Website interface","components/TestimonialCarousel.tsx:18","Contextual Spanish draft","Source present; runtime Spanish available"
"interface.0793","Español (España)","Español (España)","Website interface: <button>","data/i18n/spanish-spain.json","Contextual Spanish draft","Retained vocabulary / fallback wording"
"interface.0794","Every answer is a decision. Talk it through, make your choice and watch the next step light up.","Cada respuesta es una decisión. Comentadla, elegid y ved cómo se ilumina el siguiente escalón.","Game format information","pages/MillionaireMakerPage.tsx:11","Contextual Spanish draft","Source present; runtime Spanish available"
"interface.0795","Every answer must start with its assigned letter.","Cada respuesta debe empezar por la letra asignada.","Game interface: <p>","components/games/GameConfigurator.tsx:1248","Contextual Spanish draft","Source present; runtime Spanish available"
"interface.0796","Every turn counts.","Cada turno cuenta.","Interface definition: ""title""","pages/DartsChallengePage.tsx:28","Contextual Spanish draft","Source present; runtime Spanish available"
"interface.0797","Everyone has a place on the board.","Todos tienen su lugar en el tablero.","Interface definition: ""title""","pages/SnakesAndLaddersPage.tsx:16","Contextual Spanish draft","Source present; runtime Spanish available"
"interface.0798","Everyone has an answer. Let’s hear yours. With Live Quiz, your students join on their own devices and answer together, while you lead the questions and enjoy a little friendly competition.","Todos tienen una respuesta. ¡Vamos a escuchar la tuya! Con Live Quiz, el alumnado se une desde sus dispositivos y responde al mismo tiempo, mientras tú diriges las preguntas y disfrutáis de una competición amistosa.","Website interface: <p>","pages/LiveQuizPage.tsx:32","Contextual Spanish draft","Source present; runtime Spanish available"
"interface.0799","Exam practice","Preparación de exámenes","Footer landing page: public information for teachers","pages/SeoLandingPages.tsx:27","Contextual Spanish draft","Source present; runtime Spanish available"
"interface.0800","Exit","Salir","Game interface: <button>","components/games/MillionaireGame.tsx:558 | components/games/shared/PracticeReviewSummary.tsx:99","Contextual Spanish draft","Source present; runtime Spanish available"
"interface.0801","Exit full screen","Salir de pantalla completa","Conditional/dynamic interface text (check the source context)","components/games/SnakesLaddersGame.tsx:2383","Contextual Spanish draft","Source present; runtime Spanish available"
"interface.0802","Exit fullscreen","Salir de pantalla completa","Conditional/dynamic interface text (check the source context)","components/games/BlockBeatersGame.tsx:972 | components/games/JeopardyGame.tsx:809 | components/games/StopTheFireGame.tsx:916 | components/games/TriviaGame.tsx:862","Contextual Spanish draft","Source present; runtime Spanish available"
"interface.0803","Exit Fullscreen","Salir de pantalla completa","Conditional/dynamic interface text (check the source context)","components/games/WordWheelGame.tsx:1342","Contextual Spanish draft","Source present; runtime Spanish available"
"interface.0804","Exit to Game Hub","Volver al centro de juegos","Game interface: <button>","components/games/shared/WinnerCeremonyHero.tsx:806","Contextual Spanish draft","Source present; runtime Spanish available"
"interface.0805","Expand {folder.name}","Expandir {folder.name}","Conditional/dynamic interface text (check the source context)","components/school/SchoolStorageManager.tsx:232","Contextual Spanish draft","Source present; runtime Spanish available"
"interface.0806","Expired school invitation records are removed after a short 30-day administration and security window.","Las invitaciones al centro que han caducado se eliminan tras un breve periodo de 30 días para administración y seguridad.","Website interface: <li>","pages/InfoPages.tsx:846","Contextual Spanish draft","Source present; runtime Spanish available"
"interface.0807","Expires:","Caduca:","Website interface: <div>","pages/SchoolAdmin.tsx:978","Contextual Spanish draft","Source present; runtime Spanish available"
"interface.0808","Explore games and guides","Explora los juegos y las guías","Website interface: <button>","components/Layout.tsx:491","Contextual Spanish draft","Source present; runtime Spanish available"
"interface.0809","Explore scientific terms, historical figures, musical instruments or geographical features. After an answer, ask your students what else they know about it.","Explora términos científicos, personajes históricos, instrumentos musicales o accidentes geográficos. Tras una respuesta, pregunta al alumnado qué más sabe sobre el tema.","Website interface: <dd>","pages/WordWheelPage.tsx:74","Contextual Spanish draft","Source present; runtime Spanish available"
"interface.0810","Exploring the ethical implications and practical benefits of artificial intelligence for modern educators.","Las implicaciones éticas y los beneficios prácticos de la inteligencia artificial para el profesorado actual.","Blog article 1: subtitle","data/blogPosts.ts: article 1, subtitle | data/blogPosts.es.ts: article 1, subtitle","Contextual Spanish draft","Source present; runtime Spanish available"
"interface.0811","Explosion","Explosión","Game interface: <span>","components/games/TimeBombGame.tsx:2218","Contextual Spanish draft","Source present; runtime Spanish available"
"interface.0812","Extend 7 Days","Ampliar 7 días","Conditional/dynamic interface text (check the source context)","pages/SchoolAdmin.tsx:987","Contextual Spanish draft","Source present; runtime Spanish available"
"interface.0813","Extra Instructions","Instrucciones adicionales","Game interface: <label>","components/games/GameConfigurator.tsx:1655","Contextual Spanish draft","Source present; runtime Spanish available"
"interface.0814","Extra turn","Turno extra","Game controls, settings or feedback","components/games/BlockBeatersGame.tsx:168 | components/games/GameSetup.tsx:605","Contextual Spanish draft","Source present; runtime Spanish available"
"interface.0815","Failed","Error","Interface definition: label","components/games/WordWheelGame.tsx:227","Contextual Spanish draft","Source present; runtime Spanish available"
"interface.0816","Failed to create student practice link. Please try again.","No se ha podido crear el enlace de práctica. Inténtalo de nuevo.","User message: alert","pages/Games.tsx:2530 | pages/Games.tsx:2558 | pages/ShareGame.tsx:245 | pages/ShareGame.tsx:273","Contextual Spanish draft","Source present; runtime Spanish available"
"interface.0817","Failed to read file: {file.name}","No se ha podido leer el archivo: {file.name}","User message: alert","components/games/GameConfigurator.tsx:545","Contextual Spanish draft","Source present; runtime Spanish available"
"interface.0818","Failed to save. Please try again.","No se ha podido guardar. Inténtalo de nuevo.","User message: alert","components/games/GameEditor.tsx:330 | pages/Games.tsx:2449 | pages/ShareGame.tsx:124","Contextual Spanish draft","Source present; runtime Spanish available"
"interface.0819","Failed to upload image. Please try again.","No se ha podido subir la imagen. Inténtalo de nuevo.","User message: alert","components/games/GameEditor.tsx:611","Contextual Spanish draft","Source present; runtime Spanish available"
"interface.0820","FAQ","Preguntas frecuentes","Conditional/dynamic interface text (check the source context)","pages/InfoPages.tsx:239","Contextual Spanish draft","Source present; runtime Spanish available"
"interface.0821","FAQs","Preguntas frecuentes","Website interface: <SafeLink> | Interface definition: title | Website interface: <h2>","components/Layout.tsx:520 | pages/InfoPages.tsx:130 | pages/InfoPages.tsx:389","Contextual Spanish draft","Source present; runtime Spanish available"
"interface.0822","Fast word race inspired by Scattergories.","Carrera rápida de palabras inspirada en Scattergories.","Website interface","pages/Games.tsx:1877","Contextual Spanish draft","Source present; runtime Spanish available"
"interface.0823","Fast-paced questions to test knowledge.","Preguntas rápidas para poner a prueba los conocimientos.","Website interface","pages/Games.tsx:1821","Contextual Spanish draft","Source present; runtime Spanish available"
"interface.0824","Figures may change. Review the sources before playing.","Los datos pueden cambiar. Revisa las fuentes antes de jugar.","Game interface: <p>","components/games/GameWebSources.tsx:12","Contextual Spanish draft","Source present; runtime Spanish available"
"interface.0825","file","archivo","Website interface: <span>","components/games/GameConfigurator.tsx:1574 | components/games/GameConfigurator.tsx:1814 | components/games/GameCoverEditor.tsx:94 | components/games/GameEditor.tsx:1781 | components/school/SchoolStorageManager.tsx:563 | pages/ChangePlan.tsx:490 | pages/Profile.tsx:643","Contextual Spanish draft","Source present; runtime Spanish available"
"interface.0826","File deleted.","Archivo eliminado.","Interface definition: text","components/school/SchoolStorageManager.tsx:366","Contextual Spanish draft","Source present; runtime Spanish available"
"interface.0827","File moved.","Archivo movido.","Interface definition: text","components/school/SchoolStorageManager.tsx:346","Contextual Spanish draft","Source present; runtime Spanish available"
"interface.0828","Files","Archivos","Website interface: <h3>","components/school/SchoolStorageBrowser.tsx:304","Contextual Spanish draft","Source present; runtime Spanish available"
"interface.0829","Files In This Folder","Archivos de esta carpeta","Website interface: <h3>","components/school/SchoolStorageManager.tsx:621","Contextual Spanish draft","Source present; runtime Spanish available"
"interface.0830","Fill in the game settings above, then copy a prompt built from those settings. Use ChatGPT, Claude, Gemini, or another AI tool to generate the game content, then upload or paste it here to open a prefilled editor.","Completa los ajustes del juego de arriba y copia las instrucciones creadas a partir de ellos. Usa ChatGPT, Claude, Gemini u otra herramienta de IA para generar el contenido y después súbelo o pégalo aquí para abrir el editor con los datos rellenados.","Game interface: <p>","components/games/GameConfigurator.tsx:1600","Contextual Spanish draft","Source present; runtime Spanish available"
"interface.0831","Fill the board with questions about what your students are learning, from habitats to historical events. Write your own or ask AI for a draft, then check and edit before playing.","Llena el tablero de preguntas sobre lo que está aprendiendo tu clase, desde hábitats hasta acontecimientos históricos. Escríbelas o pide un borrador a la IA, y revísalo y edítalo antes de jugar.","Website interface: <dd>","pages/BlockBeatersPage.tsx:65","Contextual Spanish draft","Source present; runtime Spanish available"
"interface.0832","Filter teachers by status","Filtrar docentes por estado","Visible/accessibility attribute: aria-label","pages/SchoolAdmin.tsx:710","Contextual Spanish draft","Source present; runtime Spanish available"
"interface.0833","Filtering by:","Filtrando por:","Website interface: <span>","pages/Games.tsx:1548","Contextual Spanish draft","Source present; runtime Spanish available"
"interface.0834","Filters","Filtros","Website interface: <button>","pages/Games.tsx:999 | pages/Games.tsx:1460","Contextual Spanish draft","Source present; runtime Spanish available"
"interface.0835","Final board positions","Posiciones finales en el tablero","Visible/accessibility attribute: subtitle","components/games/SnakesLaddersGame.tsx:2261","Contextual Spanish draft","Source present; runtime Spanish available"
"interface.0836","Final checkout standings","Clasificación final por cierre","Conditional/dynamic interface text (check the source context)","components/games/DartsGame.tsx:1040","Contextual Spanish draft","Source present; runtime Spanish available"
"interface.0837","Final Podium","Podio final","Conditional/dynamic interface text (check the source context)","pages/LiveQuizHost.tsx:731 | pages/LiveQuizHost.tsx:902","Contextual Spanish draft","Source present; runtime Spanish available"
"interface.0838","Final positions","Clasificación final","Final standings table.","components/games/shared/WinnerCeremonyHero.tsx:455 | pages/LiveQuizHost.tsx:675 | data/i18n/interface.json: game.finalPositions","Contextual Spanish draft","Source present; runtime Spanish available"
"interface.0839","Final question","Pregunta final","Game interface: <div>","components/games/BlockBeatersGame.tsx:1629","Contextual Spanish draft","Source present; runtime Spanish available"
"interface.0840","Final Question","Pregunta final","Conditional/dynamic interface text (check the source context)","components/games/BlockBeatersGame.tsx:1401","Contextual Spanish draft","Source present; runtime Spanish available"
"interface.0841","Final score standings","Clasificación por puntuación final","Conditional/dynamic interface text (check the source context) | Visible/accessibility attribute: subtitle","components/games/DartsGame.tsx:1040 | components/games/StopTheFireGame.tsx:848","Contextual Spanish draft","Source present; runtime Spanish available"
"interface.0842","Final scores are in.","Ya están las puntuaciones finales.","Conditional/dynamic interface text (check the source context)","pages/LiveQuizStudent.tsx:461","Contextual Spanish draft","Source present; runtime Spanish available"
"interface.0843","Final standings","Clasificación final","Visible/accessibility attribute: subtitle | Website interface: <h1>","components/games/BlockBeatersGame.tsx:868 | components/games/JeopardyGame.tsx:680 | components/games/PubQuizGame.tsx:534 | components/games/shared/WinnerCeremonyHero.tsx:512 | components/games/SurveyShowdownGame.tsx:508 | components/games/TriviaGame.tsx:730 | components/games/WordWheelGame.tsx:1128 | pages/LiveQuizStudent.tsx:459","Contextual Spanish draft","Source present; runtime Spanish available"
"interface.0844","Final survival standings","Clasificación final de supervivencia","Visible/accessibility attribute: subtitle","components/games/TimeBombGame.tsx:969","Contextual Spanish draft","Source present; runtime Spanish available"
"interface.0845","Find out together.","Descubridlo juntos.","Visible/accessibility attribute: title","pages/JeopardyPage.tsx:54 | pages/TriviaPage.tsx:54","Contextual Spanish draft","Source present; runtime Spanish available"
"interface.0846","Find your starting point","Encuentra por dónde empezar","Website interface: <dt>","pages/LiveQuizPage.tsx:73","Contextual Spanish draft","Source present; runtime Spanish available"
"interface.0847","Find your way around the games, get better results from AI, and answer common questions.","Aprende a utilizar los juegos, mejora los resultados de la IA y resuelve las dudas habituales.","Website interface: <p>","pages/InfoPages.tsx:186","Contextual Spanish draft","Source present; runtime Spanish available"
"interface.0848","Finish a topic with a lively team challenge. Afterwards, come back to any questions that caught people out and work through them together.","Termina un tema con un animado reto por equipos. Después retomad las preguntas difíciles y resolvedlas juntos.","Website interface: <dd>","pages/TimeBombPage.tsx:75","Contextual Spanish draft","Source present; runtime Spanish available"
"interface.0849","Finish a unit together","Terminad juntos una unidad","Game format information","pages/SnakesAndLaddersPage.tsx:57","Contextual Spanish draft","Source present; runtime Spanish available"
"interface.0850","Finish Game","Finalizar partida","Conditional/dynamic interface text (check the source context)","components/games/SurveyShowdownGame.tsx:940","Contextual Spanish draft","Source present; runtime Spanish available"
"interface.0851","Finish Game & See Winners","Finalizar partida y ver ganadores","Game interface: <button>","components/games/PubQuizGame.tsx:713","Contextual Spanish draft","Source present; runtime Spanish available"
"interface.0852","Finish with a cheer.","Terminad con un aplauso.","Visible/accessibility attribute: title","pages/LiveQuizPage.tsx:55","Contextual Spanish draft","Source present; runtime Spanish available"
"interface.0853","Finished,","Has terminado,","Game interface: <h1>","components/games/shared/PracticeReviewSummary.tsx:58","Contextual Spanish draft","Source present; runtime Spanish available"
"interface.0854","FIRST PLACE!","¡PRIMER PUESTO!","Game controls, settings or feedback","components/games/JeopardyGame.tsx:128 | components/games/TriviaGame.tsx:134","Contextual Spanish draft","Source present; runtime Spanish available"
"interface.0855","Fixed Count","Cantidad fija","Game interface: <option>","components/games/GameConfigurator.tsx:344","Contextual Spanish draft","Source present; runtime Spanish available"
"interface.0856","Fixed Points","Puntos fijos","Game interface: <option>","components/games/GameConfigurator.tsx:1646","Contextual Spanish draft","Source present; runtime Spanish available"
"interface.0857","Flexible for one-to-one work","Flexible para las clases particulares","Website interface","components/TestimonialCarousel.tsx:59","Contextual Spanish draft","Source present; runtime Spanish available"
"interface.0858","Flexible Q/V/X/Y/Z","Q/V/X/Y/Z flexibles","Game interface: <div>","components/games/GameConfigurator.tsx:1235","Contextual Spanish draft","Source present; runtime Spanish available"
"interface.0859","Flip Back","Volver a la pregunta","Visible/accessibility attribute: title","components/games/DartsGame.tsx:1501 | components/games/PubQuizGame.tsx:1126","Contextual Spanish draft","Source present; runtime Spanish available"
"interface.0860","Flip back to question","Volver a la pregunta","Visible/accessibility attribute: title","components/games/JeopardyGame.tsx:1188 | components/games/TriviaGame.tsx:1223","Contextual Spanish draft","Source present; runtime Spanish available"
"interface.0861","Folder created.","Carpeta creada.","Interface definition: text","components/school/SchoolStorageManager.tsx:274","Contextual Spanish draft","Source present; runtime Spanish available"
"interface.0862","Folder deleted.","Carpeta eliminada.","Interface definition: text","components/school/SchoolStorageManager.tsx:428","Contextual Spanish draft","Source present; runtime Spanish available"
"interface.0863","Folder must be empty before it can be deleted.","La carpeta debe estar vacía para poder eliminarla.","Interface definition: text","components/school/SchoolStorageManager.tsx:416","Contextual Spanish draft","Source present; runtime Spanish available"
"interface.0864","Folders","Carpetas","Website interface: <h3>","components/school/SchoolStorageBrowser.tsx:273","Contextual Spanish draft","Source present; runtime Spanish available"
"interface.0865","Follow the scores as teams take their turns, then celebrate the result. A good answer and a well-chosen target can make all the difference.","Sigue las puntuaciones mientras los equipos juegan y celebrad el resultado. Una buena respuesta y un objetivo bien elegido pueden marcar la diferencia.","Interface definition: ""text""","pages/DartsChallengePage.tsx:30","Contextual Spanish draft","Source present; runtime Spanish available"
"interface.0866","Follow the standings as you play and celebrate the final podium together. Then take a moment to revisit anything your class would like another go at.","Sigue la clasificación durante la partida y celebrad juntos el podio final. Después repasad lo que la clase quiera volver a intentar.","Website interface: <Screenshot>","pages/LiveQuizPage.tsx:55","Contextual Spanish draft","Source present; runtime Spanish available"
"interface.0867","For Google ""Paid Services,"" Google states prompts/responses are not used to improve Google products.","Para los «Servicios de pago» de Google, Google declara que las instrucciones y respuestas no se utilizan para mejorar sus productos.","Website interface: <li>","pages/InfoPages.tsx:820","Contextual Spanish draft","Source present; runtime Spanish available"
"interface.0868","For Google ""Unpaid Services,"" Google states prompts/responses may be used to improve its products and machine-learning technologies.","Para los «Servicios gratuitos» de Google, Google declara que las instrucciones y respuestas pueden utilizarse para mejorar sus productos y tecnologías de aprendizaje automático.","Website interface: <li>","pages/InfoPages.tsx:821","Contextual Spanish draft","Source present; runtime Spanish available"
"interface.0869","for how your information is used and how to exercise your rights.","para saber cómo se utiliza tu información y cómo ejercer tus derechos.","Website interface: <p>","components/LoginModal.tsx:371","Contextual Spanish draft","Source present; runtime Spanish available"
"interface.0870","For independent review, share a saved game with students using a link or QR code so they can practise outside class.","Para repasar de forma autónoma, comparte un juego guardado con el alumnado mediante un enlace o código QR para que pueda practicar fuera del aula.","Website interface: <li>","pages/InfoPages.tsx:311","Contextual Spanish draft","Source present; runtime Spanish available"
"interface.0871","For people in the EU/EEA, the legal basis depends on the particular use:","Para las personas de la UE o del EEE, la base jurídica depende del uso concreto:","Website interface: <p>","pages/InfoPages.tsx:805","Contextual Spanish draft","Source present; runtime Spanish available"
"interface.0872","For privacy questions or data requests, email","Para consultas de privacidad o solicitudes sobre tus datos, escribe a","Website interface: <p>","pages/InfoPages.tsx:902","Contextual Spanish draft","Source present; runtime Spanish available"
"interface.0873","For tutoring, I need resources that match the exact student in front of me. Being able to adjust level, topic, and format makes a big difference.","Para las clases particulares necesito recursos que se adapten al alumno que tengo delante. Poder ajustar el nivel, el tema y el formato marca una gran diferencia.","Website interface","components/TestimonialCarousel.tsx:60","Contextual Spanish draft","Source present; runtime Spanish available"
"interface.0874","For whole-class play, use","Para jugar con toda la clase, utiliza","Website interface: <li>","pages/InfoPages.tsx:310","Contextual Spanish draft","Source present; runtime Spanish available"
"interface.0875","Forgot password?","¿Has olvidado la contraseña?","Website interface: <button>","components/LoginModal.tsx:309","Contextual Spanish draft","Source present; runtime Spanish available"
"interface.0876","Format Locked","Formato bloqueado","Game interface: <h3>","components/games/GameConfigurator.tsx:1009","Contextual Spanish draft","Source present; runtime Spanish available"
"interface.0877","Format:","Formato:","Game interface: <span> | Website interface: <strong>","components/games/GameEditor.tsx:1416 | pages/InfoPages.tsx:350","Contextual Spanish draft","Source present; runtime Spanish available"
"interface.0878","Four answer options per question. Up to 1,000 points for speed and accuracy.","Cuatro opciones de respuesta por pregunta. Hasta 1000 puntos por rapidez y precisión.","Game interface: <p>","components/games/GameConfigurator.tsx:1381","Contextual Spanish draft","Source present; runtime Spanish available"
"interface.0879","Four choices appear beside the prize ladder. A correct answer takes you up another step, with the next question waiting to test your confidence.","Aparecen cuatro opciones junto a la escala de premios. Cada respuesta correcta te permite subir un escalón y afrontar la siguiente pregunta.","Interface definition: ""text""","pages/MillionaireMakerPage.tsx:18","Contextual Spanish draft","Source present; runtime Spanish available"
"interface.0880","free during early access","gratis durante el acceso anticipado","Website interface: <p>","pages/InfoPages.tsx:481 | pages/InfoPages.tsx:501","Contextual Spanish draft","Source present; runtime Spanish available"
"interface.0881","Free tile","Casilla gratis","Game controls, settings or feedback","components/games/BlockBeatersGame.tsx:164 | components/games/GameSetup.tsx:601","Contextual Spanish draft","Source present; runtime Spanish available"
"interface.0882","Free to Join","Registro gratuito","Interface definition: title","pages/Home.tsx:442","Contextual Spanish draft","Source present; runtime Spanish available"
"interface.0883","Frequently asked questions about games, school accounts, student accounts, live quiz, images, AI generation, editing, sharing, saving, remixing.","Preguntas frecuentes sobre juegos, cuentas de centro, cuentas del alumnado, Live Quiz, imágenes, generación con IA, edición, compartir, guardar y adaptar.","Help, contact or legal information","pages/InfoPages.tsx:131","Contextual Spanish draft","Source present; runtime Spanish available"
"interface.0884","FRIEND SAYS:","TU AMIGO DICE:","Game interface: <div>","components/games/MillionaireGame.tsx:846","Contextual Spanish draft","Source present; runtime Spanish available"
"interface.0885","Friendly note: this document is for transparency and legal clarity; it is not legal advice to you.","Nota: este documento se ofrece para aportar transparencia y claridad jurídica; no constituye asesoramiento jurídico.","Website interface: <p>","pages/InfoPages.tsx:906","Contextual Spanish draft","Source present; runtime Spanish available"
"interface.0886","Friendly note: this policy is written to be understandable, but it is still a legal agreement.","Nota: esta Política está redactada para ser comprensible, pero sigue siendo un acuerdo jurídico.","Website interface: <p>","pages/InfoPages.tsx:749","Contextual Spanish draft","Source present; runtime Spanish available"
"interface.0887","From an idea or source file to a game ready for class.","De una idea o archivo de referencia a un juego listo para clase.","Website interface: <p>","pages/InfoPages.tsx:293","Contextual Spanish draft","Source present; runtime Spanish available"
"interface.0888","From maths and science to history, languages and beyond, there’s room for whatever you teach.","Desde matemáticas y ciencias hasta historia, idiomas y mucho más: hay espacio para todo lo que enseñas.","Website interface: <p>","pages/BlockBeatersPage.tsx:34 | pages/JeopardyPage.tsx:34 | pages/TimeBombPage.tsx:34 | pages/TriviaPage.tsx:34 | pages/WordWheelPage.tsx:34","Contextual Spanish draft","Source present; runtime Spanish available"
"interface.0889","Full Name","Nombre completo","Website interface: <label>","components/LoginModal.tsx:255 | pages/Profile.tsx:463","Contextual Spanish draft","Source present; runtime Spanish available"
"interface.0890","Fullscreen","Pantalla completa","Conditional/dynamic interface text (check the source context)","components/games/WordWheelGame.tsx:1342","Contextual Spanish draft","Source present; runtime Spanish available"
"interface.0891","game","juego","Game interface: <Link> | Website interface: <div>","pages/Games.tsx:1064","Contextual Spanish draft","Source present; runtime Spanish available"
"interface.0892","Game Consultant","Asesor de juegos","Game interface: <p>","components/games/AiAssistantChat.tsx:229","Contextual Spanish draft","Source present; runtime Spanish available"
"interface.0893","Game cover","Portada del juego","Game interface: <h2> | Visible/accessibility attribute: aria-label | Game interface: <span>","components/games/GameCoverEditor.tsx:74 | components/games/GameCoverEditor.tsx:85 | components/games/GameCoverEditor.tsx:89","Contextual Spanish draft","Source present; runtime Spanish available"
"interface.0894","Game details","Detalles del juego","Game interface: <h2> | Visible/accessibility attribute: label","components/games/GameConfigurator.tsx:967 | components/games/GameEditor.tsx:871","Contextual Spanish draft","Source present; runtime Spanish available"
"interface.0895","Game mode","Modo de juego","Visible/accessibility attribute: aria-label","components/games/GameSetup.tsx:362","Contextual Spanish draft","Source present; runtime Spanish available"
"interface.0896","Game Mode","Modo de juego","Game interface: <label>","components/games/GameSetup.tsx:360","Contextual Spanish draft","Source present; runtime Spanish available"
"interface.0897","Game not available","Juego no disponible","Website interface: <h1>","pages/ShareGame.tsx:359 | pages/StudentGame.tsx:139","Contextual Spanish draft","Source present; runtime Spanish available"
"interface.0898","Game options","Opciones del juego","Game interface: <h2>","components/games/GameSetup.tsx:352","Contextual Spanish draft","Source present; runtime Spanish available"
"interface.0899","GAME OVER","FIN DE LA PARTIDA","Conditional/dynamic interface text (check the source context)","components/games/MillionaireGame.tsx:535","Contextual Spanish draft","Source present; runtime Spanish available"
"interface.0900","GAME PAUSED","PARTIDA EN PAUSA","Game interface: <h2>","components/games/TimeBombGame.tsx:2191","Contextual Spanish draft","Source present; runtime Spanish available"
"interface.0901","Game rules","Reglas del juego","Game interface: <h2>","components/games/GameSetup.tsx:266","Contextual Spanish draft","Source present; runtime Spanish available"
"interface.0902","Game saved to your library.","Juego guardado en tu biblioteca.","User message: alert","pages/Games.tsx:2467 | pages/ShareGame.tsx:138","Contextual Spanish draft","Source present; runtime Spanish available"
"interface.0903","Game sessions started by this teacher.","Partidas iniciadas por este docente.","School administration","pages/SchoolAdmin.tsx:435","Contextual Spanish draft","Source present; runtime Spanish available"
"interface.0904","Game setup","Configuración del juego","Game interface: <p>","components/games/GameConfigurator.tsx:961","Contextual Spanish draft","Source present; runtime Spanish available"
"interface.0905","Game setup summary","Resumen de configuración del juego","Visible/accessibility attribute: aria-label","components/games/GameSetup.tsx:726","Contextual Spanish draft","Source present; runtime Spanish available"
"interface.0906","Game summary","Resumen del juego","Visible/accessibility attribute: aria-label","components/games/GameConfigurator.tsx:1942","Contextual Spanish draft","Source present; runtime Spanish available"
"interface.0907","Game title","Título del juego","Game interface: <label>","components/games/GameConfigurator.tsx:971 | components/games/GameEditor.tsx:862","Contextual Spanish draft","Source present; runtime Spanish available"
"interface.0908","game type, question count, and answer style.","tipo de juego, número de preguntas y formato de respuesta.","Website interface: <li>","pages/InfoPages.tsx:350","Contextual Spanish draft","Source present; runtime Spanish available"
"interface.0909","Game Types","Tipos de juego","Website interface: <h3>","components/Layout.tsx:489","Contextual Spanish draft","Source present; runtime Spanish available"
"interface.0910","Game Win","Victoria en la partida","Interface definition: label","components/games/GameSetup.tsx:762","Contextual Spanish draft","Source present; runtime Spanish available"
"interface.0911","game.","juego.","Game interface: <figcaption>","data/i18n/spanish-spain.json","Contextual Spanish draft","Retained vocabulary / fallback wording"
"interface.0912","games","juegos","Conditional/dynamic interface text (check the source context)","pages/Games.tsx:1582 | pages/Games.tsx:2123 | pages/Home.tsx:227","Contextual Spanish draft","Source present; runtime Spanish available"
"interface.0913","Games","Juegos","Main navigation: create and browse games.","components/games/shared/GameTypeLandingPage.tsx:34 | components/Layout.tsx:483 | pages/BlockBeatersPage.tsx:28 | pages/Home.tsx:257 | pages/InfoPages.tsx:302 | pages/JeopardyPage.tsx:28 | pages/LiveQuizHost.tsx:748 | pages/LiveQuizPage.tsx:28 | pages/PubQuizPage.tsx:28 | pages/SurveyShowdownPage.tsx:28 | pages/TimeBombPage.tsx:28 | pages/TriviaPage.tsx:28 | pages/WordWheelPage.tsx:28 | data/i18n/interface.json: nav.games","Contextual Spanish draft","Source present; runtime Spanish available"
"interface.0914","Games created","Juegos creados","Account and profile","pages/Profile.tsx:437 | pages/SchoolAdmin.tsx:433","Contextual Spanish draft","Source present; runtime Spanish available"
"interface.0915","Games Created","Juegos creados","Visible/accessibility attribute: label","pages/Home.tsx:396","Contextual Spanish draft","Source present; runtime Spanish available"
"interface.0916","Games hub sections","Secciones del centro de juegos","Visible/accessibility attribute: aria-label","pages/Games.tsx:1918","Contextual Spanish draft","Source present; runtime Spanish available"
"interface.0917","games may be stored in your browser localStorage.","los juegos pueden almacenarse localmente en tu navegador.","Website interface: <li>","pages/InfoPages.tsx:782","Contextual Spanish draft","Source present; runtime Spanish available"
"interface.0918","Games played","Partidas jugadas","School administration","pages/SchoolAdmin.tsx:435","Contextual Spanish draft","Source present; runtime Spanish available"
"interface.0919","Games Played","Partidas jugadas","Visible/accessibility attribute: label","pages/Home.tsx:398","Contextual Spanish draft","Source present; runtime Spanish available"
"interface.0920","Games you played","Partidas jugadas","Account and profile","pages/Profile.tsx:439","Contextual Spanish draft","Source present; runtime Spanish available"
"interface.0921","games, prompts, instructions, uploads, edits, and library items.","juegos, instrucciones para la IA, indicaciones, archivos subidos, ediciones y elementos de la biblioteca.","Website interface: <li>","pages/InfoPages.tsx:772","Contextual Spanish draft","Source present; runtime Spanish available"
"interface.0922","Games: from idea to classroom in minutes","Juegos: de la idea al aula en minutos","Website interface: <h3>","pages/InfoPages.tsx:300","Contextual Spanish draft","Source present; runtime Spanish available"
"interface.0923","Gap Fill","Completar huecos","Game interface: <option>","components/games/GameConfigurator.tsx:1147 | components/games/GameConfigurator.tsx:1350 | components/games/GameConfigurator.tsx:1393 | components/games/GameConfigurator.tsx:1459 | components/games/GameConfigurator.tsx:1524 | components/games/GameConfigurator.tsx:1559 | components/games/GameConfigurator.tsx:1630","Contextual Spanish draft","Source present; runtime Spanish available"
"interface.0924","Gather around one shared screen. Roll the dice, answer together and follow your team across the board.","Reuníos frente a una pantalla compartida. Tirad el dado, responded juntos y seguid a vuestro equipo por el tablero.","Game format information","pages/SnakesAndLaddersPage.tsx:9","Contextual Spanish draft","Source present; runtime Spanish available"
"interface.0925","Gather your teams around a shared screen and see what’s behind the next number.","Reúne a los equipos frente a una pantalla compartida y descubre qué hay tras el siguiente número.","Website interface: <p>","pages/TriviaPage.tsx:46","Contextual Spanish draft","Source present; runtime Spanish available"
"interface.0926","Gather your teams, start the countdown and see who can keep their cool.","Reúne a los equipos, inicia la cuenta atrás y descubre quién mantiene la calma.","Website interface: <p>","pages/TimeBombPage.tsx:46","Contextual Spanish draft","Source present; runtime Spanish available"
"interface.0927","Generate multiple-choice, open, or mixed question sets.","Genera conjuntos de preguntas de opción múltiple, abiertas o de ambos tipos.","Footer landing page: public information for teachers","pages/SeoLandingPages.tsx:37","Contextual Spanish draft","Source present; runtime Spanish available"
"interface.0928","Generate questions","Generar preguntas","Conditional/dynamic interface text (check the source context)","components/games/GameConfigurator.tsx:1971","Contextual Spanish draft","Source present; runtime Spanish available"
"interface.0929","Generate questions first, then choose images in the editor.","Genera primero las preguntas y después elige las imágenes en el editor.","Game interface: <span>","components/games/GameConfigurator.tsx:1796","Contextual Spanish draft","Source present; runtime Spanish available"
"interface.0930","Generate questions instantly with a prompt.","Genera preguntas al instante a partir de unas instrucciones.","Game interface: <p>","components/games/GameConfigurator.tsx:211","Contextual Spanish draft","Source present; runtime Spanish available"
"interface.0931","Generate This Game","Generar este juego","Game interface: <text>","components/games/AiAssistantChat.tsx:296","Contextual Spanish draft","Source present; runtime Spanish available"
"interface.0932","Generate, then polish in the editor: fix wording, change answers, replace images, save to library, and hit Play.","Genera el juego y mejóralo en el editor: ajusta el texto, cambia las respuestas, sustituye imágenes, guárdalo en la biblioteca y pulsa Jugar.","Website interface: <li>","pages/InfoPages.tsx:309","Contextual Spanish draft","Source present; runtime Spanish available"
"interface.0933","Generated by AI","Generado con IA","Game interface: <div>","components/games/GameEditor.tsx:1771","Contextual Spanish draft","Source present; runtime Spanish available"
"interface.0934","Generating questions...","Generando preguntas...","Game interface: <text>","components/games/GameConfigurator.tsx:1968","Contextual Spanish draft","Source present; runtime Spanish available"
"interface.0935","Generation instructions","Instrucciones de generación","Game interface: <button> | Visible/accessibility attribute: aria-label","components/games/GameEditor.tsx:876 | components/games/GameEditor.tsx:1723 | components/games/GamePreview.tsx:706","Contextual Spanish draft","Source present; runtime Spanish available"
"interface.0936","Get a topic talking","Haz que un tema dé que hablar","Website interface: <dt>","pages/SurveyShowdownPage.tsx:73","Contextual Spanish draft","Source present; runtime Spanish available"
"interface.0937","Get in Touch","Contacta con nosotros","Website interface: <h1>","pages/InfoPages.tsx:552","Contextual Spanish draft","Source present; runtime Spanish available"
"interface.0938","Get them talking and thinking","Anímales a hablar y pensar","Website interface: <dt>","pages/JeopardyPage.tsx:74 | pages/TriviaPage.tsx:74","Contextual Spanish draft","Source present; runtime Spanish available"
"interface.0939","Get your teams together and let them plan their route across the hexagons.","Reúne a los equipos y deja que planeen su recorrido por los hexágonos.","Website interface: <p>","pages/BlockBeatersPage.tsx:46","Contextual Spanish draft","Source present; runtime Spanish available"
"interface.0940","Get your teams together and see what they know. Pub Quiz brings your questions into themed rounds, with time to talk, compare ideas and enjoy a little friendly competition.","Reúne a los equipos y descubre lo que saben. Pub Quiz organiza tus preguntas en rondas temáticas, con tiempo para hablar, comparar ideas y disfrutar de una competición amistosa.","Website interface: <p>","pages/PubQuizPage.tsx:32","Contextual Spanish draft","Source present; runtime Spanish available"
"interface.0941","Give each part of a unit its own round. Students can revisit the main ideas and spot the bits they would like to practise again.","Dedica una ronda a cada parte de una unidad. El alumnado podrá repasar las ideas principales y detectar lo que quiere practicar de nuevo.","Website interface: <dd>","pages/PubQuizPage.tsx:73","Contextual Spanish draft","Source present; runtime Spanish available"
"interface.0942","Give everyone time to talk it through, then reveal the answer. With open questions, you decide whether the team has earned the points; multiple-choice answers are checked for you.","Dales tiempo para comentarlo y después muestra la respuesta. En las preguntas abiertas, tú decides si el equipo merece los puntos; las de opción múltiple se comprueban automáticamente.","Website interface: <Screenshot>","pages/JeopardyPage.tsx:54","Contextual Spanish draft","Source present; runtime Spanish available"
"interface.0943","Give familiar practice a new setting","Dale otro escenario a la práctica","Game format information","pages/SnakesAndLaddersPage.tsx:49","Contextual Spanish draft","Source present; runtime Spanish available"
"interface.0944","Give teams a little thinking time with the timer, or leave it off for a more relaxed discussion. You can finish the game before the board is cleared.","Da un poco de tiempo para pensar con el temporizador, o desactívalo para conversar con más calma. Puedes finalizar la partida antes de vaciar el tablero.","Website interface: <dd>","pages/JeopardyPage.tsx:66","Contextual Spanish draft","Source present; runtime Spanish available"
"interface.0945","Give teams room to think","Da espacio a los equipos para pensar","Game format information","pages/DartsChallengePage.tsx:43","Contextual Spanish draft","Source present; runtime Spanish available"
"interface.0946","Give teamwork a purpose","Dale un propósito al trabajo en equipo","Website interface: <dt>","pages/BlockBeatersPage.tsx:74","Contextual Spanish draft","Source present; runtime Spanish available"
"interface.0947","Give them a cheer.","¡Un aplauso para todos!","Visible/accessibility attribute: title","pages/PubQuizPage.tsx:55","Contextual Spanish draft","Source present; runtime Spanish available"
"interface.0948","Give them time to think","Dales tiempo para pensar","Website interface: <dt>","pages/PubQuizPage.tsx:66","Contextual Spanish draft","Source present; runtime Spanish available"
"interface.0949","Give your class a quick-thinking challenge. With one letter and a handful of categories, teams race to find their answers before the fire catches up.","Plantea un reto de rapidez mental a tu clase. Con una letra y unas categorías, los equipos buscan respuestas antes de que les alcance el fuego.","Game format information","pages/StopTheFirePage.tsx:8","Contextual Spanish draft","Source present; runtime Spanish available"
"interface.0950","Give your next lesson a little friendly competition. With Trivia, your students work together, share what they know and cheer each other on as they play.","Dale a tu próxima clase una competición amistosa. Con Trivia, el alumnado trabaja en equipo, comparte lo que sabe y se anima mientras juega.","Website interface: <p>","pages/TriviaPage.tsx:32","Contextual Spanish draft","Source present; runtime Spanish available"
"interface.0951","Give your teams a cheer.","¡Un aplauso para los equipos!","Visible/accessibility attribute: title","pages/BlockBeatersPage.tsx:55 | pages/JeopardyPage.tsx:55 | pages/TimeBombPage.tsx:55 | pages/TriviaPage.tsx:55 | pages/WordWheelPage.tsx:55","Contextual Spanish draft","Source present; runtime Spanish available"
"interface.0952","Go back","Volver","Game interface: <button> | Website interface: <button>","components/ErrorBoundary.tsx:78 | components/games/GameImagePreparation.tsx:156 | pages/StudentGame.tsx:142","Contextual Spanish draft","Source present; runtime Spanish available"
"interface.0953","Go back to homepage","Volver a la página de inicio","Visible/accessibility attribute: aria-label | Visible/accessibility attribute: title","pages/LiveQuizCodeEntry.tsx:20 | pages/LiveQuizCodeEntry.tsx:21","Contextual Spanish draft","Source present; runtime Spanish available"
"interface.0954","Go Home","Ir al inicio","Website interface: <button>","pages/ResetPassword.tsx:83","Contextual Spanish draft","Source present; runtime Spanish available"
"interface.0955","Go into first place","Pasar al primer puesto","Interface definition: label","components/games/GameSetup.tsx:163","Contextual Spanish draft","Source present; runtime Spanish available"
"interface.0956","Go to Games","Ir a Juegos","Website interface: <Link>","pages/Home.tsx:494","Contextual Spanish draft","Source present; runtime Spanish available"
"interface.0957","Go to homepage","Ir a la página de inicio","Website interface: <button>","pages/LiveQuizStudent.tsx:169 | pages/LiveQuizStudent.tsx:513","Contextual Spanish draft","Source present; runtime Spanish available"
"interface.0958","Go to last place","Pasar al último puesto","Interface definition: label","components/games/GameSetup.tsx:164","Contextual Spanish draft","Source present; runtime Spanish available"
"interface.0959","Go to next question","Ir a la siguiente pregunta","Game interface: <span> | Game interface: <button>","components/games/PubQuizGame.tsx:1102 | components/games/PubQuizGame.tsx:1164","Contextual Spanish draft","Source present; runtime Spanish available"
"interface.0960","Go to Scoring","Ir a puntuación","Game interface: <button>","components/games/PubQuizGame.tsx:783","Contextual Spanish draft","Source present; runtime Spanish available"
"interface.0961","Good for","Ideal para","Website interface: <h2>","pages/SeoLandingPages.tsx:122","Contextual Spanish draft","Source present; runtime Spanish available"
"interface.0962","Good for theory lessons","Muy útil para las clases teóricas","Website interface","components/TestimonialCarousel.tsx:91","Contextual Spanish draft","Source present; runtime Spanish available"
"interface.0963","Google Fonts supplies the site fonts and receives the normal network information required to deliver those files.","Google Fonts proporciona las fuentes del sitio y recibe la información de red habitual necesaria para entregar esos archivos.","Website interface: <li>","pages/InfoPages.tsx:835","Contextual Spanish draft","Source present; runtime Spanish available"
"interface.0964","Google may retain logs for abuse and safety monitoring under its own policies.","Google puede conservar registros para prevenir abusos y supervisar la seguridad conforme a sus propias políticas.","Website interface: <li>","pages/InfoPages.tsx:822","Contextual Spanish draft","Source present; runtime Spanish available"
"interface.0965","grabs stock visuals from question/answer keywords, or choose","busca imágenes de archivo a partir de palabras clave de las preguntas y respuestas, o elige","Website interface: <li>","pages/InfoPages.tsx:308","Contextual Spanish draft","Source present; runtime Spanish available"
"interface.0966","Grammar review","Repaso de gramática","Footer landing page: public information for teachers","pages/SeoLandingPages.tsx:69","Contextual Spanish draft","Source present; runtime Spanish available"
"interface.0967","Grant Admin","Dar permisos de administración","Conditional/dynamic interface text (check the source context)","pages/SchoolAdmin.tsx:495","Contextual Spanish draft","Source present; runtime Spanish available"
"interface.0968","Great for revision","Estupendo para repasar","Website interface","components/TestimonialCarousel.tsx:43","Contextual Spanish draft","Source present; runtime Spanish available"
"interface.0969","grew from that exact moment: a slightly sleep-deprived teacher dream, a lot of trial and error, and a stubborn belief that teachers deserve tools as fast and adaptable as their classrooms.","nació de ese momento: el sueño de un docente con algo de falta de sueño, muchas pruebas y errores, y la firme convicción de que el profesorado merece herramientas tan rápidas y adaptables como sus clases.","Website interface: <p>","pages/InfoPages.tsx:276","Contextual Spanish draft","Source present; runtime Spanish available"
"interface.0970","Grid size","Tamaño de la cuadrícula","Visible/accessibility attribute: aria-label","components/games/GameSetup.tsx:403","Contextual Spanish draft","Source present; runtime Spanish available"
"interface.0971","Grid Size","Tamaño de la cuadrícula","Conditional/dynamic interface text (check the source context)","components/games/GameConfigurator.tsx:1362","Contextual Spanish draft","Source present; runtime Spanish available"
"interface.0972","Grid Size (Questions)","Tamaño de la cuadrícula (preguntas)","Game interface: <label>","components/games/GameSetup.tsx:400","Contextual Spanish draft","Source present; runtime Spanish available"
"interface.0973","Guess top answers in this survey game!","¡Adivina las respuestas principales en este juego de encuestas!","Website interface","pages/Games.tsx:1869","Contextual Spanish draft","Source present; runtime Spanish available"
"interface.0974","Guess:","Respuesta propuesta:","Game interface: <span>","components/games/SurveyShowdownGame.tsx:892","Contextual Spanish draft","Source present; runtime Spanish available"
"interface.0975","Guest editing. Sign in to save to your library and share your game.","Edición como invitado. Inicia sesión para guardar en tu biblioteca y compartir el juego.","Game interface: <span>","components/games/GameEditor.tsx:903","Contextual Spanish draft","Source present; runtime Spanish available"
"interface.0976","Guest localStorage content remains on your device until you delete it or clear browser data.","El contenido del modo invitado permanece en tu dispositivo hasta que lo elimines o borres los datos del navegador.","Website interface: <li>","pages/InfoPages.tsx:843","Contextual Spanish draft","Source present; runtime Spanish available"
"interface.0977","Guest-mode saved items use browser localStorage.","Los elementos guardados en modo invitado usan el almacenamiento local del navegador.","Website interface: <li>","pages/InfoPages.tsx:864","Contextual Spanish draft","Source present; runtime Spanish available"
"interface.0978","Guide","Guía","Conditional/dynamic interface text (check the source context)","pages/InfoPages.tsx:239","Contextual Spanish draft","Source present; runtime Spanish available"
"interface.0979","Guides & answers","Guías y respuestas","Website interface: <p>","pages/InfoPages.tsx:183","Contextual Spanish draft","Source present; runtime Spanish available"
"interface.0980","Handcrafted","Creado manualmente","Website interface: <option>","pages/Games.tsx:1028 | pages/Games.tsx:1489","Contextual Spanish draft","Source present; runtime Spanish available"
"interface.0981","Hard","Difícil","Game interface: <option>","components/games/GameEditor.tsx:1405","Contextual Spanish draft","Source present; runtime Spanish available"
"interface.0982","Hard letters can contain or start with the letter (contains preferred); all others start with the letter.","Las letras difíciles pueden aparecer al principio o dentro de la respuesta (se prefiere «contiene»); las demás deben aparecer al principio.","Game interface: <p>","components/games/GameConfigurator.tsx:1236","Contextual Spanish draft","Source present; runtime Spanish available"
"interface.0983","Have a school code? Enter it to request school affiliation.","¿Tienes un código de centro? Introdúcelo para solicitar acceso.","Website interface: <p>","pages/Profile.tsx:592","Contextual Spanish draft","Source present; runtime Spanish available"
"interface.0984","Have five minutes to spare or a whole lesson to revisit a topic? Choose how many questions to play and how much thinking time your students need.","¿Tienes cinco minutos libres o toda una clase para repasar un tema? Elige el número de preguntas y el tiempo para pensar que necesita tu alumnado.","Website interface: <dd>","pages/TriviaPage.tsx:66","Contextual Spanish draft","Source present; runtime Spanish available"
"interface.0985","Head-on 3D illustration of the Jeopardy board, with category and point tiles projecting towards the viewer","Ilustración 3D frontal del tablero de Jeopardy, con casillas de categorías y puntos orientadas hacia quien lo mira","Visible/accessibility attribute: alt","pages/JeopardyPage.tsx:37","Contextual Spanish draft","Source present; runtime Spanish available"
"interface.0986","Head-on 3D illustration of the Trivia board, with numbered tiles projecting towards the viewer","Ilustración 3D frontal del tablero de Trivia, con casillas numeradas orientadas hacia quien lo mira","Visible/accessibility attribute: alt","pages/TriviaPage.tsx:37","Contextual Spanish draft","Source present; runtime Spanish available"
"interface.0987","Hello,","Hola:","School administration","pages/SchoolAdmin.tsx:547","Contextual Spanish draft","Source present; runtime Spanish available"
"interface.0988","Help teams support each other","Ayuda a los equipos a apoyarse","Game format information","pages/SnakesAndLaddersPage.tsx:53","Contextual Spanish draft","Source present; runtime Spanish available"
"interface.0989","Help with","Ayuda con","Website interface: <h1>","pages/InfoPages.tsx:184","Contextual Spanish draft","Source present; runtime Spanish available"
"interface.0990","helps you create games using manual tools and AI-assisted generation. Features may include saving content, publishing to community libraries, image search/selection, and optional voice dictation support.","te ayuda a crear juegos manualmente y con IA. Las funciones pueden incluir guardar contenido, publicarlo en bibliotecas de la comunidad, buscar y seleccionar imágenes y, de forma opcional, dictar por voz.","Website interface: <p>","pages/InfoPages.tsx:660","Contextual Spanish draft","Source present; runtime Spanish available"
"interface.0991","Hi! I'm your Game Design Assistant. Tell me a bit about your class, topic, or learning goals, and I'll recommend the best game for you.","¡Hola! Soy tu asistente de diseño de juegos. Cuéntame algo sobre tu clase, el tema o tus objetivos de aprendizaje y te recomendaré el juego más adecuado.","Interface definition: text","components/games/AiAssistantChat.tsx:31","Contextual Spanish draft","Source present; runtime Spanish available"
"interface.0992","Hidden rewards change tile ownership, not points.","Las recompensas ocultas cambian la propiedad de las casillas, no los puntos.","Conditional/dynamic interface text (check the source context)","components/games/GameSetup.tsx:580","Contextual Spanish draft","Source present; runtime Spanish available"
"interface.0993","Hide","Ocultar","Conditional/dynamic interface text (check the source context)","components/games/StopTheFireGame.tsx:1093","Contextual Spanish draft","Source present; runtime Spanish available"
"interface.0994","Hide answer","Ocultar respuesta","Hide the saved answer.","components/games/GamePreview.tsx:405 | data/i18n/interface.json: game.hide","Contextual Spanish draft","Source present; runtime Spanish available"
"interface.0995","Hide bonus cards behind questions.","Oculta cartas de bonificación tras las preguntas.","Game interface: <p>","components/games/GameSetup.tsx:683","Contextual Spanish draft","Source present; runtime Spanish available"
"interface.0996","Hide review","Ocultar repaso","Game controls, settings or feedback","components/games/shared/PracticeReviewSummary.tsx:37","Contextual Spanish draft","Source present; runtime Spanish available"
"interface.0997","Hide School Setup","Ocultar configuración del centro","Conditional/dynamic interface text (check the source context)","pages/ChangePlan.tsx:443 | pages/ChangePlan.tsx:446","Contextual Spanish draft","Source present; runtime Spanish available"
"interface.0998","High Quality","Alta calidad","Interface definition: title","pages/Home.tsx:441","Contextual Spanish draft","Source present; runtime Spanish available"
"interface.0999","High Score","Puntuación más alta","Conditional/dynamic interface text (check the source context)","components/games/DartsGame.tsx:1101","Contextual Spanish draft","Source present; runtime Spanish available"
"interface.1000","High Score (Standard)","Puntuación más alta (estándar)","Game interface: <option>","components/games/GameSetup.tsx:366","Contextual Spanish draft","Source present; runtime Spanish available"
"interface.1001","History recap","Repaso de historia","Footer landing page: public information for teachers","pages/SeoLandingPages.tsx:27","Contextual Spanish draft","Source present; runtime Spanish available"
"interface.1002","History Teacher","Profesora de Historia","Website interface","components/TestimonialCarousel.tsx:50","Contextual Spanish draft","Source present; runtime Spanish available"
"interface.1003","Hit the target by answering correctly.","Acierta la respuesta para dar en el objetivo.","Website interface","pages/Games.tsx:1893","Contextual Spanish draft","Source present; runtime Spanish available"
"interface.1004","Hit!","¡Acierto!","Game interface: <button>","components/games/DartsGame.tsx:1527","Contextual Spanish draft","Source present; runtime Spanish available"
"interface.1005","Home","Inicio","Main navigation: the website home page.","pages/SchoolAdmin.tsx:647 | data/i18n/interface.json: nav.home","Contextual Spanish draft","Source present; runtime Spanish available"
"interface.1006","Host a real-time quiz on the classroom screen while students join from their own devices with a code or QR link.","Dirige una partida de Live Quiz en la pantalla del aula mientras el alumnado se une desde sus dispositivos mediante un código o un enlace QR.","Footer landing page: public information for teachers","pages/SeoLandingPages.tsx:49","Contextual Spanish draft","Source present; runtime Spanish available"
"interface.1007","Host access required","Se requiere acceso de anfitrión","Website interface: <h1>","pages/LiveQuizHost.tsx:642","Contextual Spanish draft","Source present; runtime Spanish available"
"interface.1008","Host Mode (Click to Preview)","Modo anfitrión (haz clic para ver la vista previa)","Visible/accessibility attribute: title","components/games/SurveyShowdownGame.tsx:560 | components/games/SurveyShowdownGame.tsx:610","Contextual Spanish draft","Source present; runtime Spanish available"
"interface.1009","How","Cómo","Website interface: <p>","pages/InfoPages.tsx:265","Contextual Spanish draft","Source present; runtime Spanish available"
"interface.1010","How automated feedback tools are giving teachers their weekends back.","Cómo las herramientas de corrección automática están devolviendo los fines de semana al profesorado.","Blog article 3: subtitle","data/blogPosts.ts: article 3, subtitle | data/blogPosts.es.ts: article 3, subtitle","Contextual Spanish draft","Source present; runtime Spanish available"
"interface.1011","How can we help?","¿Cómo podemos ayudarte?","Visible/accessibility attribute: placeholder","pages/InfoPages.tsx:606","Contextual Spanish draft","Source present; runtime Spanish available"
"interface.1012","How do images work in Games?","¿Cómo funcionan las imágenes en los juegos?","Help, contact or legal information","pages/InfoPages.tsx:74","Contextual Spanish draft","Source present; runtime Spanish available"
"interface.1013","How does Live Quiz Challenge work?","¿Cómo funciona Live Quiz?","Help, contact or legal information","pages/InfoPages.tsx:30","Contextual Spanish draft","Source present; runtime Spanish available"
"interface.1014","How does school document sharing work?","¿Cómo funciona el uso compartido de documentos del centro?","Help, contact or legal information","pages/InfoPages.tsx:66","Contextual Spanish draft","Source present; runtime Spanish available"
"interface.1015","How far can your class go? Talk through each answer, climb the prize ladder together and save a lifeline for that question you are not quite sure about.","¿Hasta dónde llegará tu clase? Comentad cada respuesta, subid juntos por la escala de premios y reservad un comodín para esa pregunta que os haga dudar.","Game format information","pages/MillionaireMakerPage.tsx:8","Contextual Spanish draft","Source present; runtime Spanish available"
"interface.1016","How far will your class go?","¿Hasta dónde llegará tu clase?","Game format information","pages/MillionaireMakerPage.tsx:61","Contextual Spanish draft","Source present; runtime Spanish available"
"interface.1017","How game images are chosen","Cómo se eligen las imágenes de los juegos","Website interface: <h3>","pages/InfoPages.tsx:358","Contextual Spanish draft","Source present; runtime Spanish available"
"interface.1018","How structured templates make AI-generated student reports faster, more consistent, and more personal.","Las plantillas estructuradas permiten redactar informes con IA de forma más rápida, coherente y personalizada.","Blog article 6: subtitle","data/blogPosts.ts: article 6, subtitle | data/blogPosts.es.ts: article 6, subtitle","Contextual Spanish draft","Source present; runtime Spanish available"
"interface.1019","How The Teachers Room started, ESL teaching, classroom games, prep time, surprise lesson time, coursebook photos, quick game creation.","Cómo empezó The Teachers' Room, enseñanza del inglés, juegos de aula, tiempo de preparación, clases imprevistas, fotos del libro de texto, creación rápida de juegos.","Help, contact or legal information","pages/InfoPages.tsx:113","Contextual Spanish draft","Source present; runtime Spanish available"
"interface.1020","How To Use It","Cómo usarlo","Game interface: <label>","components/games/GameConfigurator.tsx:1686","Contextual Spanish draft","Source present; runtime Spanish available"
"interface.1021","How to Use the Site","Cómo utilizar el sitio","Interface definition: title | Website interface: <h2>","pages/InfoPages.tsx:118 | pages/InfoPages.tsx:292","Contextual Spanish draft","Source present; runtime Spanish available"
"interface.1022","How would you like to build your game?","¿Cómo quieres crear tu juego?","Game interface: <p>","components/games/GameConfigurator.tsx:146","Contextual Spanish draft","Source present; runtime Spanish available"
"interface.1023","Human verification is not configured. Please contact support.","La verificación de seguridad no está configurada. Contacta con soporte.","Website interface: <div>","components/AuthTurnstile.tsx:25","Contextual Spanish draft","Source present; runtime Spanish available"
"interface.1024","I am Stuart, an ESL teacher in Valencia, and I have spent around 20 years teaching pretty much every level and age group you can imagine. Over time, one thing became obvious: students come alive with games. Energy goes up, speaking improves, and revision suddenly stops feeling like punishment.","Soy Stuart, profesor de inglés en Valencia, y llevo unos 20 años enseñando a casi todos los niveles y edades que puedas imaginar. Con el tiempo, una cosa se hizo evidente: los juegos dan vida a la clase. Aumenta la energía, mejora la expresión oral y el repaso deja de sentirse como un castigo.","Website interface: <p>","pages/InfoPages.tsx:272","Contextual Spanish draft","Source present; runtime Spanish available"
"interface.1025","I can turn a grammar point into a quick classroom game before the lesson starts. It is especially useful when my teens need energy after written work.","Puedo convertir un punto de gramática en un juego rápido antes de que empiece la clase. Me resulta especialmente útil cuando mis alumnos adolescentes necesitan animarse después de trabajar por escrito.","Website interface","components/TestimonialCarousel.tsx:20","Contextual Spanish draft","Source present; runtime Spanish available"
"interface.1026","I have a school code","Tengo un código de centro","Website interface: <label>","components/LoginModal.tsx:324","Contextual Spanish draft","Source present; runtime Spanish available"
"interface.1027","I like that I can start from an idea and get something structured. The editable output means I can keep the creative parts and fix anything too generic.","Me gusta poder partir de una idea y obtener una actividad bien estructurada. Como el resultado se puede editar, puedo conservar las partes creativas y ajustar lo que resulte demasiado genérico.","Website interface","components/TestimonialCarousel.tsx:84","Contextual Spanish draft","Source present; runtime Spanish available"
"interface.1028","I use it to build quick review games before assessments. The questions are easy to adjust, and the class is much more willing to practise when it feels like a game.","Lo uso para preparar juegos rápidos de repaso antes de las evaluaciones. Las preguntas son fáciles de adaptar y la clase tiene muchas más ganas de practicar cuando la actividad parece un juego.","Website interface","components/TestimonialCarousel.tsx:28","Contextual Spanish draft","Source present; runtime Spanish available"
"interface.1029","I use it when a topic needs a different rhythm. A quiz round, timeline challenge, or team game can be ready quickly enough to actually use.","Lo uso cuando un tema necesita un cambio de ritmo. Puedo preparar rápidamente una ronda de preguntas, un reto de ordenar acontecimientos o un juego por equipos y llevarlo a clase.","Website interface","components/TestimonialCarousel.tsx:52","Contextual Spanish draft","Source present; runtime Spanish available"
"interface.1030","I use the games as lesson starters and exit checks. They are quick enough to prepare, but still feel more polished than something thrown together.","Uso los juegos para empezar las clases y comprobar lo aprendido al final. Se preparan rápido y, aun así, tienen un acabado más cuidado que una actividad improvisada.","Website interface","components/TestimonialCarousel.tsx:68","Contextual Spanish draft","Source present; runtime Spanish available"
"interface.1031","If AI includes MCQs, this controls whether they stay fixed or vary between 2, 3, and 4 options.","Si la IA incluye preguntas de opción múltiple, esto determina si el número de opciones es fijo o varía entre 2, 3 y 4.","Conditional/dynamic interface text (check the source context)","components/games/GameConfigurator.tsx:349","Contextual Spanish draft","Source present; runtime Spanish available"
"interface.1032","If an account exists for","Si existe una cuenta para","Website interface: <p>","components/LoginModal.tsx:230","Contextual Spanish draft","Source present; runtime Spanish available"
"interface.1033","If you are not sure where to start, open the","Si no sabes por dónde empezar, abre el","Website interface: <li>","pages/InfoPages.tsx:303","Contextual Spanish draft","Source present; runtime Spanish available"
"interface.1034","If you don't see it, check your spam folder.","Si no lo ves, revisa la carpeta de correo no deseado.","Website interface: <p>","components/Layout.tsx:419","Contextual Spanish draft","Source present; runtime Spanish available"
"interface.1035","If you enable images,","Si activas las imágenes,","Website interface: <li>","pages/InfoPages.tsx:308","Contextual Spanish draft","Source present; runtime Spanish available"
"interface.1036","If you mark content as public/community, you allow us to display it and allow other users to view, copy, and remix it inside the platform.","Si marcas un contenido como público o de la comunidad, nos autorizas a mostrarlo y a permitir que otros usuarios lo vean, copien y adapten dentro de la plataforma.","Website interface: <li>","pages/InfoPages.tsx:677","Contextual Spanish draft","Source present; runtime Spanish available"
"interface.1037","If you shared content publicly, copies/remixes created by others may remain available.","Si compartiste contenido públicamente, las copias o adaptaciones creadas por otras personas pueden seguir disponibles.","Website interface: <li>","pages/InfoPages.tsx:720","Contextual Spanish draft","Source present; runtime Spanish available"
"interface.1038","if you uploaded files, explicitly tell AI to use them.","si has subido archivos, indica expresamente a la IA que los utilice.","Website interface: <li>","pages/InfoPages.tsx:353","Contextual Spanish draft","Source present; runtime Spanish available"
"interface.1039","if you use dictation, microphone audio is processed by browser speech recognition and/or local Whisper Web transcription, depending on availability.","si utilizas el dictado, el audio del micrófono se procesa mediante el reconocimiento de voz del navegador o la transcripción local de Whisper Web, según la disponibilidad.","Website interface: <li>","pages/InfoPages.tsx:784","Contextual Spanish draft","Source present; runtime Spanish available"
"interface.1040","If you use the service for a school or company, you confirm you are allowed to accept these Terms on their behalf.","Si utilizas el servicio en nombre de un centro o empresa, confirmas que tienes permiso para aceptar estas Condiciones en su nombre.","Website interface: <li>","pages/InfoPages.tsx:646","Contextual Spanish draft","Source present; runtime Spanish available"
"interface.1041","if you want to use your own AI tool. Copy the ready-made request, paste it into that tool, then bring its response back into the editor.","si quieres utilizar tu propia herramienta de IA. Copia la solicitud preparada, pégala en esa herramienta e importa la respuesta en el editor.","Website interface: <li>","pages/InfoPages.tsx:305","Contextual Spanish draft","Source present; runtime Spanish available"
"interface.1042","If your games aren't appearing in the Community tab despite being marked ""Public"", use this to force an update.","Si tus juegos no aparecen en la pestaña Comunidad aunque estén marcados como «Públicos», utiliza esta opción para forzar una actualización.","Website interface: <p>","pages/Profile.tsx:699","Contextual Spanish draft","Source present; runtime Spanish available"
"interface.1043","image","imagen","Conditional/dynamic interface text (check the source context)","components/games/GameEditor.tsx:521 | components/games/GameImagePreparation.tsx:88 | components/games/GameImagePreparation.tsx:105 | components/games/GamePreview.tsx:22 | components/games/GamePreview.tsx:29 | components/games/WordWheelGame.tsx:49","Contextual Spanish draft","Source present; runtime Spanish available"
"interface.1044","image could not","no se ha podido","Conditional/dynamic interface text (check the source context)","components/games/GameImagePreparation.tsx:109","Contextual Spanish draft","Source present; runtime Spanish available"
"interface.1045","image is","la imagen está","Conditional/dynamic interface text (check the source context)","components/games/GameImagePreparation.tsx:106","Contextual Spanish draft","Source present; runtime Spanish available"
"interface.1046","image needs","la imagen necesita","Conditional/dynamic interface text (check the source context)","components/games/GameEditor.tsx:891","Contextual Spanish draft","Source present; runtime Spanish available"
"interface.1047","images","imágenes","Conditional/dynamic interface text (check the source context)","components/games/GameImagePreparation.tsx:88 | components/games/GameImagePreparation.tsx:105","Contextual Spanish draft","Source present; runtime Spanish available"
"interface.1048","images are","las imágenes están","Conditional/dynamic interface text (check the source context)","components/games/GameImagePreparation.tsx:106","Contextual Spanish draft","Source present; runtime Spanish available"
"interface.1049","images could not","no se han podido","Conditional/dynamic interface text (check the source context)","components/games/GameImagePreparation.tsx:109","Contextual Spanish draft","Source present; runtime Spanish available"
"interface.1050","images need","las imágenes necesitan","Conditional/dynamic interface text (check the source context)","components/games/GameEditor.tsx:891","Contextual Spanish draft","Source present; runtime Spanish available"
"interface.1051","Imagine finding a spare 15 minutes at the end of class: photograph the coursebook page, upload it, and make a game that fits the lesson. So that is what I built.","Imagina que te sobran 15 minutos al final de la clase: haces una foto de la página del libro, la subes y creas un juego que encaja con la lección. Eso es lo que he creado.","Website interface: <p>","pages/InfoPages.tsx:276","Contextual Spanish draft","Source present; runtime Spanish available"
"interface.1052","Import from Another AI Tool","Importar desde otra herramienta de IA","Game interface: <span> | Website interface: <strong>","components/games/GameConfigurator.tsx:1589 | pages/InfoPages.tsx:305","Contextual Spanish draft","Source present; runtime Spanish available"
"interface.1053","Import games from your own LLM using our template","Importa juegos de tu propia herramienta de IA con nuestra plantilla","Help, contact or legal information","pages/InfoPages.tsx:457","Contextual Spanish draft","Source present; runtime Spanish available"
"interface.1054","Import Pasted JSON","Importar JSON pegado","Conditional/dynamic interface text (check the source context)","components/games/GameConfigurator.tsx:1710","Contextual Spanish draft","Source present; runtime Spanish available"
"interface.1055","Importing {label}...","Importando {label}...","Interface definition: text","components/games/GameConfigurator.tsx:629","Contextual Spanish draft","Source present; runtime Spanish available"
"interface.1056","Importing...","Importando...","Conditional/dynamic interface text (check the source context)","components/games/GameConfigurator.tsx:1680 | components/games/GameConfigurator.tsx:1710","Contextual Spanish draft","Source present; runtime Spanish available"
"interface.1057","In AI mode, add a topic and optional instructions. You can type or use the mic dictation button.","En el modo IA, añade un tema e instrucciones opcionales. Puedes escribir o usar el botón del micrófono para dictar.","Website interface: <li>","pages/InfoPages.tsx:306","Contextual Spanish draft","Source present; runtime Spanish available"
"interface.1058","In Games, image auto-pick uses question/answer keywords generated by AI. It does","En Juegos, la selección automática de imágenes utiliza palabras clave de las preguntas y respuestas generadas por IA. No admite","Website interface: <p>","pages/InfoPages.tsx:360","Contextual Spanish draft","Source present; runtime Spanish available"
"interface.1059","In Manual mode, open","En el modo manual, abre","Website interface: <li>","pages/InfoPages.tsx:305","Contextual Spanish draft","Source present; runtime Spanish available"
"interface.1060","in Spain.","en España.","Website interface: <p>","pages/InfoPages.tsx:641","Contextual Spanish draft","Source present; runtime Spanish available"
"interface.1061","in total.","en total.","Website interface: <p>","components/school/SchoolStorageManager.tsx:571","Contextual Spanish draft","Source present; runtime Spanish available"
"interface.1062","In use","En uso","Game interface: <div> | Conditional/dynamic interface text (check the source context)","components/games/BlockBeatersGame.tsx:1034 | components/games/BlockBeatersGame.tsx:1113","Contextual Spanish draft","Source present; runtime Spanish available"
"interface.1063","Inactive","Inactivo","Website interface: <option>","pages/SchoolAdmin.tsx:713","Contextual Spanish draft","Source present; runtime Spanish available"
"interface.1064","Include","Incluir","Game interface: <label>","components/games/GamePreview.tsx:396","Contextual Spanish draft","Source present; runtime Spanish available"
"interface.1065","Include images","Incluir imágenes","Game interface: <label>","components/games/GameConfigurator.tsx:1744","Contextual Spanish draft","Source present; runtime Spanish available"
"interface.1066","Included","Incluido","Conditional/dynamic interface text (check the source context)","components/games/GameConfigurator.tsx:1951","Contextual Spanish draft","Source present; runtime Spanish available"
"interface.1067","Incorrect","Incorrecto","Answer feedback.","components/games/BlockBeatersGame.tsx:1617 | components/games/DartsGame.tsx:1508 | components/games/JeopardyGame.tsx:1208 | components/games/TriviaGame.tsx:1243 | components/games/WordWheelGame.tsx:1624 | pages/LiveQuizStudent.tsx:595 | data/i18n/interface.json: game.incorrect","Contextual Spanish draft","Source present; runtime Spanish available"
"interface.1068","INCORRECT","INCORRECTO","Game interface: <h2>","components/games/SnakesLaddersGame.tsx:2880","Contextual Spanish draft","Source present; runtime Spanish available"
"interface.1069","Incorrect / not answered","Incorrecta / sin responder","Game controls, settings or feedback","components/games/shared/PracticeReviewSummary.tsx:116","Contextual Spanish draft","Source present; runtime Spanish available"
"interface.1070","Incorrect Answer","Respuesta incorrecta","Interface definition: label","components/games/GameSetup.tsx:760","Contextual Spanish draft","Source present; runtime Spanish available"
"interface.1071","Info","Ayuda","Navigation to usage information and frequently asked questions.","data/i18n/interface.json: nav.info","Contextual Spanish draft","Source present; runtime Spanish available"
"interface.1072","Information topics","Temas de ayuda","Visible/accessibility attribute: aria-label","pages/InfoPages.tsx:189","Contextual Spanish draft","Source present; runtime Spanish available"
"interface.1073","Initial bomb time","Tiempo inicial de la bomba","Visible/accessibility attribute: aria-label","components/games/GameSetup.tsx:277","Contextual Spanish draft","Source present; runtime Spanish available"
"interface.1074","Initial Bomb Time","Tiempo inicial de la bomba","Game interface: <label>","components/games/GameSetup.tsx:275","Contextual Spanish draft","Source present; runtime Spanish available"
"interface.1075","Insights, tips, and stories from the education frontier.","Ideas, consejos e historias del mundo de la educación.","Website interface: <p>","pages/Blog.tsx:13","Contextual Spanish draft","Source present; runtime Spanish available"
"interface.1076","Instructions & sources","Instrucciones y fuentes","Game interface: <h2>","components/games/GameConfigurator.tsx:1807","Contextual Spanish draft","Source present; runtime Spanish available"
"interface.1077","Instructions Copied!","¡Instrucciones copiadas!","Game interface: <div>","components/games/GameEditor.tsx:1762","Contextual Spanish draft","Source present; runtime Spanish available"
"interface.1078","Invalid / Bust","No válido / lanzamiento nulo","Conditional/dynamic interface text (check the source context)","components/games/DartsGame.tsx:1273","Contextual Spanish draft","Source present; runtime Spanish available"
"interface.1079","Invitation message","Mensaje de invitación","Visible/accessibility attribute: aria-label","pages/SchoolAdmin.tsx:966","Contextual Spanish draft","Source present; runtime Spanish available"
"interface.1080","Invite students to explain an unusual answer. Shared answers build confidence; different answers give the class something new to talk about.","Invita al alumnado a explicar una respuesta poco habitual. Las respuestas compartidas dan confianza; las diferentes aportan nuevas ideas a la conversación.","Game format information","pages/StopTheFirePage.tsx:58","Contextual Spanish draft","Source present; runtime Spanish available"
"interface.1081","Invite teachers or approve join requests, then manage teacher spots and active/inactive access.","Invita a docentes o aprueba solicitudes de acceso y gestiona las plazas y el acceso activo o inactivo.","Website interface: <li>","pages/InfoPages.tsx:319","Contextual Spanish draft","Source present; runtime Spanish available"
"interface.1082","is awaiting admin approval.","está pendiente de aprobación por un administrador.","Website interface: <p>","pages/Profile.tsx:584","Contextual Spanish draft","Source present; runtime Spanish available"
"interface.1083","Is it on the board?","¿Está en el tablero?","Visible/accessibility attribute: title","pages/SurveyShowdownPage.tsx:50","Contextual Spanish draft","Source present; runtime Spanish available"
"interface.1084","Is that your answer?","¿Es tu respuesta definitiva?","Interface definition: ""title""","pages/MillionaireMakerPage.tsx:16","Contextual Spanish draft","Source present; runtime Spanish available"
"interface.1085","Jeopardy","Jeopardy","Website interface: <SafeLink> | Interface definition: title | Website interface: <span>","components/Layout.tsx:496 | pages/Games.tsx:2178 | pages/Home.tsx:62 | pages/JeopardyPage.tsx:28","Contextual Spanish draft","Source present; runtime Spanish available"
"interface.1086","Jeopardy geography question with a thirty-second timer","Pregunta de geografía de Jeopardy con temporizador de treinta segundos","Visible/accessibility attribute: alt","pages/JeopardyPage.tsx:50","Contextual Spanish draft","Source present; runtime Spanish available"
"interface.1087","Jeopardy podium showing Foxes, Owls and Bears in the final standings","Podio de Jeopardy con Foxes, Owls y Bears en la clasificación final","Visible/accessibility attribute: alt","pages/JeopardyPage.tsx:55","Contextual Spanish draft","Source present; runtime Spanish available"
"interface.1088","Jeopardy reveals Pacific Ocean as the answer","Jeopardy muestra «Pacific Ocean» como respuesta","Visible/accessibility attribute: alt","pages/JeopardyPage.tsx:54","Contextual Spanish draft","Source present; runtime Spanish available"
"interface.1089","Jeopardy.","Jeopardy.","Website interface: <h1>","pages/JeopardyPage.tsx:31","Contextual Spanish draft","Source present; runtime Spanish available"
"interface.1090","Join a school","Unirse a un centro","Website interface: <h3>","pages/Profile.tsx:577","Contextual Spanish draft","Source present; runtime Spanish available"
"interface.1091","Join Game","Unirse a la partida","Website interface: <button> | Conditional/dynamic interface text (check the source context)","pages/LiveQuizCodeEntry.tsx:52 | pages/LiveQuizJoin.tsx:184","Contextual Spanish draft","Source present; runtime Spanish available"
"interface.1092","Join Live","Unirse a Live Quiz","Compact navigation label for joining a live quiz; not a livestream.","data/i18n/interface.json: nav.live","Contextual Spanish draft","Source present; runtime Spanish available"
"interface.1093","Join live quiz","Unirse a Live Quiz","Website interface: <div>","pages/LiveQuizHost.tsx:597","Contextual Spanish draft","Source present; runtime Spanish available"
"interface.1094","Join Live Quiz","Unirse a Live Quiz","Website interface: <Link> | Website interface: <div>","pages/Home.tsx:388 | pages/LiveQuizCodeEntry.tsx:27","Contextual Spanish draft","Source present; runtime Spanish available"
"interface.1095","Join requests","Solicitudes de acceso","Website interface: <dt> | Website interface: <h2>","pages/SchoolAdmin.tsx:636 | pages/SchoolAdmin.tsx:663","Contextual Spanish draft","Source present; runtime Spanish available"
"interface.1096","Join thousands of happy educators transforming their classrooms.","Únete a miles de docentes que están transformando sus clases.","Website interface: <p>","pages/Home.tsx:481","Contextual Spanish draft","Source present; runtime Spanish available"
"interface.1097","Joining...","Uniéndote...","Conditional/dynamic interface text (check the source context)","pages/LiveQuizJoin.tsx:184","Contextual Spanish draft","Source present; runtime Spanish available"
"interface.1098","Kahoot-style live quiz with QR joining and speed scoring.","Live Quiz de estilo Kahoot, con acceso por QR y puntos por rapidez.","Website interface","pages/Games.tsx:1813","Contextual Spanish draft","Source present; runtime Spanish available"
"interface.1099","Keep everyone involved","Haz que todos participen","Website interface: <dt>","pages/SurveyShowdownPage.tsx:67","Contextual Spanish draft","Source present; runtime Spanish available"
"interface.1100","Keep going for the next prize or walk away with the amount you have reached. Safety milestones protect part of the score if a later answer goes wrong.","Continúa para conseguir el siguiente premio o retírate con la cantidad alcanzada. Los niveles de seguridad protegen parte de la puntuación si fallas más adelante.","Interface definition: ""text""","pages/MillionaireMakerPage.tsx:30","Contextual Spanish draft","Source present; runtime Spanish available"
"interface.1101","Keep revision moving","Mantén el repaso en marcha","Game format information","pages/DartsChallengePage.tsx:49","Contextual Spanish draft","Source present; runtime Spanish available"
"interface.1102","Keep the discussion in your hands","Tú diriges la conversación","Game format information","pages/StopTheFirePage.tsx:43","Contextual Spanish draft","Source present; runtime Spanish available"
"interface.1103","Keep the familiar snakes-and-ladders rules or switch on bonus cards for extra twists. Choose the bonus types you want to include before you start.","Mantén las reglas conocidas de serpientes y escaleras o activa las cartas de bonificación para variar. Elige los tipos de bonificación antes de empezar.","Game format information","pages/SnakesAndLaddersPage.tsx:40","Contextual Spanish draft","Source present; runtime Spanish available"
"interface.1104","Keep the first game simple, then try steals and bonus cards when everyone knows their way around. A shield or an extra turn can give teams a new plan to work with.","Empieza con una partida sencilla y prueba los robos y las cartas de bonificación cuando todos sepan jugar. Un escudo o un turno extra pueden dar nuevas opciones a los equipos.","Website interface: <dd>","pages/BlockBeatersPage.tsx:67","Contextual Spanish draft","Source present; runtime Spanish available"
"interface.1105","Keep the points currently saved in this game.","Conserva los puntos guardados actualmente en este juego.","Conditional/dynamic interface text (check the source context)","components/games/GameSetup.tsx:438","Contextual Spanish draft","Source present; runtime Spanish available"
"interface.1106","Keep the scores across rounds, try a new letter and finish with a cheer for your teams. Sometimes the most unexpected answer is the one everyone remembers.","Mantén las puntuaciones entre rondas, prueba una letra nueva y termina con un aplauso para los equipos. A veces, la respuesta más inesperada es la que todos recuerdan.","Interface definition: ""text""","pages/StopTheFirePage.tsx:30","Contextual Spanish draft","Source present; runtime Spanish available"
"interface.1107","Keep the scoring simple","Puntúa de forma sencilla","Website interface: <dt>","pages/PubQuizPage.tsx:67","Contextual Spanish draft","Source present; runtime Spanish available"
"interface.1108","Keep the turn and play again.","Conserva el turno y vuelve a jugar.","Game controls, settings or feedback","components/games/BlockBeatersGame.tsx:176","Contextual Spanish draft","Source present; runtime Spanish available"
"interface.1109","Keep things simple while everyone gets the hang of it, or try bonus cards and surprise point values when your group is ready for a twist.","Mantén las reglas sencillas mientras aprendéis a jugar, o prueba las cartas de bonificación y los puntos sorpresa cuando el grupo esté preparado.","Website interface: <dd>","pages/TriviaPage.tsx:67","Contextual Spanish draft","Source present; runtime Spanish available"
"interface.1110","Keep uncovering answers and collecting points across your rounds. Finish with a cheer for your teams and another look at the answers that surprised them.","Sigue descubriendo respuestas y sumando puntos a lo largo de las rondas. Termina con un aplauso y repasad las respuestas que hayan sorprendido a los equipos.","Website interface: <Screenshot>","pages/SurveyShowdownPage.tsx:55","Contextual Spanish draft","Source present; runtime Spanish available"
"interface.1111","Know when to take a bow.","Elige cuándo retirarte.","Interface definition: ""title""","pages/MillionaireMakerPage.tsx:28","Contextual Spanish draft","Source present; runtime Spanish available"
"interface.1112","Label","Etiqueta","Visible/accessibility attribute: placeholder","components/shared/StockImagePicker.tsx:361","Contextual Spanish draft","Source present; runtime Spanish available"
"interface.1113","Land on a floating star to trigger one of your selected effects.","Cae en una estrella flotante para activar uno de los efectos que has elegido.","Game interface: <p>","components/games/GameSetup.tsx:629","Contextual Spanish draft","Source present; runtime Spanish available"
"interface.1114","Large - 7 x 7","Grande - 7 x 7","Interface definition: label","components/games/GameConfigurator.tsx:27 | components/games/GameSetup.tsx:78","Contextual Spanish draft","Source present; runtime Spanish available"
"interface.1115","Last active:","Última actividad:","Website interface: <p> | Website interface: <div>","pages/Profile.tsx:433 | pages/SchoolAdmin.tsx:781 | pages/SchoolAdmin.tsx:825","Contextual Spanish draft","Source present; runtime Spanish available"
"interface.1116","LAST PLACE!","¡ÚLTIMO PUESTO!","Game controls, settings or feedback","components/games/JeopardyGame.tsx:129 | components/games/TriviaGame.tsx:135","Contextual Spanish draft","Source present; runtime Spanish available"
"interface.1117","Last Updated:","Última actualización:","Website interface: <p>","pages/InfoPages.tsx:636 | pages/InfoPages.tsx:757","Contextual Spanish draft","Source present; runtime Spanish available"
"interface.1118","Layout","Distribución","Website interface: <h2>","pages/Games.tsx:391","Contextual Spanish draft","Source present; runtime Spanish available"
"interface.1119","Leaderboard","Clasificación","Visible/accessibility attribute: title | Website interface: <div> | Conditional/dynamic interface text (check the source context)","components/games/LiveQuizLeaderboardStage.tsx:62 | pages/LiveQuizHost.tsx:721 | pages/LiveQuizHost.tsx:918 | pages/LiveQuizStudent.tsx:526","Contextual Spanish draft","Source present; runtime Spanish available"
"interface.1120","Learn how it works","Descubre cómo funciona","Website interface: <Link>","pages/SeoLandingPages.tsx:100","Contextual Spanish draft","Source present; runtime Spanish available"
"interface.1121","Leave","Salir","Website interface: <button>","contexts/UnsavedChangesContext.tsx:82","Contextual Spanish draft","Source present; runtime Spanish available"
"interface.1122","Leave blank to keep current","Déjalo vacío para conservar el actual","Visible/accessibility attribute: placeholder","pages/Profile.tsx:524","Contextual Spanish draft","Source present; runtime Spanish available"
"interface.1123","Leave blank to let AI decide based on topic/files.","Déjalo vacío para que la IA decida según el tema o los archivos.","Game interface: <p>","components/games/GameConfigurator.tsx:1194","Contextual Spanish draft","Source present; runtime Spanish available"
"interface.1124","Leave editor? Any unsaved changes will be lost.","¿Salir del editor? Se perderán los cambios sin guardar.","User message: confirmAction","pages/Games.tsx:2685","Contextual Spanish draft","Source present; runtime Spanish available"
"interface.1125","Leave game?","¿Salir de la partida?","User message: confirmAction","components/Layout.tsx:45 | components/Layout.tsx:283 | components/Layout.tsx:368 | pages/Games.tsx:2745","Contextual Spanish draft","Source present; runtime Spanish available"
"interface.1126","Leave none selected to play with a random set from your word bank.","No selecciones ninguna para jugar con una selección aleatoria de tu banco de palabras.","Game interface: <p>","components/games/StopTheFireGame.tsx:1097","Contextual Spanish draft","Source present; runtime Spanish available"
"interface.1127","Leave time to talk","Reserva tiempo para hablar","Website interface: <dt>","pages/LiveQuizPage.tsx:75","Contextual Spanish draft","Source present; runtime Spanish available"
"interface.1128","Leaving the host screen will end this live quiz and disconnect all participants. Students will need a new live quiz link or code to play again. Continue?","Salir de la pantalla del anfitrión finalizará este Live Quiz y desconectará a todos los participantes. El alumnado necesitará un enlace o código nuevo para volver a jugar. ¿Continuar?","User message: window.confirm","pages/LiveQuizHost.tsx:463","Contextual Spanish draft","Source present; runtime Spanish available"
"interface.1129","Left to right","De izquierda a derecha","Game controls, settings or feedback","components/games/BlockBeatersGame.tsx:180","Contextual Spanish draft","Source present; runtime Spanish available"
"interface.1130","Legal","Información legal","Website interface: <h3>","components/Layout.tsx:525","Contextual Spanish draft","Source present; runtime Spanish available"
"interface.1131","Legal obligation:","Obligación legal:","Website interface: <strong>","pages/InfoPages.tsx:811","Contextual Spanish draft","Source present; runtime Spanish available"
"interface.1132","Legitimate interests:","Intereses legítimos:","Website interface: <strong>","pages/InfoPages.tsx:808","Contextual Spanish draft","Source present; runtime Spanish available"
"interface.1133","Lend a helping hand","Echa una mano","Website interface: <dt>","pages/WordWheelPage.tsx:67","Contextual Spanish draft","Source present; runtime Spanish available"
"interface.1134","Less Prep","Menos preparación","Interface definition: title","pages/Home.tsx:439","Contextual Spanish draft","Source present; runtime Spanish available"
"interface.1135","Let AI Vary (2-4)","Dejar que la IA varíe (2-4)","Game interface: <option>","components/games/GameConfigurator.tsx:343","Contextual Spanish draft","Source present; runtime Spanish available"
"interface.1136","Let students discuss the answer before committing. Each turn is a chance to explain a method, remember a detail or help a teammate.","Deja que el alumnado comente la respuesta antes de decidir. Cada turno permite explicar un método, recordar un detalle o ayudar a un compañero.","Game format information","pages/SnakesAndLaddersPage.tsx:54","Contextual Spanish draft","Source present; runtime Spanish available"
"interface.1137","Let teammates compare ideas before you enter a guess. Turns move between teams, so everyone has a chance to help uncover the board.","Deja que los compañeros comparen ideas antes de introducir una respuesta. Los turnos pasan de un equipo a otro para que todos puedan ayudar a descubrir el tablero.","Website interface: <dd>","pages/SurveyShowdownPage.tsx:67","Contextual Spanish draft","Source present; runtime Spanish available"
"interface.1138","Let the whole class agree on an answer, invite a volunteer to the hot seat, or have groups discuss before you make the final selection on screen.","Deja que toda la clase acuerde una respuesta, elige a un voluntario como concursante o haz que los grupos debatan antes de seleccionar la opción en pantalla.","Game format information","pages/MillionaireMakerPage.tsx:44","Contextual Spanish draft","Source present; runtime Spanish available"
"interface.1139","Let your team choose.","Deja que tu equipo elija.","Visible/accessibility attribute: title","pages/JeopardyPage.tsx:50","Contextual Spanish draft","Source present; runtime Spanish available"
"interface.1140","Let's Play","Vamos a jugar","Game interface: <button>","components/games/MillionaireGame.tsx:503","Contextual Spanish draft","Source present; runtime Spanish available"
"interface.1141","Let’s play","Vamos a jugar","Game interface: <h2>","data/i18n/spanish-spain.json","Contextual Spanish draft","Retained vocabulary / fallback wording"
"interface.1142","Let’s play {game}","Vamos a jugar a {game}","Game controls, settings or feedback","components/games/shared/GameTypeLandingPage.tsx:51","Contextual Spanish draft","Source present; runtime Spanish available"
"interface.1143","Let’s play Blockbeaters","Vamos a jugar a Blockbeaters","Website interface: <h2>","pages/BlockBeatersPage.tsx:45","Contextual Spanish draft","Source present; runtime Spanish available"
"interface.1144","Let’s play Jeopardy","Vamos a jugar a Jeopardy","Website interface: <h2>","pages/JeopardyPage.tsx:45","Contextual Spanish draft","Source present; runtime Spanish available"
"interface.1145","Let’s play Live Quiz","Vamos a jugar a Live Quiz","Website interface: <h2>","pages/LiveQuizPage.tsx:45","Contextual Spanish draft","Source present; runtime Spanish available"
"interface.1146","Let’s play Pub Quiz","Vamos a jugar a Pub Quiz","Website interface: <h2>","pages/PubQuizPage.tsx:45","Contextual Spanish draft","Source present; runtime Spanish available"
"interface.1147","Let’s play Survey Showdown","Vamos a jugar a Survey Showdown","Website interface: <h2>","pages/SurveyShowdownPage.tsx:45","Contextual Spanish draft","Source present; runtime Spanish available"
"interface.1148","Let’s play Time Bomb","Vamos a jugar a Time Bomb","Website interface: <h2>","pages/TimeBombPage.tsx:45","Contextual Spanish draft","Source present; runtime Spanish available"
"interface.1149","Let’s play Trivia","Vamos a jugar a Trivia","Website interface: <h2>","pages/TriviaPage.tsx:45","Contextual Spanish draft","Source present; runtime Spanish available"
"interface.1150","Let’s play Wordwheel","Vamos a jugar a Wordwheel","Website interface: <h2>","pages/WordWheelPage.tsx:45","Contextual Spanish draft","Source present; runtime Spanish available"
"interface.1151","Letter","Letra","Game interface: <span> | Game interface: <label>","components/games/GameEditor.tsx:1362 | components/games/GameEditor.tsx:1582","Contextual Spanish draft","Source present; runtime Spanish available"
"interface.1152","Letter {letter}","Letra {letter}","Game controls, settings or feedback","components/games/GameEditor.tsx:1346","Contextual Spanish draft","Source present; runtime Spanish available"
"interface.1153","Letter marked as passed.","Letra marcada como pendiente.","Game interface: <p>","components/games/WordWheelGame.tsx:1633","Contextual Spanish draft","Source present; runtime Spanish available"
"interface.1154","Letter Matching","Coincidencia de letra","Game interface: <label>","components/games/GameConfigurator.tsx:1266","Contextual Spanish draft","Source present; runtime Spanish available"
"interface.1155","Letter Rule","Regla de la letra","Game interface: <label>","components/games/GameConfigurator.tsx:1224","Contextual Spanish draft","Source present; runtime Spanish available"
"interface.1156","Letter rule:","Regla de la letra:","Game interface: <p>","components/games/GameSetup.tsx:466","Contextual Spanish draft","Source present; runtime Spanish available"
"interface.1157","Letter-by-letter clue race with pass-or-play pressure.","Carrera de pistas letra a letra, con la decisión de responder o pasar.","Website interface","pages/Games.tsx:1845","Contextual Spanish draft","Source present; runtime Spanish available"
"interface.1158","Letters","Letras","Game interface: <label> | Game interface: <div> | Conditional/dynamic interface text (check the source context) | Interface definition: label","components/games/GameConfigurator.tsx:1255 | components/games/GameConfigurator.tsx:1294 | components/games/GameSetup.tsx:481 | pages/Games.tsx:53 | pages/Games.tsx:91","Contextual Spanish draft","Source present; runtime Spanish available"
"interface.1159","Level","Nivel","Game interface: <span>","components/games/GameEditor.tsx:1369","Contextual Spanish draft","Source present; runtime Spanish available"
"interface.1160","Library tools","Herramientas de biblioteca","Website interface: <span>","pages/Profile.tsx:689","Contextual Spanish draft","Source present; runtime Spanish available"
"interface.1161","Light","Claro","Interface definition: label","components/ProfileWebsiteSettings.tsx:30","Contextual Spanish draft","Source present; runtime Spanish available"
"interface.1162","Link copied to clipboard!","¡Enlace copiado!","User message: alert","pages/BlogPost.tsx:112","Contextual Spanish draft","Source present; runtime Spanish available"
"interface.1163","List","Lista","Game interface: <button>","components/games/GamePreview.tsx:654","Contextual Spanish draft","Source present; runtime Spanish available"
"interface.1164","Live classroom quiz","Live Quiz en el aula","Footer landing page: public information for teachers","pages/SeoLandingPages.tsx:46","Contextual Spanish draft","Source present; runtime Spanish available"
"interface.1165","live questions","preguntas en directo","Website interface: <p>","pages/LiveQuizHost.tsx:756","Contextual Spanish draft","Source present; runtime Spanish available"
"interface.1166","Live quiz","Live Quiz","Game interface: <button>","components/games/GameEditor.tsx:885 | components/games/GamePreview.tsx:646 | pages/SeoLandingPages.tsx:41","Contextual Spanish draft","Source present; runtime Spanish available"
"interface.1167","Live Quiz","Live Quiz","Website interface: <SafeLink> | Website interface: <div> | Website interface: <span>","components/Layout.tsx:505 | pages/Games.tsx:2178 | pages/LiveQuizJoin.tsx:113 | pages/LiveQuizPage.tsx:28","Contextual Spanish draft","Source present; runtime Spanish available"
"interface.1168","Live Quiz Challenge","Live Quiz","Game interface: <div> | Website interface: <strong>","components/games/LiveQuizSetupModal.tsx:51 | pages/InfoPages.tsx:310","Contextual Spanish draft","Source present; runtime Spanish available"
"interface.1169","Live Quiz Challenge final standings","Clasificación final de Live Quiz","Visible/accessibility attribute: subtitle","pages/LiveQuizHost.tsx:666","Contextual Spanish draft","Source present; runtime Spanish available"
"interface.1170","Live Quiz Challenge lets a teacher host a real-time quiz on the big screen while students join from their own devices using a code or QR link. It currently works with auto-scored multiple-choice questions, shows answer reveals, and finishes with a live leaderboard.","Live Quiz permite al docente dirigir el juego en la pantalla grande mientras el alumnado se une desde sus dispositivos mediante un código o un enlace QR. Actualmente admite preguntas de opción múltiple con corrección automática, muestra las respuestas y termina con una clasificación en directo.","Help, contact or legal information","pages/InfoPages.tsx:31","Contextual Spanish draft","Source present; runtime Spanish available"
"interface.1171","Live Quiz currently uses auto-scored multiple-choice questions. Open-ended or incomplete questions will be left out.","Live Quiz utiliza actualmente preguntas de opción múltiple con corrección automática. Las preguntas abiertas o incompletas se omitirán.","Game interface: <div>","components/games/LiveQuizSetupModal.tsx:70","Contextual Spanish draft","Source present; runtime Spanish available"
"interface.1172","Live quiz data:","Datos del Live Quiz:","Website interface: <strong>","pages/InfoPages.tsx:786","Contextual Spanish draft","Source present; runtime Spanish available"
"interface.1173","Live Quiz final podium celebrating the example players","Podio final de Live Quiz celebrando a los jugadores de ejemplo","Visible/accessibility attribute: alt","pages/LiveQuizPage.tsx:55","Contextual Spanish draft","Source present; runtime Spanish available"
"interface.1174","Live quiz for teachers","Live Quiz para docentes","Website interface: <SafeLink>","components/Layout.tsx:512","Contextual Spanish draft","Source present; runtime Spanish available"
"interface.1175","Live Quiz host screen with an ocean question, four answer choices and live standings","Pantalla del anfitrión de Live Quiz con una pregunta sobre océanos, cuatro opciones y clasificación en directo","Visible/accessibility attribute: alt","pages/LiveQuizPage.tsx:50","Contextual Spanish draft","Source present; runtime Spanish available"
"interface.1176","Live Quiz lobby with a joining code, QR code and six example players","Sala de Live Quiz con código de acceso, código QR y seis jugadores de ejemplo","Visible/accessibility attribute: alt","pages/LiveQuizPage.tsx:54","Contextual Spanish draft","Source present; runtime Spanish available"
"interface.1177","Live quiz not found","Live Quiz no encontrado","Website interface: <h1>","pages/LiveQuizJoin.tsx:101","Contextual Spanish draft","Source present; runtime Spanish available"
"interface.1178","Live Quiz question and colourful answer tiles lifted forward beside the leaderboard","Pregunta y casillas de respuesta de colores de Live Quiz junto a la clasificación","Visible/accessibility attribute: alt","pages/LiveQuizPage.tsx:37","Contextual Spanish draft","Source present; runtime Spanish available"
"interface.1179","Live quiz sessions, participant labels, answers, scores, and response times are automatically removed after they reach 24 hours old.","Las sesiones de Live Quiz, los nombres de participantes, las respuestas, las puntuaciones y los tiempos de respuesta se eliminan automáticamente una vez transcurridas 24 horas.","Website interface: <li>","pages/InfoPages.tsx:841","Contextual Spanish draft","Source present; runtime Spanish available"
"interface.1180","Live quiz unavailable","Live Quiz no disponible","Visible/accessibility attribute: title","pages/LiveQuizStudent.tsx:318","Contextual Spanish draft","Source present; runtime Spanish available"
"interface.1181","Live Quiz.","Live Quiz.","Website interface: <h1>","pages/LiveQuizPage.tsx:31","Contextual Spanish draft","Source present; runtime Spanish available"
"interface.1182","Live standings","Clasificación en directo","Website interface: <div>","pages/LiveQuizHost.tsx:919","Contextual Spanish draft","Source present; runtime Spanish available"
"interface.1183","Live Stats","Estadísticas en directo","Website interface: <div>","pages/Home.tsx:394","Contextual Spanish draft","Source present; runtime Spanish available"
"interface.1184","Lives per Team","Vidas por equipo","Game interface: <label>","components/games/GameSetup.tsx:290","Contextual Spanish draft","Source present; runtime Spanish available"
"interface.1185","Load more","Cargar más","Conditional/dynamic interface text (check the source context)","components/shared/StockImagePicker.tsx:330","Contextual Spanish draft","Source present; runtime Spanish available"
"interface.1186","Loading Board...","Cargando tablero...","Game interface: <div>","components/games/JeopardyGame.tsx:649","Contextual Spanish draft","Source present; runtime Spanish available"
"interface.1187","Loading community games...","Cargando juegos de la comunidad...","Website interface: <p>","pages/Games.tsx:1611","Contextual Spanish draft","Source present; runtime Spanish available"
"interface.1188","Loading Game Data...","Cargando datos del juego...","Game interface: <div>","components/games/SurveyShowdownGame.tsx:480","Contextual Spanish draft","Source present; runtime Spanish available"
"interface.1189","Loading game...","Cargando juego...","Game interface: <p>","components/games/LazyGameRunner.tsx:32","Contextual Spanish draft","Source present; runtime Spanish available"
"interface.1190","Loading Game...","Cargando juego...","Game interface: <div>","components/games/TriviaGame.tsx:699","Contextual Spanish draft","Source present; runtime Spanish available"
"interface.1191","Loading library...","Cargando biblioteca...","Website interface: <p>","pages/Games.tsx:1093","Contextual Spanish draft","Source present; runtime Spanish available"
"interface.1192","Loading reset link...","Cargando enlace de restablecimiento...","Website interface: <p>","pages/ResetPassword.tsx:60","Contextual Spanish draft","Source present; runtime Spanish available"
"interface.1193","Loading school storage...","Cargando almacenamiento del centro...","Website interface: <div>","components/school/SchoolStorageBrowser.tsx:269","Contextual Spanish draft","Source present; runtime Spanish available"
"interface.1194","Loading teacher directory...","Cargando directorio de docentes...","Website interface: <div>","pages/SchoolAdmin.tsx:721","Contextual Spanish draft","Source present; runtime Spanish available"
"interface.1195","Loading your activity...","Cargando tu actividad...","Website interface: <p>","pages/Profile.tsx:435","Contextual Spanish draft","Source present; runtime Spanish available"
"interface.1196","Loading...","Cargando...","Conditional/dynamic interface text (check the source context)","components/games/MillionaireGame.tsx:667 | components/games/MillionaireGame.tsx:669 | components/games/MillionaireGame.tsx:678 | components/games/MillionaireGame.tsx:680 | components/games/TimeBombGame.tsx:1928 | components/games/TimeBombGame.tsx:2013 | components/games/TimeBombGame.tsx:2030 | components/shared/StockImagePicker.tsx:330 | App.tsx:103","Contextual Spanish draft","Source present; runtime Spanish available"
"interface.1197","Lobby music","Música de la sala","Visible/accessibility attribute: aria-label","pages/LiveQuizHost.tsx:562","Contextual Spanish draft","Source present; runtime Spanish available"
"interface.1198","Lock Answers","Bloquear respuestas","Website interface: <button>","pages/LiveQuizHost.tsx:890","Contextual Spanish draft","Source present; runtime Spanish available"
"interface.1199","Log In","Iniciar sesión","Website interface: <button> | Conditional/dynamic interface text (check the source context)","components/LoginModal.tsx:386 | components/LoginModal.tsx:397","Contextual Spanish draft","Source present; runtime Spanish available"
"interface.1200","Log in / Sign up","Acceder / Registrarse","Website interface: <button>","pages/ShareGame.tsx:331","Contextual Spanish draft","Source present; runtime Spanish available"
"interface.1201","Login","Acceder","Compact header button opening the login dialog.","data/i18n/interface.json: nav.signIn","Contextual Spanish draft","Source present; runtime Spanish available"
"interface.1202","Login / Sign Up","Acceder / Registrarse","Open the sign-in or registration dialog.","data/i18n/interface.json: nav.login","Contextual Spanish draft","Source present; runtime Spanish available"
"interface.1203","Logo is visible on every teacher profile in this school.","El logotipo aparece en el perfil de todos los docentes de este centro.","Conditional/dynamic interface text (check the source context)","pages/Profile.tsx:636","Contextual Spanish draft","Source present; runtime Spanish available"
"interface.1204","Look up information online when creating this game. Useful for recent events and statistics. This may take a little longer.","Busca información en internet al crear este juego. Útil para acontecimientos recientes y estadísticas. Puede tardar un poco más.","Game interface: <span>","components/games/GameConfigurator.tsx:1865","Contextual Spanish draft","Source present; runtime Spanish available"
"interface.1205","Lose all points","Perder todos los puntos","Interface definition: label","components/games/GameSetup.tsx:161","Contextual Spanish draft","Source present; runtime Spanish available"
"interface.1206","LOSE ALL POINTS!","¡PIERDES TODOS LOS PUNTOS!","Game controls, settings or feedback","components/games/JeopardyGame.tsx:126 | components/games/TriviaGame.tsx:132","Contextual Spanish draft","Source present; runtime Spanish available"
"interface.1207","Lose card value","Perder el valor de la tarjeta","Interface definition: label","components/games/GameSetup.tsx:159","Contextual Spanish draft","Source present; runtime Spanish available"
"interface.1208","Lucky charm","Amuleto de la suerte","Interface definition: label","components/games/SnakesLaddersGame.tsx:347","Contextual Spanish draft","Source present; runtime Spanish available"
"interface.1209","Make a category for each part of a topic you’ve covered. Let teams choose where to begin and enjoy finding out how much they remember.","Crea una categoría para cada parte de un tema que hayáis trabajado. Deja que los equipos elijan por dónde empezar y descubre cuánto recuerdan.","Website interface: <dd>","pages/JeopardyPage.tsx:73","Contextual Spanish draft","Source present; runtime Spanish available"
"interface.1210","Make a classroom quiz","Crear un juego de preguntas","Footer landing page: public information for teachers","pages/SeoLandingPages.tsx:42","Contextual Spanish draft","Source present; runtime Spanish available"
"interface.1211","Make an edit before making this copy public.","Haz algún cambio antes de publicar esta copia.","Conditional/dynamic interface text (check the source context)","components/games/GameEditor.tsx:872","Contextual Spanish draft","Source present; runtime Spanish available"
"interface.1212","Make at least one edit before publishing a community game copy.","Haz al menos un cambio antes de publicar una copia de un juego de la comunidad.","User message: alert","components/games/GameEditor.tsx:361","Contextual Spanish draft","Source present; runtime Spanish available"
"interface.1213","Make connections across a topic","Relaciona las ideas de un tema","Game format information","pages/StopTheFirePage.tsx:53","Contextual Spanish draft","Source present; runtime Spanish available"
"interface.1214","Make everyone feel part of it","Haz que todos se sientan parte","Website interface: <dt>","pages/LiveQuizPage.tsx:67","Contextual Spanish draft","Source present; runtime Spanish available"
"interface.1215","Make game private","Hacer privado el juego","Conditional/dynamic interface text (check the source context)","components/games/GameEditor.tsx:874","Contextual Spanish draft","Source present; runtime Spanish available"
"interface.1216","Make game public","Hacer público el juego","Conditional/dynamic interface text (check the source context)","components/games/GameEditor.tsx:874","Contextual Spanish draft","Source present; runtime Spanish available"
"interface.1217","Make it your own","Hazlo tuyo","Game interface: <h2> | Website interface: <h2>","components/games/shared/GameTypeLandingPage.tsx:62 | pages/BlockBeatersPage.tsx:63 | pages/JeopardyPage.tsx:63 | pages/LiveQuizPage.tsx:63 | pages/PubQuizPage.tsx:63 | pages/SurveyShowdownPage.tsx:63 | pages/TimeBombPage.tsx:63 | pages/TriviaPage.tsx:63 | pages/WordWheelPage.tsx:63","Contextual Spanish draft","Source present; runtime Spanish available"
"interface.1218","Make revision feel like an occasion","Haz del repaso una ocasión especial","Game format information","pages/MillionaireMakerPage.tsx:57","Contextual Spanish draft","Source present; runtime Spanish available"
"interface.1219","Make room for teamwork","Da espacio al trabajo en equipo","Website interface: <dt>","pages/PubQuizPage.tsx:74","Contextual Spanish draft","Source present; runtime Spanish available"
"interface.1220","Make space for discussion","Deja espacio para el debate","Game format information","pages/SnakesAndLaddersPage.tsx:43","Contextual Spanish draft","Source present; runtime Spanish available"
"interface.1221","Make the answer list yours","Personaliza la lista de respuestas","Website interface: <dt>","pages/SurveyShowdownPage.tsx:66","Contextual Spanish draft","Source present; runtime Spanish available"
"interface.1222","Make your move.","Haz tu movimiento.","Visible/accessibility attribute: title","pages/BlockBeatersPage.tsx:54","Contextual Spanish draft","Source present; runtime Spanish available"
"interface.1223","Making teaching easier, one game at a time.","Facilitamos la enseñanza, juego a juego.","Website interface: <p>","components/Layout.tsx:538","Contextual Spanish draft","Source present; runtime Spanish available"
"interface.1224","Manage your teachers, access and shared resources.","Gestiona al profesorado, los accesos y los recursos compartidos de tu centro.","Website interface: <p>","pages/SchoolAdmin.tsx:626","Contextual Spanish draft","Source present; runtime Spanish available"
"interface.1225","Manual","Manual","Conditional/dynamic interface text (check the source context) | Website interface: <strong>","components/games/GameConfigurator.tsx:1950 | pages/InfoPages.tsx:304","Contextual Spanish draft","Source present; runtime Spanish available"
"interface.1226","Manual Categories","Categorías manuales","Game interface: <h3>","components/games/GameConfigurator.tsx:159","Contextual Spanish draft","Source present; runtime Spanish available"
"interface.1227","Manual Creation","Creación manual","Game interface: <h3>","components/games/GameConfigurator.tsx:198","Contextual Spanish draft","Source present; runtime Spanish available"
"interface.1228","Manual tools for everything, no built-in AI generation.","Herramientas manuales para todo, sin generación de IA integrada.","Interface definition: subtitle","pages/ChangePlan.tsx:17","Contextual Spanish draft","Source present; runtime Spanish available"
"interface.1229","Manual tools stay fully available","Todas las herramientas de creación manual siguen disponibles","Account and profile","pages/ChangePlan.tsx:31","Contextual Spanish draft","Source present; runtime Spanish available"
"interface.1230","Mark option {String.fromCharCode(65 + index)} as correct","Marcar la opción {String.fromCharCode(65 + index)} como correcta","Conditional/dynamic interface text (check the source context)","components/games/GameWorkspace.tsx:97","Contextual Spanish draft","Source present; runtime Spanish available"
"interface.1231","Math Coordinator","Coordinador de Matemáticas","Website interface","components/TestimonialCarousel.tsx:26","Contextual Spanish draft","Source present; runtime Spanish available"
"interface.1232","max","máx.","Game interface: <div>","components/games/BlockBeatersGame.tsx:1055","Contextual Spanish draft","Source present; runtime Spanish available"
"interface.1233","Maximum 3 files allowed.","Se permiten un máximo de 3 archivos.","User message: alert","components/games/GameConfigurator.tsx:522","Contextual Spanish draft","Source present; runtime Spanish available"
"interface.1234","MC","OM","Interface definition: label","pages/Games.tsx:61 | pages/Games.tsx:92","Contextual Spanish draft","Source present; runtime Spanish available"
"interface.1235","MCQ Option Strategy","Número de opciones de respuesta","Game interface: <label>","components/games/GameConfigurator.tsx:337","Contextual Spanish draft","Source present; runtime Spanish available"
"interface.1236","Medium","Medio","Game interface: <option>","components/games/GameEditor.tsx:1404","Contextual Spanish draft","Source present; runtime Spanish available"
"interface.1237","Medium - 6 x 6","Mediano - 6 x 6","Interface definition: label","components/games/GameConfigurator.tsx:26 | components/games/GameSetup.tsx:77","Contextual Spanish draft","Source present; runtime Spanish available"
"interface.1238","Message","Mensaje","Website interface: <label>","pages/InfoPages.tsx:600","Contextual Spanish draft","Source present; runtime Spanish available"
"interface.1239","Message copied. Paste it into your email or messaging app to send it.","Mensaje copiado. Pégalo en tu correo o aplicación de mensajería para enviarlo.","School administration","pages/SchoolAdmin.tsx:563","Contextual Spanish draft","Source present; runtime Spanish available"
"interface.1240","Message for","Mensaje para","Website interface: <h3>","pages/SchoolAdmin.tsx:963","Contextual Spanish draft","Source present; runtime Spanish available"
"interface.1241","Message Sent!","¡Mensaje enviado!","Website interface: <h2>","pages/InfoPages.tsx:560","Contextual Spanish draft","Source present; runtime Spanish available"
"interface.1242","Millionaire Maker","Millionaire Maker","Game interface: <h1> | Website interface: <SafeLink> | Interface definition: title | Interface definition: ""name""","components/games/MillionaireGame.tsx:497 | components/Layout.tsx:501 | pages/Games.tsx:2178 | pages/Home.tsx:63 | pages/MillionaireMakerPage.tsx:7","Contextual Spanish draft","Source present; runtime Spanish available"
"interface.1243","Millionaire Maker question, answer choices, lifeline icons and prize ladder in an exploded 3D view","Vista 3D de Millionaire Maker con pregunta, opciones, iconos de comodines y escala de premios","Game format information","pages/MillionaireMakerPage.tsx:10","Contextual Spanish draft","Source present; runtime Spanish available"
"interface.1244","Millionaire Maker results showing the amount won after choosing to walk away","Resultados de Millionaire Maker con la cantidad ganada tras retirarse","Interface definition: ""alt""","pages/MillionaireMakerPage.tsx:29","Contextual Spanish draft","Source present; runtime Spanish available"
"interface.1245","Millionaire Maker second multiple-choice question about a hexagon beside the fifteen-step prize ladder","Segunda pregunta de opción múltiple de Millionaire Maker sobre un hexágono junto a la escala de quince premios","Interface definition: ""alt""","pages/MillionaireMakerPage.tsx:17","Contextual Spanish draft","Source present; runtime Spanish available"
"interface.1246","Millionaire Maker simulated audience vote showing bars for answers A, B, C and D","Votación del público simulado de Millionaire Maker con barras para las respuestas A, B, C y D","Interface definition: ""alt""","pages/MillionaireMakerPage.tsx:23","Contextual Spanish draft","Source present; runtime Spanish available"
"interface.1247","Minimum 5 teacher seats","Un mínimo de 5 plazas docentes","Account and profile","pages/ChangePlan.tsx:40 | pages/InfoPages.tsx:503","Contextual Spanish draft","Source present; runtime Spanish available"
"interface.1248","Minimum 8 characters","Mínimo 8 caracteres","Visible/accessibility attribute: placeholder","pages/ResetPassword.tsx:131","Contextual Spanish draft","Source present; runtime Spanish available"
"interface.1249","Mirror magic","Magia del espejo","Interface definition: label","components/games/SnakesLaddersGame.tsx:340","Contextual Spanish draft","Source present; runtime Spanish available"
"interface.1250","Miss","Fallo","Game interface: <button>","components/games/DartsGame.tsx:1526","Contextual Spanish draft","Source present; runtime Spanish available"
"interface.1251","MISS","FALLO","Interface definition: label","components/games/DartsGame.tsx:102 | components/games/DartsGame.tsx:605","Contextual Spanish draft","Source present; runtime Spanish available"
"interface.1252","Miss A Turn","Perder un turno","Interface definition: title","components/games/SnakesLaddersGame.tsx:355","Contextual Spanish draft","Source present; runtime Spanish available"
"interface.1253","Mix a few favourite topics for an end-of-term quiz, a revision lesson or a group celebration. A varied set of rounds gives everyone something to contribute.","Mezcla algunos temas favoritos para un cuestionario de fin de trimestre, una clase de repaso o una celebración. Variar las rondas permite que todos aporten algo.","Website interface: <dd>","pages/PubQuizPage.tsx:75","Contextual Spanish draft","Source present; runtime Spanish available"
"interface.1254","Mix familiar ideas with a few trickier questions, whether you are revisiting fractions, ecosystems, historical events or vocabulary.","Mezcla ideas conocidas con preguntas más difíciles, ya sean de fracciones, ecosistemas, acontecimientos históricos o vocabulario.","Website interface: <dd>","pages/LiveQuizPage.tsx:74","Contextual Spanish draft","Source present; runtime Spanish available"
"interface.1255","Mix subject questions with decisions about where to go next. Students can help with the answer, suggest a route or spot a block worth defending.","Combina preguntas de la asignatura con decisiones sobre el siguiente movimiento. El alumnado puede ayudar con la respuesta, proponer un recorrido o detectar un bloque que convenga defender.","Website interface: <dd>","pages/BlockBeatersPage.tsx:74","Contextual Spanish draft","Source present; runtime Spanish available"
"interface.1256","Mixed Format","Formato mixto","Game interface: <option>","components/games/GameConfigurator.tsx:1149 | components/games/GameConfigurator.tsx:1348 | components/games/GameConfigurator.tsx:1395 | components/games/GameConfigurator.tsx:1461 | components/games/GameConfigurator.tsx:1526 | components/games/GameConfigurator.tsx:1561 | components/games/GameConfigurator.tsx:1628","Contextual Spanish draft","Source present; runtime Spanish available"
"interface.1257","Money Ladder","Escala de premios","Game interface: <div>","components/games/MillionaireGame.tsx:757","Contextual Spanish draft","Source present; runtime Spanish available"
"interface.1258","Monitor useful school activity such as games created, game play activity, and AI generation usage.","Consulta la actividad útil del centro, como los juegos creados, las partidas jugadas y el uso de generación con IA.","Website interface: <li>","pages/InfoPages.tsx:320","Contextual Spanish draft","Source present; runtime Spanish available"
"interface.1259","More for teachers","Más para docentes","Website interface: <h4>","components/Layout.tsx:508","Contextual Spanish draft","Source present; runtime Spanish available"
"interface.1260","More Fun","Más diversión","Interface definition: title","pages/Home.tsx:440","Contextual Spanish draft","Source present; runtime Spanish available"
"interface.1261","More info","Más información","Website interface: <Link>","pages/Games.tsx:630","Contextual Spanish draft","Source present; runtime Spanish available"
"interface.1262","More info about {game.type}","Más información sobre {game.type}","Conditional/dynamic interface text (check the source context)","pages/Games.tsx:583","Contextual Spanish draft","Source present; runtime Spanish available"
"interface.1263","More questions are better for Time Bomb to avoid repeats.","Para evitar repeticiones en Time Bomb, conviene incluir más preguntas.","Game interface: <p>","components/games/GameConfigurator.tsx:1133","Contextual Spanish draft","Source present; runtime Spanish available"
"interface.1264","More variety in lessons","Más variedad en las clases","Website interface","components/TestimonialCarousel.tsx:51","Contextual Spanish draft","Source present; runtime Spanish available"
"interface.1265","Most Played","Más jugados","Website interface: <option>","pages/Games.tsx:1052 | pages/Games.tsx:1514","Contextual Spanish draft","Source present; runtime Spanish available"
"interface.1266","Move {file.name} to folder","Mover {file.name} a una carpeta","Conditional/dynamic interface text (check the source context)","components/school/SchoolStorageManager.tsx:664","Contextual Spanish draft","Source present; runtime Spanish available"
"interface.1267","Move a rival back","Hacer retroceder a un rival","Interface definition: label","components/games/GameSetup.tsx:27","Contextual Spanish draft","Source present; runtime Spanish available"
"interface.1268","Move forward","Avanzar","Interface definition: label","components/games/GameSetup.tsx:22","Contextual Spanish draft","Source present; runtime Spanish available"
"interface.1269","Move forward by 2, 5, 7 or 10 spaces.","Avanza 2, 5, 7 o 10 casillas.","Interface definition: description","components/games/GameSetup.tsx:22","Contextual Spanish draft","Source present; runtime Spanish available"
"interface.1270","Move resolved","Movimiento resuelto","Game interface: <span>","components/games/SnakesLaddersGame.tsx:2602","Contextual Spanish draft","Source present; runtime Spanish available"
"interface.1271","Move to","Mover a","Website interface: <label>","components/school/SchoolStorageManager.tsx:662","Contextual Spanish draft","Source present; runtime Spanish available"
"interface.1272","Move to square {index + 1}","Mover a la casilla {index + 1}","Conditional/dynamic interface text (check the source context)","components/games/SnakesLaddersGame.tsx:970 | components/games/SnakesLaddersGame.tsx:2413","Contextual Spanish draft","Source present; runtime Spanish available"
"interface.1273","Multi-Choice","Opción múltiple","Game interface: <button>","components/games/GameEditor.tsx:1141 | components/games/GameEditor.tsx:1427","Contextual Spanish draft","Source present; runtime Spanish available"
"interface.1274","Multiple Choice","Opción múltiple","Game interface: <option>","components/games/GameConfigurator.tsx:1148 | components/games/GameConfigurator.tsx:1349 | components/games/GameConfigurator.tsx:1392 | components/games/GameConfigurator.tsx:1458 | components/games/GameConfigurator.tsx:1523 | components/games/GameConfigurator.tsx:1558 | components/games/GameConfigurator.tsx:1629","Contextual Spanish draft","Source present; runtime Spanish available"
"interface.1275","Music","Música","Website interface: <button>","pages/LiveQuizHost.tsx:554","Contextual Spanish draft","Source present; runtime Spanish available"
"interface.1276","Music Teacher","Profesora de Música","Website interface","components/TestimonialCarousel.tsx:66","Contextual Spanish draft","Source present; runtime Spanish available"
"interface.1277","must include / must avoid.","qué debe incluir y qué debe evitar.","Website interface: <li>","pages/InfoPages.tsx:351","Contextual Spanish draft","Source present; runtime Spanish available"
"interface.1278","Mute","Silenciar","Conditional/dynamic interface text (check the source context)","components/games/BlockBeatersGame.tsx:913 | components/games/BlockBeatersGame.tsx:968 | components/games/DartsGame.tsx:1095 | components/games/JeopardyGame.tsx:766 | components/games/JeopardyGame.tsx:805 | components/games/PubQuizGame.tsx:610 | components/games/PubQuizGame.tsx:639 | components/games/StopTheFireGame.tsx:909 | components/games/TriviaGame.tsx:818 | components/games/TriviaGame.tsx:858 | components/games/WordWheelGame.tsx:1288 | components/games/WordWheelGame.tsx:1349","Contextual Spanish draft","Source present; runtime Spanish available"
"interface.1279","Mute sound","Silenciar sonido","Conditional/dynamic interface text (check the source context)","components/games/SnakesLaddersGame.tsx:2343 | components/games/SnakesLaddersGame.tsx:2344 | components/games/SnakesLaddersGame.tsx:2382","Contextual Spanish draft","Source present; runtime Spanish available"
"interface.1280","My class asks for the games","Mi clase me pide jugar","Website interface","components/TestimonialCarousel.tsx:35","Contextual Spanish draft","Source present; runtime Spanish available"
"interface.1281","My library","Mi biblioteca","Website interface: <Link>","pages/Profile.tsx:427","Contextual Spanish draft","Source present; runtime Spanish available"
"interface.1282","My Library","Mi biblioteca","Interface definition: label","components/games/GamePreview.tsx:599 | pages/Games.tsx:1773","Contextual Spanish draft","Source present; runtime Spanish available"
"interface.1283","My Profile","Mi perfil","Personal account preferences.","data/i18n/interface.json: nav.profile","Contextual Spanish draft","Source present; runtime Spanish available"
"interface.1284","My Saved Games","Mis juegos guardados","Website interface: <SafeLink> | Website interface: <h2>","components/Layout.tsx:270 | components/Layout.tsx:359 | pages/Games.tsx:977","Contextual Spanish draft","Source present; runtime Spanish available"
"interface.1285","My School","Mi centro","Visible/accessibility attribute: placeholder","pages/ChangePlan.tsx:468 | pages/Games.tsx:1531 | pages/Games.tsx:1566","Contextual Spanish draft","Source present; runtime Spanish available"
"interface.1286","Mystery","Misterio","Interface definition: label","pages/LiveQuizHost.tsx:77","Contextual Spanish draft","Source present; runtime Spanish available"
"interface.1287","Mystic discovery","Descubrimiento místico","Interface definition: label","components/games/SnakesLaddersGame.tsx:325","Contextual Spanish draft","Source present; runtime Spanish available"
"interface.1288","Name","Nombre","Game interface: <label> | Website interface: <label>","components/games/BlockBeatersGame.tsx:1719 | components/games/DartsGame.tsx:1583 | components/games/GameEditor.tsx:1049 | pages/InfoPages.tsx:578","Contextual Spanish draft","Source present; runtime Spanish available"
"interface.1289","Name is required","El nombre es obligatorio","User message: setError","components/LoginModal.tsx:135","Contextual Spanish draft","Source present; runtime Spanish available"
"interface.1290","name, email, and message text sent through the Contact form.","el nombre, correo electrónico y texto del mensaje enviado a través del formulario de contacto.","Website interface: <li>","pages/InfoPages.tsx:778","Contextual Spanish draft","Source present; runtime Spanish available"
"interface.1291","name, email, authentication identifiers, and optional avatar/profile details.","el nombre, correo electrónico, identificadores de autenticación y los datos opcionales del avatar o perfil.","Website interface: <li>","pages/InfoPages.tsx:770","Contextual Spanish draft","Source present; runtime Spanish available"
"interface.1292","name@school.edu","nombre@centro.edu","Visible/accessibility attribute: placeholder","components/LoginModal.tsx:275","Contextual Spanish draft","Source present; runtime Spanish available"
"interface.1293","names","nombres","Website interface: <h2>","pages/Games.tsx:432","Contextual Spanish draft","Source present; runtime Spanish available"
"interface.1294","Names","Nombres","Game interface: <label>","components/games/GameSetup.tsx:247","Contextual Spanish draft","Source present; runtime Spanish available"
"interface.1295","Need","Se necesitan","Website interface: <div>","pages/Games.tsx:418","Contextual Spanish draft","Source present; runtime Spanish available"
"interface.1296","needs exactly","necesita exactamente","Website interface: <div>","pages/Games.tsx:425","Contextual Spanish draft","Source present; runtime Spanish available"
"interface.1297","New methodologies that focus on immersion and conversation over rote memorization.","Nuevas metodologías que priorizan la inmersión y la conversación frente a la memorización mecánica.","Blog article 5: subtitle","data/blogPosts.ts: article 5, subtitle | data/blogPosts.es.ts: article 5, subtitle","Contextual Spanish draft","Source present; runtime Spanish available"
"interface.1298","New Password","Nueva contraseña","Website interface: <label>","pages/Profile.tsx:515 | pages/ResetPassword.tsx:123","Contextual Spanish draft","Source present; runtime Spanish available"
"interface.1299","Newest First","Más recientes primero","Website interface: <option>","pages/Games.tsx:1053 | pages/Games.tsx:1515","Contextual Spanish draft","Source present; runtime Spanish available"
"interface.1300","Next","Siguiente","Game interface: <span>","components/games/PubQuizGame.tsx:1101","Contextual Spanish draft","Source present; runtime Spanish available"
"interface.1301","Next Category","Siguiente categoría","Advance through scoring categories.","components/games/StopTheFireGame.tsx:1396 | data/i18n/interface.json: game.nextCategory","Contextual Spanish draft","Source present; runtime Spanish available"
"interface.1302","Next page","Página siguiente","Visible/accessibility attribute: aria-label","components/games/GameEditor.tsx:1084 | components/games/GameEditor.tsx:1279 | components/games/GameEditor.tsx:1324 | components/games/GameEditor.tsx:1680","Contextual Spanish draft","Source present; runtime Spanish available"
"interface.1303","Next Player","Siguiente jugador","Game controls, settings or feedback","components/games/SnakesLaddersGame.tsx:2213","Contextual Spanish draft","Source present; runtime Spanish available"
"interface.1304","Next Question","Siguiente pregunta","Advance to the next quiz question.","pages/LiveQuizHost.tsx:731 | data/i18n/interface.json: game.nextQuestion","Contextual Spanish draft","Source present; runtime Spanish available"
"interface.1305","Next reviews","Reseñas siguientes","Website interface","components/TestimonialCarousel.tsx:168","Contextual Spanish draft","Source present; runtime Spanish available"
"interface.1306","Nickname","Apodo","Website interface: <label>","pages/StudentGame.tsx:197","Contextual Spanish draft","Source present; runtime Spanish available"
"interface.1307","Nickname or team name","Apodo o nombre de equipo","Website interface: <label>","pages/LiveQuizJoin.tsx:141","Contextual Spanish draft","Source present; runtime Spanish available"
"interface.1308","nicknames, answers, and scores remain on the student's device and are not saved to an account or sent to the teacher. We record only an anonymous increase to the game's total play count.","los apodos, las respuestas y las puntuaciones permanecen en el dispositivo del estudiante y no se guardan en una cuenta ni se envían al docente. Solo registramos un incremento anónimo en el número total de partidas del juego.","Website interface: <li>","pages/InfoPages.tsx:788","Contextual Spanish draft","Source present; runtime Spanish available"
"interface.1309","No answer provided","No se ha indicado ninguna respuesta","Game controls, settings or feedback","components/games/GamePreview.tsx:440","Contextual Spanish draft","Source present; runtime Spanish available"
"interface.1310","No answer saved","No se ha guardado ninguna respuesta","Website interface","pages/Games.tsx:503","Contextual Spanish draft","Source present; runtime Spanish available"
"interface.1311","No answer submitted","No se ha enviado una respuesta","Conditional/dynamic interface text (check the source context)","pages/LiveQuizStudent.tsx:595","Contextual Spanish draft","Source present; runtime Spanish available"
"interface.1312","No automatic cover is available. You can choose or upload one.","No hay una portada automática disponible. Puedes elegir o subir una.","Game controls, settings or feedback","components/games/GameCoverEditor.tsx:35","Contextual Spanish draft","Source present; runtime Spanish available"
"interface.1313","No categories found.","No se han encontrado categorías.","Game interface: <div>","components/games/StopTheFireGame.tsx:1125","Contextual Spanish draft","Source present; runtime Spanish available"
"interface.1314","No changes to save.","No hay cambios que guardar.","Interface definition: text","pages/Profile.tsx:242","Contextual Spanish draft","Source present; runtime Spanish available"
"interface.1315","No compatible games available","No hay juegos compatibles disponibles","Website interface: <h2>","pages/Games.tsx:189","Contextual Spanish draft","Source present; runtime Spanish available"
"interface.1316","No credit card information required to sign up","No necesitas una tarjeta de crédito para registrarte","Account and profile","pages/ChangePlan.tsx:32 | pages/InfoPages.tsx:483","Contextual Spanish draft","Source present; runtime Spanish available"
"interface.1317","No custom instructions provided.","No se han añadido instrucciones adicionales.","Game interface: <span>","components/games/GameEditor.tsx:1758","Contextual Spanish draft","Source present; runtime Spanish available"
"interface.1318","No file selected","No se ha seleccionado un archivo","Conditional/dynamic interface text (check the source context)","pages/ChangePlan.tsx:503","Contextual Spanish draft","Source present; runtime Spanish available"
"interface.1319","No files in this folder yet.","Todavía no hay archivos en esta carpeta.","Website interface: <p>","components/school/SchoolStorageBrowser.tsx:358","Contextual Spanish draft","Source present; runtime Spanish available"
"interface.1320","No files in this folder.","No hay archivos en esta carpeta.","Website interface: <p>","components/school/SchoolStorageManager.tsx:680","Contextual Spanish draft","Source present; runtime Spanish available"
"interface.1321","No games found","No se han encontrado juegos","Website interface: <h3>","pages/Games.tsx:1100","Contextual Spanish draft","Source present; runtime Spanish available"
"interface.1322","No image selected","No se ha seleccionado una imagen","Game interface: <div>","components/games/GameEditor.tsx:1228 | components/games/GameEditor.tsx:1629","Contextual Spanish draft","Source present; runtime Spanish available"
"interface.1323","No images selected yet.","Todavía no se han seleccionado imágenes.","Website interface: <div>","components/shared/StockImagePicker.tsx:374","Contextual Spanish draft","Source present; runtime Spanish available"
"interface.1324","no longer available.","ya no está disponible.","Game interface: <text>","components/games/GameImagePreparation.tsx:106","Contextual Spanish draft","Source present; runtime Spanish available"
"interface.1325","No matching help topics found. Try a shorter search, or use the Contact page if you need a specific answer.","No se han encontrado temas de ayuda. Prueba con una búsqueda más breve o utiliza la página de Contacto si necesitas una respuesta específica.","Website interface: <div>","pages/InfoPages.tsx:248","Contextual Spanish draft","Source present; runtime Spanish available"
"interface.1326","No pending invites.","No hay invitaciones pendientes.","Website interface: <p>","pages/SchoolAdmin.tsx:1004","Contextual Spanish draft","Source present; runtime Spanish available"
"interface.1327","No pending join requests.","No hay solicitudes de acceso pendientes.","Website interface: <p>","pages/SchoolAdmin.tsx:696","Contextual Spanish draft","Source present; runtime Spanish available"
"interface.1328","No public games found","No se han encontrado juegos públicos","Website interface: <h3>","pages/Games.tsx:1625","Contextual Spanish draft","Source present; runtime Spanish available"
"interface.1329","No public games found for {schoolCommunityName || 'your school'} yet.","Todavía no hay juegos públicos de {schoolCommunityName || 'your school'}.","Conditional/dynamic interface text (check the source context)","pages/Games.tsx:1628","Contextual Spanish draft","Source present; runtime Spanish available"
"interface.1330","No question loaded.","No hay ninguna pregunta cargada.","Website interface: <div>","pages/LiveQuizHost.tsx:884","Contextual Spanish draft","Source present; runtime Spanish available"
"interface.1331","No saved bonuses","No hay bonificaciones guardadas","Conditional/dynamic interface text (check the source context)","components/games/BlockBeatersGame.tsx:1098","Contextual Spanish draft","Source present; runtime Spanish available"
"interface.1332","No school logo uploaded yet.","Todavía no se ha subido el logotipo del centro.","Conditional/dynamic interface text (check the source context)","pages/Profile.tsx:636","Contextual Spanish draft","Source present; runtime Spanish available"
"interface.1333","No separate per-file limit is applied here. Shared school storage is capped at","Aquí no se aplica un límite independiente por archivo. El almacenamiento compartido del centro tiene un límite de","Website interface: <p>","components/school/SchoolStorageManager.tsx:571","Contextual Spanish draft","Source present; runtime Spanish available"
"interface.1334","No subfolders here yet.","Todavía no hay subcarpetas aquí.","Website interface: <p>","components/school/SchoolStorageManager.tsx:616","Contextual Spanish draft","Source present; runtime Spanish available"
"interface.1335","No subfolders here.","No hay subcarpetas aquí.","Website interface: <p>","components/school/SchoolStorageBrowser.tsx:298","Contextual Spanish draft","Source present; runtime Spanish available"
"interface.1336","No teachers assigned yet.","Todavía no hay docentes asignados.","Conditional/dynamic interface text (check the source context)","pages/SchoolAdmin.tsx:785 | pages/SchoolAdmin.tsx:856","Contextual Spanish draft","Source present; runtime Spanish available"
"interface.1337","No teachers match your search.","Ningún docente coincide con la búsqueda.","Conditional/dynamic interface text (check the source context)","pages/SchoolAdmin.tsx:785 | pages/SchoolAdmin.tsx:856","Contextual Spanish draft","Source present; runtime Spanish available"
"interface.1338","No Timer","Sin temporizador","Game interface: <option> | Game interface: <div>","components/games/GameSetup.tsx:316 | components/games/WordWheelGame.tsx:1504","Contextual Spanish draft","Source present; runtime Spanish available"
"interface.1339","No winner","Sin ganador","Game controls, settings or feedback","components/games/BlockBeatersGame.tsx:859 | components/games/DartsGame.tsx:1032 | components/games/JeopardyGame.tsx:672 | components/games/PubQuizGame.tsx:525 | components/games/SnakesLaddersGame.tsx:2253 | components/games/StopTheFireGame.tsx:840 | components/games/SurveyShowdownGame.tsx:500 | components/games/TriviaGame.tsx:722 | components/games/WordWheelGame.tsx:1120","Contextual Spanish draft","Source present; runtime Spanish available"
"interface.1340","No wrong answers to review","No hay respuestas incorrectas que repasar","Game controls, settings or feedback","components/games/shared/PracticeReviewSummary.tsx:35","Contextual Spanish draft","Source present; runtime Spanish available"
"interface.1341","No, Keep Going","No, continuar","Game interface: <button>","components/games/StopTheFireGame.tsx:1487","Contextual Spanish draft","Source present; runtime Spanish available"
"interface.1342","No. Student share links are designed for playing/reviewing a specific game. Teacher account features such as creating, saving, editing, and school admin tools stay separate.","No. Los enlaces compartidos con el alumnado sirven para jugar o repasar con un juego concreto. Las funciones de las cuentas docentes, como crear, guardar y editar juegos o administrar un centro, se mantienen separadas.","Help, contact or legal information","pages/InfoPages.tsx:51","Contextual Spanish draft","Source present; runtime Spanish available"
"interface.1343","No. Students can join a Live Quiz Challenge with the code or QR link shown by the teacher. They do not need a teacher account to take part.","No. El alumnado puede unirse a Live Quiz con el código o el enlace QR que muestra el docente. No necesita una cuenta docente para participar.","Help, contact or legal information","pages/InfoPages.tsx:55","Contextual Spanish draft","Source present; runtime Spanish available"
"interface.1344","not","no","Website interface: <strong>","pages/InfoPages.tsx:360","Contextual Spanish draft","Source present; runtime Spanish available"
"interface.1345","Not enough selected questions for this layout. Go back to Preview and select more questions.","No hay suficientes preguntas seleccionadas para esta distribución. Vuelve a la vista previa y selecciona más.","Website interface: <div>","pages/Games.tsx:421","Contextual Spanish draft","Source present; runtime Spanish available"
"interface.1346","Not on the board this time!","¡Esta vez no está en el tablero!","Visible/accessibility attribute: title","pages/SurveyShowdownPage.tsx:54","Contextual Spanish draft","Source present; runtime Spanish available"
"interface.1347","Not set","Sin definir","Game controls, settings or feedback","components/games/GamePreview.tsx:441 | pages/SchoolAdmin.tsx:916","Contextual Spanish draft","Source present; runtime Spanish available"
"interface.1348","Not sure which game fits?","¿No sabes qué juego elegir?","Website interface: <h3>","pages/Games.tsx:1970","Contextual Spanish draft","Source present; runtime Spanish available"
"interface.1349","Nothing to preview yet","Todavía no hay nada que mostrar","Game interface: <h2>","components/games/GamePreview.tsx:677","Contextual Spanish draft","Source present; runtime Spanish available"
"interface.1350","November 5, 2024","5 de noviembre de 2024","Blog article 3: date","data/blogPosts.ts: article 3, date | data/blogPosts.es.ts: article 3, date","Contextual Spanish draft","Source present; runtime Spanish available"
"interface.1351","Now playing","Reproduciendo","Game interface: <span>","components/games/SnakesLaddersGame.tsx:2485","Contextual Spanish draft","Source present; runtime Spanish available"
"interface.1352","Number of answer choices","Número de opciones de respuesta","Visible/accessibility attribute: aria-label","components/games/GameEditor.tsx:1453","Contextual Spanish draft","Source present; runtime Spanish available"
"interface.1353","Number of Categories","Número de categorías","Game interface: <label>","components/games/GameConfigurator.tsx:1407","Contextual Spanish draft","Source present; runtime Spanish available"
"interface.1354","Number of options","Número de opciones","Game interface: <span>","components/games/GameEditor.tsx:1172","Contextual Spanish draft","Source present; runtime Spanish available"
"interface.1355","Number of Options","Número de opciones","Game interface: <label>","components/games/GameConfigurator.tsx:355","Contextual Spanish draft","Source present; runtime Spanish available"
"interface.1356","Number of Rounds","Número de rondas","Game interface: <label>","components/games/GameConfigurator.tsx:1160 | components/games/GameConfigurator.tsx:1472","Contextual Spanish draft","Source present; runtime Spanish available"
"interface.1357","number of teacher spots","número de plazas docentes","Website interface: <label>","pages/ChangePlan.tsx:475","Contextual Spanish draft","Source present; runtime Spanish available"
"interface.1358","Number of teacher spots to add or remove","Número de plazas docentes que añadir o quitar","Visible/accessibility attribute: aria-label","pages/SchoolAdmin.tsx:884","Contextual Spanish draft","Source present; runtime Spanish available"
"interface.1359","Numbers","Números","Game interface: <div> | Conditional/dynamic interface text (check the source context)","components/games/GameConfigurator.tsx:1306 | components/games/GameSetup.tsx:481","Contextual Spanish draft","Source present; runtime Spanish available"
"interface.1360","October 1, 2026","1 de octubre de 2026","Blog article 7: date","data/blogPosts.ts: article 7, date | data/blogPosts.es.ts: article 7, date","Contextual Spanish draft","Source present; runtime Spanish available"
"interface.1361","October 12, 2024","12 de octubre de 2024","Blog article 1: date","data/blogPosts.ts: article 1, date | data/blogPosts.es.ts: article 1, date","Contextual Spanish draft","Source present; runtime Spanish available"
"interface.1362","October 28, 2024","28 de octubre de 2024","Blog article 2: date","data/blogPosts.ts: article 2, date | data/blogPosts.es.ts: article 2, date","Contextual Spanish draft","Source present; runtime Spanish available"
"interface.1363","of","de","Game interface: <p> | Game interface: <span> | Website interface: <div> | Website interface: <span>","components/games/GameEditor.tsx:1068 | components/games/GameEditor.tsx:1080 | components/games/GameEditor.tsx:1275 | components/games/GameEditor.tsx:1308 | components/games/GameEditor.tsx:1320 | components/games/GameEditor.tsx:1676 | components/games/GamePreview.tsx:642 | components/games/StopTheFireGame.tsx:1344 | components/games/SurveyShowdownGame.tsx:53 | pages/Games.tsx:1064 | pages/Games.tsx:1077 | pages/Games.tsx:1198 | pages/Games.tsx:1582 | pages/Games.tsx:1594 | pages/Games.tsx:1728 | pages/SchoolAdmin.tsx:635","Contextual Spanish draft","Source present; runtime Spanish available"
"interface.1364","of {totalHits}","de {totalHits}","Conditional/dynamic interface text (check the source context)","components/shared/StockImagePicker.tsx:321","Contextual Spanish draft","Source present; runtime Spanish available"
"interface.1365","Off","Desactivado","Conditional/dynamic interface text (check the source context)","components/games/GameConfigurator.tsx:1951 | pages/LiveQuizHost.tsx:554","Contextual Spanish draft","Source present; runtime Spanish available"
"interface.1366","Offer multiple-choice answers for a quick decision, or use open questions and let students say their answers aloud. You decide what works best for your group.","Ofrece opciones de respuesta para decidir rápidamente o usa preguntas abiertas y deja que el alumnado responda en voz alta. Tú eliges lo que funciona mejor con tu grupo.","Website interface: <dd>","pages/TimeBombPage.tsx:67","Contextual Spanish draft","Source present; runtime Spanish available"
"interface.1367","OH NO! BUSTED!","¡OH, NO! ¡PIERDES PUNTOS!","Game controls, settings or feedback","components/games/JeopardyGame.tsx:124 | components/games/TriviaGame.tsx:130","Contextual Spanish draft","Source present; runtime Spanish available"
"interface.1368","OK","Aceptar","Game interface: <button>","components/games/BlockBeatersGame.tsx:1642 | components/games/JeopardyGame.tsx:1246 | components/games/TriviaGame.tsx:1283","Contextual Spanish draft","Source present; runtime Spanish available"
"interface.1369","Oldest First","Más antiguos primero","Website interface: <option>","pages/Games.tsx:1054 | pages/Games.tsx:1516","Contextual Spanish draft","Source present; runtime Spanish available"
"interface.1370","On","Activado","Conditional/dynamic interface text (check the source context)","pages/LiveQuizHost.tsx:554","Contextual Spanish draft","Source present; runtime Spanish available"
"interface.1371","Once approved, you can use our school’s shared resources and start creating games.","Cuando se apruebe, podrás utilizar los recursos compartidos de nuestro centro y empezar a crear juegos.","School administration","pages/SchoolAdmin.tsx:556","Contextual Spanish draft","Source present; runtime Spanish available"
"interface.1372","One category per line. Duplicates are ignored.","Una categoría por línea. Se ignoran los duplicados.","Game interface: <span>","components/games/GameConfigurator.tsx:1060","Contextual Spanish draft","Source present; runtime Spanish available"
"interface.1373","One or more files could not be saved to School Storage. They were still attached locally for this game.","Uno o varios archivos no se han podido guardar en el almacenamiento del centro. Siguen adjuntos localmente a este juego.","User message: alert","components/games/GameConfigurator.tsx:577","Contextual Spanish draft","Source present; runtime Spanish available"
"interface.1374","One or more uploaded files could not be saved to School Storage. Please try again.","Uno o varios archivos subidos no se han podido guardar en el almacenamiento del centro. Inténtalo de nuevo.","User message: alert","components/games/GameConfigurator.tsx:752","Contextual Spanish draft","Source present; runtime Spanish available"
"interface.1375","One shared screen, a few teams and whatever you’re teaching. Students can jot down answers together as you play.","Una pantalla compartida, unos equipos y lo que estés enseñando. El alumnado puede anotar las respuestas en grupo mientras juega.","Website interface: <p>","pages/PubQuizPage.tsx:34","Contextual Spanish draft","Source present; runtime Spanish available"
"interface.1376","Oops","Vaya","Game interface: <button>","components/games/BlockBeatersGame.tsx:1640 | components/games/JeopardyGame.tsx:1241 | components/games/TriviaGame.tsx:1278","Contextual Spanish draft","Source present; runtime Spanish available"
"interface.1377","Open","Abrir","Game interface: <button> | Conditional/dynamic interface text (check the source context) | Website interface: <li>","components/games/GameEditor.tsx:1135 | components/games/GameEditor.tsx:1422 | components/school/SchoolStorageBrowser.tsx:351 | components/school/SchoolStorageManager.tsx:648 | pages/InfoPages.tsx:302","Contextual Spanish draft","Source present; runtime Spanish available"
"interface.1378","Open a topic with a few questions and see what your students already know. Their choices can help you decide what to spend more time on.","Empieza un tema con unas preguntas para descubrir lo que ya sabe tu clase. Sus respuestas te ayudarán a decidir qué merece más tiempo.","Website interface: <dd>","pages/LiveQuizPage.tsx:73","Contextual Spanish draft","Source present; runtime Spanish available"
"interface.1379","Open AI Assistant","Abrir asistente de IA","Website interface: <button>","pages/Games.tsx:1977","Contextual Spanish draft","Source present; runtime Spanish available"
"interface.1380","Open answer","Respuesta abierta","Game controls, settings or feedback","components/games/GameEditor.tsx:1346","Contextual Spanish draft","Source present; runtime Spanish available"
"interface.1381","Open answer · {points} pts","Respuesta abierta · {points} ptos.","Game controls, settings or feedback","components/games/GameEditor.tsx:1102","Contextual Spanish draft","Source present; runtime Spanish available"
"interface.1382","Open editor","Abrir editor","Conditional/dynamic interface text (check the source context)","components/games/GameConfigurator.tsx:1971","Contextual Spanish draft","Source present; runtime Spanish available"
"interface.1383","Open Ended","Respuesta abierta","Game interface: <option>","components/games/GameConfigurator.tsx:1146 | components/games/GameConfigurator.tsx:1351 | components/games/GameConfigurator.tsx:1394 | components/games/GameConfigurator.tsx:1460 | components/games/GameConfigurator.tsx:1525 | components/games/GameConfigurator.tsx:1560 | components/games/GameConfigurator.tsx:1631","Contextual Spanish draft","Source present; runtime Spanish available"
"interface.1384","Open file","Abrir archivo","Visible/accessibility attribute: title","components/school/SchoolStorageManager.tsx:645","Contextual Spanish draft","Source present; runtime Spanish available"
"interface.1385","Open Game Hub","Abrir centro de juegos","Website interface: <Link>","pages/SeoLandingPages.tsx:134","Contextual Spanish draft","Source present; runtime Spanish available"
"interface.1386","Open menu","Abrir menú","Accessible name of the mobile navigation button.","data/i18n/interface.json: nav.openMenu","Contextual Spanish draft","Source present; runtime Spanish available"
"interface.1387","Open Preview","Abrir vista previa","Visible/accessibility attribute: title","pages/Games.tsx:1708","Contextual Spanish draft","Source present; runtime Spanish available"
"interface.1388","Open response","Abrir respuesta","Game interface: <div>","components/games/GameConfigurator.tsx:1263","Contextual Spanish draft","Source present; runtime Spanish available"
"interface.1389","Open School Admin","Abrir administración del centro","Website interface: <Link>","pages/Profile.tsx:675","Contextual Spanish draft","Source present; runtime Spanish available"
"interface.1390","Opening...","Abriendo...","Conditional/dynamic interface text (check the source context)","components/school/SchoolStorageBrowser.tsx:351 | components/school/SchoolStorageManager.tsx:648","Contextual Spanish draft","Source present; runtime Spanish available"
"interface.1391","Operational logs may be retained for security, abuse prevention, and diagnostics.","Los registros operativos pueden conservarse por seguridad, prevención de abusos y diagnóstico.","Website interface: <li>","pages/InfoPages.tsx:847","Contextual Spanish draft","Source present; runtime Spanish available"
"interface.1392","Option {String.fromCharCode(65 + index)}","Opción {String.fromCharCode(65 + index)}","Conditional/dynamic interface text (check the source context)","components/games/GameWorkspace.tsx:101","Contextual Spanish draft","Source present; runtime Spanish available"
"interface.1393","Optional but powerful: upload source files (PDF/images, max 3 files, 4MB each) so AI uses your actual material.","Opcional, pero útil: sube archivos de referencia (PDF o imágenes, máximo 3 archivos de 4 MB cada uno) para que la IA utilice tu material.","Website interface: <li>","pages/InfoPages.tsx:307","Contextual Spanish draft","Source present; runtime Spanish available"
"interface.1394","optional device permissions such as microphone access, where consent is the appropriate basis. Permission can be withdrawn through browser controls.","los permisos opcionales del dispositivo, como el acceso al micrófono, cuando el consentimiento sea la base adecuada. Puedes retirar el permiso desde los controles del navegador.","Website interface: <li>","pages/InfoPages.tsx:810","Contextual Spanish draft","Source present; runtime Spanish available"
"interface.1395","Optional, e.g. Past perfect 1","Opcional, p. ej., pretérito pluscuamperfecto 1","Visible/accessibility attribute: placeholder","components/games/GameEditor.tsx:1528","Contextual Spanish draft","Source present; runtime Spanish available"
"interface.1396","Optional. Add the class level, focus areas or anything to avoid.","Opcional. Añade el nivel de la clase, los temas prioritarios o lo que deba evitarse.","Game interface: <p>","components/games/GameConfigurator.tsx:1809","Contextual Spanish draft","Source present; runtime Spanish available"
"interface.1397","Options:","Opciones:","Game interface: <span>","components/games/GameEditor.tsx:1433","Contextual Spanish draft","Source present; runtime Spanish available"
"interface.1398","Opts","Opc.","Game interface: <button>","components/games/GameEditor.tsx:1180","Contextual Spanish draft","Source present; runtime Spanish available"
"interface.1399","or attach source material below","o adjunta material de referencia abajo","Game interface: <span>","components/games/GameConfigurator.tsx:986","Contextual Spanish draft","Source present; runtime Spanish available"
"interface.1400","or use the Contact page on the site.","o utiliza la página de Contacto del sitio.","Website interface: <p>","pages/InfoPages.tsx:903","Contextual Spanish draft","Source present; runtime Spanish available"
"interface.1401","or use the site Contact page.","o utiliza la página de Contacto del sitio.","Website interface: <p>","pages/InfoPages.tsx:746","Contextual Spanish draft","Source present; runtime Spanish available"
"interface.1402","Orange","Naranja","Interface definition: name","components/games/BlockBeatersGame.tsx:81","Contextual Spanish draft","Source present; runtime Spanish available"
"interface.1403","Original Topic","Tema original","Game interface: <label>","components/games/GameEditor.tsx:1742","Contextual Spanish draft","Source present; runtime Spanish available"
"interface.1404","Originally by","Original de","Game interface: <span>","components/games/GameEditor.tsx:865","Contextual Spanish draft","Source present; runtime Spanish available"
"interface.1405","Our story","Nuestra historia","Help, contact or legal information","pages/InfoPages.tsx:190","Contextual Spanish draft","Source present; runtime Spanish available"
"interface.1406","Our Story","Nuestra historia","Interface definition: title | Website interface: <h2>","pages/InfoPages.tsx:112 | pages/InfoPages.tsx:264","Contextual Spanish draft","Source present; runtime Spanish available"
"interface.1407","OUTER BULL","DIANA EXTERIOR","Interface definition: label","components/games/DartsGame.tsx:98","Contextual Spanish draft","Source present; runtime Spanish available"
"interface.1408","Owner","Propietario","Website interface: <span>","pages/SchoolAdmin.tsx:746 | pages/SchoolAdmin.tsx:818","Contextual Spanish draft","Source present; runtime Spanish available"
"interface.1409","Page","Página","Game interface: <span> | Website interface: <span>","components/games/GameEditor.tsx:1080 | components/games/GameEditor.tsx:1275 | components/games/GameEditor.tsx:1320 | components/games/GameEditor.tsx:1676 | pages/Games.tsx:1077 | pages/Games.tsx:1198 | pages/Games.tsx:1594 | pages/Games.tsx:1728","Contextual Spanish draft","Source present; runtime Spanish available"
"interface.1410","Pass","Pasar","Game interface: <button>","components/games/WordWheelGame.tsx:1578","Contextual Spanish draft","Source present; runtime Spanish available"
"interface.1411","Pass play to the next player.","Pasa el turno al siguiente jugador.","Game controls, settings or feedback","components/games/SnakesLaddersGame.tsx:2208","Contextual Spanish draft","Source present; runtime Spanish available"
"interface.1412","Pass the bomb before time runs out!","¡Pasa la bomba antes de que se agote el tiempo!","Website interface","pages/Games.tsx:1837","Contextual Spanish draft","Source present; runtime Spanish available"
"interface.1413","Pass the bomb by answering correctly.","Responde correctamente para pasar la bomba.","Game interface: <p>","components/games/TimeBombGame.tsx:1861","Contextual Spanish draft","Source present; runtime Spanish available"
"interface.1414","Passed","Pendiente","Interface definition: label | Game interface: <h2>","components/games/WordWheelGame.tsx:218 | components/games/WordWheelGame.tsx:1638","Contextual Spanish draft","Source present; runtime Spanish available"
"interface.1415","Password","Contraseña","Website interface: <label>","components/LoginModal.tsx:281","Contextual Spanish draft","Source present; runtime Spanish available"
"interface.1416","Password must be at least 8 characters long.","La contraseña debe tener al menos 8 caracteres.","Interface definition: text","pages/Profile.tsx:219 | pages/ResetPassword.tsx:30","Contextual Spanish draft","Source present; runtime Spanish available"
"interface.1417","Password updated successfully!","¡Contraseña actualizada!","Account and profile","pages/Profile.tsx:249","Contextual Spanish draft","Source present; runtime Spanish available"
"interface.1418","Passwords do not match.","Las contraseñas no coinciden.","Interface definition: text","pages/ResetPassword.tsx:35","Contextual Spanish draft","Source present; runtime Spanish available"
"interface.1419","Paste categories here, one per line.","Pega las categorías aquí, una por línea.","Visible/accessibility attribute: placeholder","components/games/GameConfigurator.tsx:1034 | components/games/GameEditor.tsx:927","Contextual Spanish draft","Source present; runtime Spanish available"
"interface.1420","Paste JSON Directly","Pegar JSON directamente","Game interface: <label>","components/games/GameConfigurator.tsx:1695","Contextual Spanish draft","Source present; runtime Spanish available"
"interface.1421","Paste the result from your AI tool before importing.","Pega el resultado de tu herramienta de IA antes de importar.","Interface definition: text","components/games/GameConfigurator.tsx:661","Contextual Spanish draft","Source present; runtime Spanish available"
"interface.1422","Paste the result from your AI tool here.","Pega aquí el resultado de tu herramienta de IA.","Visible/accessibility attribute: placeholder","components/games/GameConfigurator.tsx:1699","Contextual Spanish draft","Source present; runtime Spanish available"
"interface.1423","Pause","Pausar","Conditional/dynamic interface text (check the source context)","components/games/shared/SurveyTurnTimer.tsx:46 | components/games/TimeBombGame.tsx:2106 | components/games/TimeBombGame.tsx:2152","Contextual Spanish draft","Source present; runtime Spanish available"
"interface.1424","Pause for a discussion before choosing a lifeline. Which answers can your students already rule out, and what would make them more certain?","Comentadlo antes de elegir un comodín. ¿Qué respuestas puede descartar ya la clase y qué le daría más seguridad?","Game format information","pages/MillionaireMakerPage.tsx:40","Contextual Spanish draft","Source present; runtime Spanish available"
"interface.1425","Pause timer","Pausar temporizador","Conditional/dynamic interface text (check the source context)","components/games/shared/SurveyTurnTimer.tsx:44 | components/games/WordWheelGame.tsx:1492 | components/games/WordWheelGame.tsx:1493","Contextual Spanish draft","Source present; runtime Spanish available"
"interface.1426","Paused","En pausa","Game interface: <span> | Conditional/dynamic interface text (check the source context)","components/games/shared/SurveyTurnTimer.tsx:40 | components/games/WordWheelGame.tsx:1499","Contextual Spanish draft","Source present; runtime Spanish available"
"interface.1427","PDF, Word or images. Maximum total attachment size: 3 MB.","PDF, Word o imágenes. Tamaño máximo total de los archivos adjuntos: 3 MB.","Game interface: <p>","components/games/GameConfigurator.tsx:1849","Contextual Spanish draft","Source present; runtime Spanish available"
"interface.1428","PE Instructor","Profesor de Educación Física","Website interface","components/TestimonialCarousel.tsx:90","Contextual Spanish draft","Source present; runtime Spanish available"
"interface.1429","Peek at Board","Ver tablero","Game interface: <button>","components/games/SnakesLaddersGame.tsx:2665","Contextual Spanish draft","Source present; runtime Spanish available"
"interface.1430","Pending","Pendiente","Website interface: <option>","pages/SchoolAdmin.tsx:714","Contextual Spanish draft","Source present; runtime Spanish available"
"interface.1431","Pending invites","Invitaciones pendientes","Website interface: <dt>","pages/SchoolAdmin.tsx:637","Contextual Spanish draft","Source present; runtime Spanish available"
"interface.1432","per page","por página","Game interface: <option> | Website interface: <option>","components/games/GameEditor.tsx:1296 | components/games/GameEditor.tsx:1697 | pages/Games.tsx:1215 | pages/Games.tsx:1745","Contextual Spanish draft","Source present; runtime Spanish available"
"interface.1433","Perfect for speaking classes","Ideal para practicar la expresión oral","Website interface","components/TestimonialCarousel.tsx:19","Contextual Spanish draft","Source present; runtime Spanish available"
"interface.1434","Permanently remove your account and saved work.","Elimina tu cuenta y el trabajo guardado de forma permanente.","Website interface: <span>","pages/Profile.tsx:715","Contextual Spanish draft","Source present; runtime Spanish available"
"interface.1435","Personal details","Datos personales","Website interface: <h2>","pages/Profile.tsx:453","Contextual Spanish draft","Source present; runtime Spanish available"
"interface.1436","Phone a Friend","Llamar a un amigo","Visible/accessibility attribute: title","components/games/MillionaireGame.tsx:601","Contextual Spanish draft","Source present; runtime Spanish available"
"interface.1437","Phone-A-Friend","Llamar a un amigo","Game interface: <div>","components/games/MillionaireGame.tsx:836","Contextual Spanish draft","Source present; runtime Spanish available"
"interface.1438","Photo from","Foto de","Website interface: <a>","components/shared/GameCover.tsx:42","Contextual Spanish draft","Source present; runtime Spanish available"
"interface.1439","Pick","Seleccionar","Game interface: <div>","components/games/GamePreview.tsx:462","Contextual Spanish draft","Source present; runtime Spanish available"
"interface.1440","Pick a game format, then adjust the setup before playing.","Elige un formato de juego y ajusta la configuración antes de jugar.","Website interface: <p>","pages/Games.tsx:184","Contextual Spanish draft","Source present; runtime Spanish available"
"interface.1441","Pick a number and have a go.","Elige un número y prueba.","Visible/accessibility attribute: title","pages/TriviaPage.tsx:50","Contextual Spanish draft","Source present; runtime Spanish available"
"interface.1442","Pick a round, give your teams a moment to think and let the conversation begin.","Elige una ronda, deja que los equipos piensen un momento y que empiece la conversación.","Website interface: <p>","pages/PubQuizPage.tsx:46","Contextual Spanish draft","Source present; runtime Spanish available"
"interface.1443","Pick a scoring area on the board. Singles, doubles, trebles and the bullseye give teams different targets to aim for.","Elige una zona de puntuación en la diana. Simples, dobles, triples y el centro ofrecen distintos objetivos a los equipos.","Interface definition: ""text""","pages/DartsChallengePage.tsx:18","Contextual Spanish draft","Source present; runtime Spanish available"
"interface.1444","Pick categories that fit","Elige categorías adecuadas","Game format information","pages/StopTheFirePage.tsx:35","Contextual Spanish draft","Source present; runtime Spanish available"
"interface.1445","Pick from library","Elegir de la biblioteca","Game interface: <button>","components/games/GameEditor.tsx:1237 | components/games/GameEditor.tsx:1638","Contextual Spanish draft","Source present; runtime Spanish available"
"interface.1446","Pick later","Elegir más tarde","Website interface: <strong>","pages/InfoPages.tsx:308","Contextual Spanish draft","Source present; runtime Spanish available"
"interface.1447","Pick later (manual)","Elegir más tarde (manual)","Game interface: <span>","components/games/GameConfigurator.tsx:1794","Contextual Spanish draft","Source present; runtime Spanish available"
"interface.1448","Pick one from the full Alohe collection.","Elige uno de la colección completa de Alohe.","Website interface: <p>","pages/Profile.tsx:736","Contextual Spanish draft","Source present; runtime Spanish available"
"interface.1449","Pick opponent tile","Elige una casilla de otro equipo","Game controls, settings or feedback","components/games/BlockBeatersGame.tsx:724","Contextual Spanish draft","Source present; runtime Spanish available"
"interface.1450","Pick where you want to start. We'll guide you step by step.","Elige por dónde empezar. Te guiaremos paso a paso.","Website interface: <p>","pages/Home.tsx:249","Contextual Spanish draft","Source present; runtime Spanish available"
"interface.1451","Pick your scoring challenge","Elige tu reto de puntuación","Game format information","pages/DartsChallengePage.tsx:39","Contextual Spanish draft","Source present; runtime Spanish available"
"interface.1452","Pick your spot and back your answer. Bring a little friendly rivalry to your lesson, with a dartboard, team scores and a question before every throw.","Elige el objetivo y defiende tu respuesta. Añade una competición amistosa a tu clase con una diana, puntuaciones por equipos y una pregunta antes de cada lanzamiento.","Game format information","pages/DartsChallengePage.tsx:8","Contextual Spanish draft","Source present; runtime Spanish available"
"interface.1453","Pick your tile","Elige una de tus casillas","Game controls, settings or feedback","components/games/BlockBeatersGame.tsx:724","Contextual Spanish draft","Source present; runtime Spanish available"
"interface.1454","Plan & school","Plan y centro","Website interface: <h2>","pages/Profile.tsx:563","Contextual Spanish draft","Source present; runtime Spanish available"
"interface.1455","Plan switched to {PLAN_DEFS[target].title}.","Has cambiado al {PLAN_DEFS[target].title}.","Interface definition: text","pages/ChangePlan.tsx:160","Contextual Spanish draft","Source present; runtime Spanish available"
"interface.1456","Plan switched to School Plan, but logo upload failed: {getErrorMessage(logoError, 'Please try again.')}","Has cambiado al plan Centro, pero no se ha podido subir el logotipo: {getErrorMessage(logoError, 'Please try again.')}","Interface definition: text","pages/ChangePlan.tsx:209","Contextual Spanish draft","Source present; runtime Spanish available"
"interface.1457","Plan switched to School Plan.","Has cambiado al plan Centro.","Interface definition: text","pages/ChangePlan.tsx:227","Contextual Spanish draft","Source present; runtime Spanish available"
"interface.1458","plan, add your school name, and open the School Admin dashboard.","plan, añade el nombre del centro y abre el panel de administración.","Website interface: <li>","pages/InfoPages.tsx:318","Contextual Spanish draft","Source present; runtime Spanish available"
"interface.1459","Play","Jugar","Game interface: <button> | Game interface: <span> | Conditional/dynamic interface text (check the source context)","components/games/GameEditor.tsx:886 | components/games/GamePreview.tsx:648 | components/games/GamePreview.tsx:754 | pages/Games.tsx:79","Contextual Spanish draft","Source present; runtime Spanish available"
"interface.1460","Play Again","Volver a jugar","Game interface: <button>","components/games/MillionaireGame.tsx:553 | components/games/shared/WinnerCeremonyHero.tsx:804","Contextual Spanish draft","Source present; runtime Spanish available"
"interface.1461","Play Another Round","Jugar otra ronda","Game interface: <button>","components/games/StopTheFireGame.tsx:1514","Contextual Spanish draft","Source present; runtime Spanish available"
"interface.1462","Play at your pace","Juega a tu ritmo","Website interface: <dt>","pages/BlockBeatersPage.tsx:66 | pages/JeopardyPage.tsx:66 | pages/TimeBombPage.tsx:66 | pages/TriviaPage.tsx:66 | pages/WordWheelPage.tsx:66","Contextual Spanish draft","Source present; runtime Spanish available"
"interface.1463","Play for the highest score and choose how many turns each player gets, or try counting down from 301 and finishing on a double.","Juega para conseguir la puntuación más alta y elige los turnos de cada jugador, o empieza con 301 puntos y termina con un doble.","Game format information","pages/DartsChallengePage.tsx:40","Contextual Spanish draft","Source present; runtime Spanish available"
"interface.1464","Play in created order.","Jugar en el orden de creación.","Conditional/dynamic interface text (check the source context)","components/games/GameSetup.tsx:343","Contextual Spanish draft","Source present; runtime Spanish available"
"interface.1465","Play live quiz","Jugar a Live Quiz","Conditional/dynamic interface text (check the source context)","components/games/GameEditor.tsx:885","Contextual Spanish draft","Source present; runtime Spanish available"
"interface.1466","Play on one shared screen. Teams choose their target, answer the question and watch the dart fly.","Juega en una pantalla compartida. Los equipos eligen su objetivo, responden a la pregunta y ven volar el dardo.","Game format information","pages/DartsChallengePage.tsx:9","Contextual Spanish draft","Source present; runtime Spanish available"
"interface.1467","Play question set with a different game","Jugar estas preguntas en otro juego","Game interface: <span>","components/games/GamePreview.tsx:767","Contextual Spanish draft","Source present; runtime Spanish available"
"interface.1468","Play selected","Jugar selección","Visible/accessibility attribute: aria-label","components/games/GamePreview.tsx:647","Contextual Spanish draft","Source present; runtime Spanish available"
"interface.1469","Play together on one screen, or put a contestant in the hot seat. The prize money is just for fun.","Jugad juntos en una pantalla o elegid a un concursante. El dinero de los premios es solo parte del juego.","Game format information","pages/MillionaireMakerPage.tsx:9","Contextual Spanish draft","Source present; runtime Spanish available"
"interface.1470","Play with open questions or multiple-choice answers. Leave the timer off for thoughtful conversations, or add it when your class is ready for quicker turns.","Juega con preguntas abiertas u opciones múltiples. Desactiva el temporizador para conversar con calma o actívalo si la clase está preparada para turnos más rápidos.","Game format information","pages/SnakesAndLaddersPage.tsx:44","Contextual Spanish draft","Source present; runtime Spanish available"
"interface.1471","playable multiple-choice question","pregunta de opción múltiple válida para jugar","Game interface: <p>","components/games/LiveQuizSetupModal.tsx:54","Contextual Spanish draft","Source present; runtime Spanish available"
"interface.1472","player","jugador","Conditional/dynamic interface text (check the source context)","components/games/GameSetup.tsx:728","Contextual Spanish draft","Source present; runtime Spanish available"
"interface.1473","Player","Jugador","Game controls, settings or feedback","components/games/shared/PracticeReviewSummary.tsx:26 | pages/LiveQuizStudent.tsx:303 | pages/LiveQuizStudent.tsx:380","Contextual Spanish draft","Source present; runtime Spanish available"
"interface.1474","Player {number}","Jugador {number}","Interface vocabulary or retained wording","data/i18n/spanish-spain.json","Contextual Spanish draft","Retained vocabulary / fallback wording"
"interface.1475","players","jugadores","Website interface: <div>","pages/LiveQuizHost.tsx:923","Contextual Spanish draft","Source present; runtime Spanish available"
"interface.1476","Players","Jugadores","Game interface: <div>","components/games/SnakesLaddersGame.tsx:2446","Contextual Spanish draft","Source present; runtime Spanish available"
"interface.1477","Players / Teams","Jugadores / Equipos","Game interface: <label>","components/games/GameSetup.tsx:228 | components/games/StopTheFireGame.tsx:990","Contextual Spanish draft","Source present; runtime Spanish available"
"interface.1478","Players claim hex tiles and race to connect opposite sides. A completed path still needs one final question to win.","Los jugadores conquistan hexágonos y compiten por conectar lados opuestos. Tras completar un camino, aún hay que responder una pregunta final para ganar.","Game interface: <p>","components/games/GameConfigurator.tsx:1280","Contextual Spanish draft","Source present; runtime Spanish available"
"interface.1479","Players Joined (","Jugadores en la sala (","Website interface: <div>","pages/LiveQuizHost.tsx:783","Contextual Spanish draft","Source present; runtime Spanish available"
"interface.1480","Players take turns scoring. Highest score after {options.dartsLegs} turns wins.","Los jugadores puntúan por turnos. Gana quien tenga más puntos tras {options.dartsLegs} turnos.","Conditional/dynamic interface text (check the source context)","components/games/GameSetup.tsx:390","Contextual Spanish draft","Source present; runtime Spanish available"
"interface.1481","plays","partidas","Website interface","pages/Games.tsx:955 | pages/Games.tsx:1052 | pages/Games.tsx:1514 | pages/Home.tsx:127 | pages/Home.tsx:179","Contextual Spanish draft","Source present; runtime Spanish available"
"interface.1482","Plays","Partidas","Conditional/dynamic interface text (check the source context)","pages/Games.tsx:79","Contextual Spanish draft","Source present; runtime Spanish available"
"interface.1483","Plays of your games","Partidas de tus juegos","Account and profile","pages/Profile.tsx:438","Contextual Spanish draft","Source present; runtime Spanish available"
"interface.1484","Plays received","Partidas de tus juegos","School administration","pages/SchoolAdmin.tsx:434","Contextual Spanish draft","Source present; runtime Spanish available"
"interface.1485","plays this week","partidas esta semana","Website interface","pages/Home.tsx:179","Contextual Spanish draft","Source present; runtime Spanish available"
"interface.1486","Please choose an image file for your school logo.","Elige un archivo de imagen para el logotipo del centro.","Interface definition: text","pages/ChangePlan.tsx:169","Contextual Spanish draft","Source present; runtime Spanish available"
"interface.1487","Please complete the human verification check before continuing.","Completa la verificación de seguridad antes de continuar.","User message: setError","components/LoginModal.tsx:114","Contextual Spanish draft","Source present; runtime Spanish available"
"interface.1488","Please complete the human verification check before resending.","Completa la verificación de seguridad antes de reenviar.","Website interface","components/Layout.tsx:135","Contextual Spanish draft","Source present; runtime Spanish available"
"interface.1489","Please enter a school code.","Introduce un código de centro.","Interface definition: text","pages/Profile.tsx:370","Contextual Spanish draft","Source present; runtime Spanish available"
"interface.1490","Please enter your school name.","Introduce el nombre de tu centro.","Interface definition: text","pages/ChangePlan.tsx:182","Contextual Spanish draft","Source present; runtime Spanish available"
"interface.1491","Please log in to view your profile.","Inicia sesión para ver tu perfil.","Website interface: <p>","pages/Profile.tsx:406","Contextual Spanish draft","Source present; runtime Spanish available"
"interface.1492","Please provide accurate information and keep it up to date.","Facilita información correcta y mantenla actualizada.","Website interface: <li>","pages/InfoPages.tsx:654","Contextual Spanish draft","Source present; runtime Spanish available"
"interface.1493","Please save this game before sharing it with students.","Guarda este juego antes de compartirlo con el alumnado.","User message: alert","components/games/GameEditor.tsx:488 | pages/Games.tsx:2552 | pages/ShareGame.tsx:267","Contextual Spanish draft","Source present; runtime Spanish available"
"interface.1494","Please save this game before sharing.","Guarda este juego antes de compartirlo.","User message: alert","components/games/GameEditor.tsx:435 | pages/Games.tsx:2502 | pages/ShareGame.tsx:222","Contextual Spanish draft","Source present; runtime Spanish available"
"interface.1495","Please save this game to your library before starting a live quiz.","Guarda este juego en tu biblioteca antes de iniciar un Live Quiz.","User message: alert","pages/Games.tsx:2256 | pages/Games.tsx:2374 | pages/Games.tsx:2580","Contextual Spanish draft","Source present; runtime Spanish available"
"interface.1496","Please try again or ask the owner to reshare.","Inténtalo de nuevo o pide a quien lo creó que vuelva a compartirlo.","Website interface: <p>","pages/ShareGame.tsx:380","Contextual Spanish draft","Source present; runtime Spanish available"
"interface.1497","Please try again.","Inténtalo de nuevo.","Account and profile","pages/ChangePlan.tsx:209","Contextual Spanish draft","Source present; runtime Spanish available"
"interface.1498","Please wait a moment before requesting another confirmation email.","Espera un momento antes de solicitar otro correo de confirmación.","Website interface","components/Layout.tsx:152","Contextual Spanish draft","Source present; runtime Spanish available"
"interface.1499","Point steal","Robar puntos","Interface definition: label","components/games/GameSetup.tsx:160","Contextual Spanish draft","Source present; runtime Spanish available"
"interface.1500","POINT STEAL!","¡ROBA PUNTOS!","Game controls, settings or feedback","components/games/JeopardyGame.tsx:125 | components/games/TriviaGame.tsx:131","Contextual Spanish draft","Source present; runtime Spanish available"
"interface.1501","points","puntos","Game interface: <div> | Game interface: <p> | Website interface: <span>","components/games/LiveQuizLeaderboardStage.tsx:210 | components/games/WordWheelGame.tsx:1612 | components/games/WordWheelGame.tsx:1618 | pages/LiveQuizStudent.tsx:471","Contextual Spanish draft","Source present; runtime Spanish available"
"interface.1502","Points","Puntos","Game interface: <div>","components/games/DartsGame.tsx:1275 | components/games/DartsGame.tsx:1291","Contextual Spanish draft","Source present; runtime Spanish available"
"interface.1503","Points Strategy","Asignación de puntos","Game interface: <label>","components/games/GameConfigurator.tsx:1640","Contextual Spanish draft","Source present; runtime Spanish available"
"interface.1504","Polling Audience...","Consultando al público...","Game interface: <h3>","components/games/MillionaireGame.tsx:869","Contextual Spanish draft","Source present; runtime Spanish available"
"interface.1505","Pop","Pop","Interface definition: label","pages/LiveQuizHost.tsx:78","Contextual Spanish draft","Source present; runtime Spanish available"
"interface.1506","Posted in Education Strategies","Publicado en Estrategias educativas","Website interface: <div>","pages/BlogPost.tsx:107","Contextual Spanish draft","Source present; runtime Spanish available"
"interface.1507","Potion mishap","Poción fallida","Interface definition: label","components/games/SnakesLaddersGame.tsx:361","Contextual Spanish draft","Source present; runtime Spanish available"
"interface.1508","Practical limits:","Límites prácticos:","Website interface: <strong>","pages/InfoPages.tsx:352","Contextual Spanish draft","Source present; runtime Spanish available"
"interface.1509","Practice complete","Práctica completada","Game interface: <div>","components/games/shared/PracticeReviewSummary.tsx:57","Contextual Spanish draft","Source present; runtime Spanish available"
"interface.1510","Practice mode","Modo práctica","Game interface: <div>","components/games/TimeBombGame.tsx:1792","Contextual Spanish draft","Source present; runtime Spanish available"
"interface.1511","Practise making connections","Practica relacionando ideas","Website interface: <dt>","pages/SurveyShowdownPage.tsx:74","Contextual Spanish draft","Source present; runtime Spanish available"
"interface.1512","precise objective (for example, ""past simple negatives"").","objetivo concreto (por ejemplo, «negativas en pasado simple»).","Website interface: <li>","pages/InfoPages.tsx:349","Contextual Spanish draft","Source present; runtime Spanish available"
"interface.1513","Preparing game images","Preparando imágenes del juego","Conditional/dynamic interface text (check the source context)","components/games/GameImagePreparation.tsx:80","Contextual Spanish draft","Source present; runtime Spanish available"
"interface.1514","Preparing your cover…","Preparando la portada…","Conditional/dynamic interface text (check the source context)","components/games/GameCoverEditor.tsx:80","Contextual Spanish draft","Source present; runtime Spanish available"
"interface.1515","Preview","Vista previa","Website interface: <button>","pages/Games.tsx:1711","Contextual Spanish draft","Source present; runtime Spanish available"
"interface.1516","Preview image for {label}","Imagen de vista previa de {label}","Conditional/dynamic interface text (check the source context)","components/games/GamePreview.tsx:53","Contextual Spanish draft","Source present; runtime Spanish available"
"interface.1517","Previous","Anterior","Game interface: <button>","components/games/StopTheFireGame.tsx:1390","Contextual Spanish draft","Source present; runtime Spanish available"
"interface.1518","Previous page","Página anterior","Visible/accessibility attribute: aria-label","components/games/GameEditor.tsx:1072 | components/games/GameEditor.tsx:1267 | components/games/GameEditor.tsx:1312 | components/games/GameEditor.tsx:1668","Contextual Spanish draft","Source present; runtime Spanish available"
"interface.1519","Previous reviews","Reseñas anteriores","Website interface","components/TestimonialCarousel.tsx:141","Contextual Spanish draft","Source present; runtime Spanish available"
"interface.1520","Pricing","Planes","Navigation to subscription plans and prices.","components/Layout.tsx:484 | data/i18n/interface.json: nav.pricing","Contextual Spanish draft","Source present; runtime Spanish available"
"interface.1521","Primary Teacher","Profesora de Primaria","Website interface","components/TestimonialCarousel.tsx:34","Contextual Spanish draft","Source present; runtime Spanish available"
"interface.1522","Privacy information","Información de privacidad","Website interface: <a>","pages/LiveQuizJoin.tsx:155 | pages/StudentGame.tsx:208","Contextual Spanish draft","Source present; runtime Spanish available"
"interface.1523","Privacy Policy","Política de privacidad","Website interface: <SafeLink> | Website interface: <a> | Website interface: <h1>","components/Layout.tsx:528 | components/LoginModal.tsx:370 | pages/InfoPages.tsx:756","Contextual Spanish draft","Source present; runtime Spanish available"
"interface.1524","private","privado","Conditional/dynamic interface text (check the source context)","components/games/GameEditor.tsx:874","Contextual Spanish draft","Source present; runtime Spanish available"
"interface.1525","Private","Privado","Conditional/dynamic interface text (check the source context) | Website interface: <div>","components/games/GameEditor.tsx:866 | pages/Games.tsx:1179","Contextual Spanish draft","Source present; runtime Spanish available"
"interface.1526","Profile and password updated successfully!","¡Perfil y contraseña actualizados!","Account and profile","pages/Profile.tsx:247","Contextual Spanish draft","Source present; runtime Spanish available"
"interface.1527","Profile updated successfully!","¡Perfil actualizado!","Account and profile","pages/Profile.tsx:250","Contextual Spanish draft","Source present; runtime Spanish available"
"interface.1528","Progress will be lost.","Se perderá el progreso.","Game interface: <p>","components/games/SnakesLaddersGame.tsx:3043","Contextual Spanish draft","Source present; runtime Spanish available"
"interface.1529","Prompt copied. Paste it into ChatGPT or another AI tool, then upload or paste the result here.","Instrucciones copiadas. Pégalas en ChatGPT u otra herramienta de IA y después sube o pega el resultado aquí.","Interface definition: text","components/games/GameConfigurator.tsx:609","Contextual Spanish draft","Source present; runtime Spanish available"
"interface.1530","Prompt Guide","Guía de instrucciones para la IA","Interface definition: title | Website interface: <h2>","pages/InfoPages.tsx:124 | pages/InfoPages.tsx:337","Contextual Spanish draft","Source present; runtime Spanish available"
"interface.1531","Prompt Settings","Ajustes de las instrucciones","Game interface: <label>","components/games/GameConfigurator.tsx:1604","Contextual Spanish draft","Source present; runtime Spanish available"
"interface.1532","Prompt used to create this game","Instrucciones utilizadas para crear este juego","Game interface: <h2>","components/games/GamePreview.tsx:722","Contextual Spanish draft","Source present; runtime Spanish available"
"interface.1533","Prompt writing, AI instructions, level, age, objective, question count, source files, image prompts, specific classroom needs.","Redactar instrucciones, instrucciones para la IA, nivel, edad, objetivo, número de preguntas, archivos de referencia, instrucciones sobre imágenes, necesidades concretas del aula.","Help, contact or legal information","pages/InfoPages.tsx:125","Contextual Spanish draft","Source present; runtime Spanish available"
"interface.1534","Protect one of your tiles.","Protege una de tus casillas.","Game controls, settings or feedback","components/games/BlockBeatersGame.tsx:175","Contextual Spanish draft","Source present; runtime Spanish available"
"interface.1535","Protect one tile from the next steal.","Protege una casilla del siguiente robo.","Game controls, settings or feedback","components/games/GameSetup.tsx:604","Contextual Spanish draft","Source present; runtime Spanish available"
"interface.1536","Provide a topic or upload files, and AI will generate a word bank (about 100 categories) you can edit later.","Indica un tema o sube archivos y la IA generará un banco de palabras (unas 100 categorías) que podrás editar después.","Game interface: <p>","components/games/GameConfigurator.tsx:1105","Contextual Spanish draft","Source present; runtime Spanish available"
"interface.1537","pts","ptos.","Game interface: <span> | Website interface: <div>","components/games/GameEditor.tsx:1388 | components/games/GamePreview.tsx:406 | components/games/GamePreview.tsx:428 | pages/LiveQuizHost.tsx:703 | pages/LiveQuizStudent.tsx:500 | pages/LiveQuizStudent.tsx:550","Contextual Spanish draft","Source present; runtime Spanish available"
"interface.1538","Pts","Ptos.","Visible/accessibility attribute: placeholder","components/games/GameEditor.tsx:1561","Contextual Spanish draft","Source present; runtime Spanish available"
"interface.1539","Pub quiz","Pub Quiz","Footer landing page: public information for teachers","pages/SeoLandingPages.tsx:41","Contextual Spanish draft","Source present; runtime Spanish available"
"interface.1540","Pub Quiz","Pub Quiz","Website interface: <SafeLink> | Interface definition: title | Website interface: <span>","components/Layout.tsx:504 | pages/Games.tsx:2178 | pages/Home.tsx:66 | pages/PubQuizPage.tsx:28","Contextual Spanish draft","Source present; runtime Spanish available"
"interface.1541","Pub Quiz final podium celebrating Foxes, Owls and Bears","Podio final de Pub Quiz con Foxes, Owls y Bears","Visible/accessibility attribute: alt","pages/PubQuizPage.tsx:55","Contextual Spanish draft","Source present; runtime Spanish available"
"interface.1542","Pub Quiz question asking for the largest ocean on Earth","Pregunta de Pub Quiz sobre el océano más grande de la Tierra","Visible/accessibility attribute: alt","pages/PubQuizPage.tsx:50","Contextual Spanish draft","Source present; runtime Spanish available"
"interface.1543","Pub Quiz round cards and team scores floating above the pub scene","Tarjetas de rondas y puntuaciones de equipos de Pub Quiz sobre la escena del pub","Visible/accessibility attribute: alt","pages/PubQuizPage.tsx:37","Contextual Spanish draft","Source present; runtime Spanish available"
"interface.1544","Pub Quiz round selection with Our planet, Science, Maths, History and The arts","Selección de rondas de Pub Quiz con Our planet, Science, Maths, History y The arts","Visible/accessibility attribute: alt","pages/PubQuizPage.tsx:54","Contextual Spanish draft","Source present; runtime Spanish available"
"interface.1545","Pub Quiz.","Pub Quiz.","Website interface: <h1>","pages/PubQuizPage.tsx:31","Contextual Spanish draft","Source present; runtime Spanish available"
"interface.1546","public","público","Conditional/dynamic interface text (check the source context)","components/games/GameEditor.tsx:874","Contextual Spanish draft","Source present; runtime Spanish available"
"interface.1547","Public","Público","Conditional/dynamic interface text (check the source context) | Website interface: <div>","components/games/GameEditor.tsx:866 | pages/Games.tsx:1176","Contextual Spanish draft","Source present; runtime Spanish available"
"interface.1548","Public community content may remain visible until removed by you or moderation action.","El contenido público de la comunidad puede seguir visible hasta que lo retires o se elimine por moderación.","Website interface: <li>","pages/InfoPages.tsx:844","Contextual Spanish draft","Source present; runtime Spanish available"
"interface.1549","Put names to ideas","Pon nombre a las ideas","Website interface: <dt>","pages/WordWheelPage.tsx:74","Contextual Spanish draft","Source present; runtime Spanish available"
"interface.1550","Put the board on a shared screen and let your teams decide where to go next.","Muestra el tablero en una pantalla compartida y deja que los equipos decidan el siguiente movimiento.","Website interface: <p>","pages/JeopardyPage.tsx:46","Contextual Spanish draft","Source present; runtime Spanish available"
"interface.1551","Put the categories on a shared screen and let students write their answers on paper or mini whiteboards.","Muestra las categorías en una pantalla compartida y deja que el alumnado escriba las respuestas en papel o en pizarras individuales.","Game format information","pages/StopTheFirePage.tsx:9","Contextual Spanish draft","Source present; runtime Spanish available"
"interface.1552","Put the question on the shared screen and let students choose an answer on their own device. You can see how many have answered, then reveal the answer together.","Muestra la pregunta en la pantalla compartida y deja que cada estudiante responda en su dispositivo. Puedes ver cuántos han respondido y mostrar la respuesta juntos.","Website interface: <Screenshot>","pages/LiveQuizPage.tsx:50","Contextual Spanish draft","Source present; runtime Spanish available"
"interface.1553","Put your heads together.","Pensad juntos.","Visible/accessibility attribute: title","pages/PubQuizPage.tsx:50","Contextual Spanish draft","Source present; runtime Spanish available"
"interface.1554","Put your lesson on the board","Lleva tu clase al tablero","Game format information","pages/SnakesAndLaddersPage.tsx:35","Contextual Spanish draft","Source present; runtime Spanish available"
"interface.1555","Q/V/X/Y/Z can contain or start with the letter (contains preferred); others start with the letter","Q/V/X/Y/Z pueden aparecer al principio o dentro de la respuesta (se prefiere «contiene»); las demás deben aparecer al principio","Conditional/dynamic interface text (check the source context)","components/games/GameConfigurator.tsx:1269","Contextual Spanish draft","Source present; runtime Spanish available"
"interface.1556","Q/V/X/Y/Z can contain or start with the letter; others start with the letter.","Q/V/X/Y/Z pueden aparecer al principio o dentro de la respuesta; las demás deben aparecer al principio.","Conditional/dynamic interface text (check the source context)","components/games/GameSetup.tsx:467","Contextual Spanish draft","Source present; runtime Spanish available"
"interface.1557","QR PNG","QR en PNG","Game interface: <button>","components/games/StudentShareModal.tsx:87","Contextual Spanish draft","Source present; runtime Spanish available"
"interface.1558","Qs","Preg.","Interface definition: label","pages/Games.tsx:39 | pages/Games.tsx:44 | pages/Games.tsx:56 | pages/Games.tsx:88","Contextual Spanish draft","Source present; runtime Spanish available"
"interface.1559","Qs evenly among","preguntas de forma uniforme entre","Game interface: <div>","components/games/GameSetup.tsx:415","Contextual Spanish draft","Source present; runtime Spanish available"
"interface.1560","question","pregunta","Conditional/dynamic interface text (check the source context) | Visible/accessibility attribute: name | Interface definition: ""name"" | Website interface: <p> | Website interface: <div>","components/games/DartsGame.tsx:27 | components/games/DartsGame.tsx:487 | components/games/DartsGame.tsx:557 | components/games/DartsGame.tsx:730 | components/games/DartsGame.tsx:887 | components/games/DartsGame.tsx:910 | components/games/DartsGame.tsx:932 | components/games/DartsGame.tsx:1281 | components/games/GamePreview.tsx:669 | components/games/GameSetup.tsx:731 | components/games/MillionaireGame.tsx:33 | components/games/MillionaireGame.tsx:199 | components/games/MillionaireGame.tsx:222 | components/games/MillionaireGame.tsx:262 | components/games/MillionaireGame.tsx:279 | components/games/MillionaireGame.tsx:321 | components/games/MillionaireGame.tsx:500 | components/games/MillionaireGame.tsx:716 | components/games/SnakesLaddersGame.tsx:1314 | components/games/SnakesLaddersGame.tsx:1389 | components/games/SnakesLaddersGame.tsx:1501 | components/games/SnakesLaddersGame.tsx:1530 | components/games/SnakesLaddersGame.tsx:1763 | components/games/SnakesLaddersGame.tsx:1864 | components/games/SnakesLaddersGame.tsx:1873 | components/games/SnakesLaddersGame.tsx:2539 | components/games/SnakesLaddersGame.tsx:2648 | components/games/SnakesLaddersGame.tsx:2961 | components/games/WordWheelGame.tsx:35 | components/games/WordWheelGame.tsx:635 | components/games/WordWheelGame.tsx:766 | components/games/WordWheelGame.tsx:861 | components/games/WordWheelGame.tsx:877 | components/games/WordWheelGame.tsx:901 | components/games/WordWheelGame.tsx:978 | components/games/WordWheelGame.tsx:1060 | components/games/WordWheelGame.tsx:1229 | components/games/WordWheelGame.tsx:1235 | pages/BlockBeatersPage.tsx:50 | pages/DartsChallengePage.tsx:21 | pages/Games.tsx:103 | pages/Games.tsx:107 | pages/Games.tsx:111 | pages/Games.tsx:115 | pages/Games.tsx:119 | pages/Games.tsx:127 | pages/Games.tsx:139 | pages/Games.tsx:143 | pages/Games.tsx:147 | pages/Games.tsx:385 | pages/Games.tsx:425 | pages/JeopardyPage.tsx:50 | pages/LiveQuizHost.tsx:413 | pages/LiveQuizHost.tsx:417 | pages/LiveQuizHost.tsx:420 | pages/LiveQuizHost.tsx:433 | pages/LiveQuizHost.tsx:446 | pages/LiveQuizHost.tsx:479 | pages/LiveQuizHost.tsx:488 | pages/LiveQuizHost.tsx:830 | pages/LiveQuizHost.tsx:888 | pages/LiveQuizHost.tsx:892 | pages/LiveQuizHost.tsx:972 | pages/LiveQuizPage.tsx:50 | pages/LiveQuizStudent.tsx:250 | pages/LiveQuizStudent.tsx:253 | pages/LiveQuizStudent.tsx:555 | pages/PubQuizPage.tsx:50 | pages/SnakesAndLaddersPage.tsx:21 | pages/StudentGame.tsx:161 | pages/TimeBombPage.tsx:50 | pages/TriviaPage.tsx:50 | pages/WordWheelPage.tsx:50","Contextual Spanish draft","Source present; runtime Spanish available"
"interface.1561","Question","Pregunta","Interface label only; never translate the actual question.","components/games/WordWheelGame.tsx:1193 | data/i18n/interface.json: game.question","Contextual Spanish draft","Source present; runtime Spanish available"
"interface.1562","QUESTION","PREGUNTA","Game interface: <span>","components/games/GamePreview.tsx:419","Contextual Spanish draft","Source present; runtime Spanish available"
"interface.1563","Question {number}","Pregunta {number}","Game controls, settings or feedback","components/games/shared/PracticeReviewSummary.tsx:109 | components/games/TriviaGame.tsx:983 | pages/LiveQuizStudent.tsx:548","Contextual Spanish draft","Source present; runtime Spanish available"
"interface.1564","Question {number} of {total}","Pregunta {number} de {total}","Website interface","pages/LiveQuizHost.tsx:839","Contextual Spanish draft","Source present; runtime Spanish available"
"interface.1565","Question {qIdx + 1}","Pregunta {qIdx + 1}","Conditional/dynamic interface text (check the source context)","components/games/GameEditor.tsx:1106","Contextual Spanish draft","Source present; runtime Spanish available"
"interface.1566","Question {session.currentQuestionIndex + 1} results","Resultados de la pregunta {session.currentQuestionIndex + 1}","Conditional/dynamic interface text (check the source context)","pages/LiveQuizHost.tsx:722","Contextual Spanish draft","Source present; runtime Spanish available"
"interface.1567","Question / Clue","Pregunta / Pista","Game interface: <label>","components/games/GameEditor.tsx:1148","Contextual Spanish draft","Source present; runtime Spanish available"
"interface.1568","Question / Prompt","Pregunta / Enunciado","Game interface: <label>","components/games/GameEditor.tsx:1471","Contextual Spanish draft","Source present; runtime Spanish available"
"interface.1569","Question Count","Número de preguntas","Game interface: <label> | Conditional/dynamic interface text (check the source context)","components/games/GameConfigurator.tsx:1124 | components/games/GameConfigurator.tsx:1362 | components/games/GameConfigurator.tsx:1537","Contextual Spanish draft","Source present; runtime Spanish available"
"interface.1570","Question for","Pregunta para","Game interface: <div>","components/games/SnakesLaddersGame.tsx:2672","Contextual Spanish draft","Source present; runtime Spanish available"
"interface.1571","Question image","Imagen de la pregunta","Game interface: <summary>","components/games/GameEditor.tsx:1100 | components/games/GameEditor.tsx:1215 | components/games/GameEditor.tsx:1339 | components/games/GameEditor.tsx:1616","Contextual Spanish draft","Source present; runtime Spanish available"
"interface.1572","Question images","Imágenes de las preguntas","Game interface: <dt>","components/games/GameConfigurator.tsx:1951","Contextual Spanish draft","Source present; runtime Spanish available"
"interface.1573","Question Order","Orden de las preguntas","Game interface: <label>","components/games/GameSetup.tsx:329","Contextual Spanish draft","Source present; runtime Spanish available"
"interface.1574","Question points","Puntos de la pregunta","Visible/accessibility attribute: aria-label","components/games/GameEditor.tsx:1379","Contextual Spanish draft","Source present; runtime Spanish available"
"interface.1575","Question Points","Puntos de la pregunta","Game interface: <label>","components/games/GameSetup.tsx:422","Contextual Spanish draft","Source present; runtime Spanish available"
"interface.1576","Question selection","Selección de preguntas","Visible/accessibility attribute: aria-label","components/games/GamePreview.tsx:638","Contextual Spanish draft","Source present; runtime Spanish available"
"interface.1577","Question settings","Ajustes de las preguntas","Game interface: <h2>","components/games/GameConfigurator.tsx:1000","Contextual Spanish draft","Source present; runtime Spanish available"
"interface.1578","Question Time!","¡Hora de la pregunta!","Game interface: <h3>","components/games/SnakesLaddersGame.tsx:2542","Contextual Spanish draft","Source present; runtime Spanish available"
"interface.1579","Question Type","Tipo de pregunta","Game interface: <label>","components/games/GameConfigurator.tsx:1139 | components/games/GameConfigurator.tsx:1341 | components/games/GameConfigurator.tsx:1385 | components/games/GameConfigurator.tsx:1451 | components/games/GameConfigurator.tsx:1516 | components/games/GameConfigurator.tsx:1551 | components/games/GameConfigurator.tsx:1621","Contextual Spanish draft","Source present; runtime Spanish available"
"interface.1580","Question view","Vista de preguntas","Visible/accessibility attribute: aria-label","components/games/GamePreview.tsx:653","Contextual Spanish draft","Source present; runtime Spanish available"
"interface.1581","questions","preguntas","Game interface: <p> | Conditional/dynamic interface text (check the source context)","components/games/GameEditor.tsx:1068 | components/games/GameEditor.tsx:1308 | components/games/GamePreview.tsx:621 | components/games/GamePreview.tsx:648 | components/games/GamePreview.tsx:666 | components/games/GameSetup.tsx:731","Contextual Spanish draft","Source present; runtime Spanish available"
"interface.1582","Questions","Preguntas","Game interface: <option> | Conditional/dynamic interface text (check the source context) | Game interface: <p> | Website interface: <h2>","components/games/GameConfigurator.tsx:1488 | components/games/GameConfigurator.tsx:1947 | components/games/GamePreview.tsx:641 | components/games/PubQuizGame.tsx:701 | pages/Games.tsx:235 | pages/Games.tsx:457","Contextual Spanish draft","Source present; runtime Spanish available"
"interface.1583","Questions (","Preguntas (","Game interface: <option>","components/games/GameSetup.tsx:409","Contextual Spanish draft","Source present; runtime Spanish available"
"interface.1584","Questions & answers","Preguntas y respuestas","Help, contact or legal information","pages/InfoPages.tsx:190","Contextual Spanish draft","Source present; runtime Spanish available"
"interface.1585","Questions about these Terms? Email Stuart Scott at","¿Tienes dudas sobre estas Condiciones? Escribe a Stuart Scott en","Website interface: <p>","pages/InfoPages.tsx:745","Contextual Spanish draft","Source present; runtime Spanish available"
"interface.1586","Questions are drawn when tiles are selected. This game has","Las preguntas se extraen al elegir las casillas. Este juego tiene","Game interface: <p>","components/games/GameSetup.tsx:503","Contextual Spanish draft","Source present; runtime Spanish available"
"interface.1587","Questions per","Preguntas por","Website interface: <label>","pages/Games.tsx:406","Contextual Spanish draft","Source present; runtime Spanish available"
"interface.1588","Questions per Category","Preguntas por categoría","Game interface: <label>","components/games/GameConfigurator.tsx:1417","Contextual Spanish draft","Source present; runtime Spanish available"
"interface.1589","Questions per page","Preguntas por página","Visible/accessibility attribute: aria-label","components/games/GameEditor.tsx:1290 | components/games/GameEditor.tsx:1691","Contextual Spanish draft","Source present; runtime Spanish available"
"interface.1590","Questions per Round","Preguntas por ronda","Game interface: <label>","components/games/GameConfigurator.tsx:1482","Contextual Spanish draft","Source present; runtime Spanish available"
"interface.1591","questions recommended","preguntas recomendadas","Game interface: <option>","components/games/GameSetup.tsx:499","Contextual Spanish draft","Source present; runtime Spanish available"
"interface.1592","questions required","preguntas necesarias","Game interface: <span>","components/games/GameConfigurator.tsx:1332","Contextual Spanish draft","Source present; runtime Spanish available"
"interface.1593","Questions:","Preguntas:","Game interface: <span>","components/games/GameEditor.tsx:1769","Contextual Spanish draft","Source present; runtime Spanish available"
"interface.1594","questions.","preguntas.","Game interface: <p> | Website interface: <div>","components/games/GameSetup.tsx:503 | pages/Games.tsx:418","Contextual Spanish draft","Source present; runtime Spanish available"
"interface.1595","Quick Score (+1 Point)","Puntuación rápida (+1 punto)","Game interface: <h4>","components/games/PubQuizGame.tsx:1143","Contextual Spanish draft","Source present; runtime Spanish available"
"interface.1596","Quick starter activities","Actividades rápidas para empezar la clase","Website interface","components/TestimonialCarousel.tsx:67","Contextual Spanish draft","Source present; runtime Spanish available"
"interface.1597","Quick, can you answer this one?","¡Rápido! ¿Sabes responder a esta?","Visible/accessibility attribute: title","pages/TimeBombPage.tsx:50","Contextual Spanish draft","Source present; runtime Spanish available"
"interface.1598","Quit","Salir","Leave the current game; confirm losing progress.","components/games/BlockBeatersGame.tsx:890 | components/games/BlockBeatersGame.tsx:899 | components/games/BlockBeatersGame.tsx:1690 | components/games/DartsGame.tsx:1071 | components/games/DartsGame.tsx:1081 | components/games/DartsGame.tsx:1614 | components/games/JeopardyGame.tsx:742 | components/games/JeopardyGame.tsx:752 | components/games/JeopardyGame.tsx:1318 | components/games/MillionaireGame.tsx:917 | components/games/PubQuizGame.tsx:579 | components/games/PubQuizGame.tsx:625 | components/games/PubQuizGame.tsx:1233 | components/games/SnakesLaddersGame.tsx:2325 | components/games/SnakesLaddersGame.tsx:3046 | components/games/SurveyShowdownGame.tsx:536 | components/games/SurveyShowdownGame.tsx:546 | components/games/SurveyShowdownGame.tsx:1045 | components/games/TimeBombGame.tsx:1758 | components/games/TimeBombGame.tsx:2288 | components/games/TriviaGame.tsx:794 | components/games/TriviaGame.tsx:804 | components/games/TriviaGame.tsx:1354 | components/games/WordWheelGame.tsx:1272 | components/games/WordWheelGame.tsx:1275 | components/games/WordWheelGame.tsx:1691 | data/i18n/interface.json: game.quit","Contextual Spanish draft","Source present; runtime Spanish available"
"interface.1599","Quit current game?","¿Salir de la partida actual?","Visible/accessibility attribute: title | Game interface: <h2>","components/games/BlockBeatersGame.tsx:1690 | components/games/DartsGame.tsx:1602 | components/games/JeopardyGame.tsx:1306 | components/games/MillionaireGame.tsx:905 | components/games/PubQuizGame.tsx:1221 | components/games/SurveyShowdownGame.tsx:1033 | components/games/TriviaGame.tsx:1342","Contextual Spanish draft","Source present; runtime Spanish available"
"interface.1600","Quit Game?","¿Salir de la partida?","Game interface: <h2>","components/games/SnakesLaddersGame.tsx:3042","Contextual Spanish draft","Source present; runtime Spanish available"
"interface.1601","Quit this game?","¿Salir de esta partida?","Game interface: <h2>","components/games/WordWheelGame.tsx:1679","Contextual Spanish draft","Source present; runtime Spanish available"
"interface.1602","Quiz maker for teachers","Creador de juegos de preguntas para docentes","Footer landing page: public information for teachers","pages/SeoLandingPages.tsx:32","Contextual Spanish draft","Source present; runtime Spanish available"
"interface.1603","Radioactive","Radiactivo","Game interface: <span>","components/games/TimeBombGame.tsx:2217","Contextual Spanish draft","Source present; runtime Spanish available"
"interface.1604","Rain, rain, log in again: what do Valencia’s online class days mean for learning?","Lluvia, lluvia, toca conectarse: ¿cómo afectan las clases online al aprendizaje en Valencia?","Blog article 7: title","data/blogPosts.ts: article 7, title | data/blogPosts.es.ts: article 7, title","Contextual Spanish draft","Source present; runtime Spanish available"
"interface.1605","Random","Aleatorio","Game interface: <button>","components/games/GameSetup.tsx:335 | components/games/GameSetup.tsx:433","Contextual Spanish draft","Source present; runtime Spanish available"
"interface.1606","Random fill","Rellenar al azar","Website interface: <button>","pages/Games.tsx:465","Contextual Spanish draft","Source present; runtime Spanish available"
"interface.1607","Random Points","Puntos aleatorios","Game interface: <option>","components/games/GameConfigurator.tsx:1647","Contextual Spanish draft","Source present; runtime Spanish available"
"interface.1608","Random question count","Número de preguntas aleatorio","Visible/accessibility attribute: aria-label","components/games/GamePreview.tsx:665","Contextual Spanish draft","Source present; runtime Spanish available"
"interface.1609","Random selection","Selección aleatoria","Game interface: <button>","components/games/GamePreview.tsx:659","Contextual Spanish draft","Source present; runtime Spanish available"
"interface.1610","Randomize","Aleatorizar","Game interface: <button>","components/games/SnakesLaddersGame.tsx:2471","Contextual Spanish draft","Source present; runtime Spanish available"
"interface.1611","Randomize question order","Mezclar el orden de las preguntas","Game interface: <div>","components/games/LiveQuizSetupModal.tsx:106","Contextual Spanish draft","Source present; runtime Spanish available"
"interface.1612","Rank #","Puesto n.º","Website interface: <div>","pages/LiveQuizStudent.tsx:468","Contextual Spanish draft","Source present; runtime Spanish available"
"interface.1613","Re-enter your new password","Repite tu nueva contraseña","Visible/accessibility attribute: placeholder","pages/ResetPassword.tsx:152","Contextual Spanish draft","Source present; runtime Spanish available"
"interface.1614","Read Article &rarr;","Leer artículo →","Website interface: <span>","pages/Blog.tsx:34","Contextual Spanish draft","Source present; runtime Spanish available"
"interface.1615","Read Next","Seguir leyendo","Website interface: <h3>","pages/BlogPost.tsx:124","Contextual Spanish draft","Source present; runtime Spanish available"
"interface.1616","Read the answers together. Give two points for a unique valid answer, one for a shared answer and zero for an answer that does not fit.","Leed las respuestas juntos. Asigna dos puntos a una respuesta válida y única, uno a una respuesta compartida y cero a una que no encaje.","Interface definition: ""text""","pages/StopTheFirePage.tsx:24","Contextual Spanish draft","Source present; runtime Spanish available"
"interface.1617","ready","listo","Game interface: <h2>","components/games/GameSetup.tsx:728 | pages/ShareGame.tsx:17 | pages/ShareGame.tsx:75 | pages/StudentGame.tsx:10 | pages/StudentGame.tsx:96","Contextual Spanish draft","Source present; runtime Spanish available"
"interface.1618","Ready for next tile","Todo listo para la siguiente casilla","Game controls, settings or feedback","components/games/BlockBeatersGame.tsx:728","Contextual Spanish draft","Source present; runtime Spanish available"
"interface.1619","Ready for one more roll?","¿Una tirada más?","Game format information","pages/SnakesAndLaddersPage.tsx:61","Contextual Spanish draft","Source present; runtime Spanish available"
"interface.1620","Ready to gamify your class?","¿Preparado para convertir tu clase en un juego?","Website interface: <h2>","pages/Home.tsx:489","Contextual Spanish draft","Source present; runtime Spanish available"
"interface.1621","Ready to play","Listo para jugar","Game interface: <p>","components/games/GameSetup.tsx:210","Contextual Spanish draft","Source present; runtime Spanish available"
"interface.1622","ready.","listas.","Game interface: <p>","components/games/GameImagePreparation.tsx:105","Contextual Spanish draft","Source present; runtime Spanish available"
"interface.1623","Reasons why teachers love us","Por qué le gusta al profesorado","Website interface: <h2>","pages/Home.tsx:480","Contextual Spanish draft","Source present; runtime Spanish available"
"interface.1624","Recommended","Recomendado","Website interface: <div>","pages/InfoPages.tsx:478","Contextual Spanish draft","Source present; runtime Spanish available"
"interface.1625","Reconnecting...","Reconectando...","Conditional/dynamic interface text (check the source context)","pages/LiveQuizJoin.tsx:128","Contextual Spanish draft","Source present; runtime Spanish available"
"interface.1626","records required for compliance, dispute handling, and lawful requests.","los registros exigidos para cumplir la normativa, gestionar conflictos y atender solicitudes legales.","Website interface: <li>","pages/InfoPages.tsx:811","Contextual Spanish draft","Source present; runtime Spanish available"
"interface.1627","Reducing strikes from 3 will resume the team's turn if round not over.","Reducir los fallos de 3 reanuda el turno del equipo si la ronda no ha terminado.","Game interface: <p>","components/games/SurveyShowdownGame.tsx:1008","Contextual Spanish draft","Source present; runtime Spanish available"
"interface.1628","Refresh","Actualizar","Website interface: <button>","components/school/SchoolStorageBrowser.tsx:255 | components/school/SchoolStorageManager.tsx:476 | pages/SchoolAdmin.tsx:630","Contextual Spanish draft","Source present; runtime Spanish available"
"interface.1629","Refresh games","Actualizar juegos","Conditional/dynamic interface text (check the source context)","pages/Profile.tsx:707","Contextual Spanish draft","Source present; runtime Spanish available"
"interface.1630","Refresh games missing from the community.","Actualiza los juegos que no aparecen en la comunidad.","Website interface: <span>","pages/Profile.tsx:689","Contextual Spanish draft","Source present; runtime Spanish available"
"interface.1631","Refresh List","Actualizar lista","Visible/accessibility attribute: title","pages/Games.tsx:1540","Contextual Spanish draft","Source present; runtime Spanish available"
"interface.1632","Refresh public games","Actualizar juegos públicos","Website interface: <h3>","pages/Profile.tsx:698","Contextual Spanish draft","Source present; runtime Spanish available"
"interface.1633","Regenerate Code","Regenerar código","Conditional/dynamic interface text (check the source context)","pages/SchoolAdmin.tsx:932","Contextual Spanish draft","Source present; runtime Spanish available"
"interface.1634","Regenerate school code? Existing code will stop working for new signups.","¿Regenerar el código del centro? El actual dejará de funcionar para los nuevos registros.","User message: window.confirm","pages/SchoolAdmin.tsx:187","Contextual Spanish draft","Source present; runtime Spanish available"
"interface.1635","Regenerating...","Regenerando...","Conditional/dynamic interface text (check the source context)","pages/SchoolAdmin.tsx:932","Contextual Spanish draft","Source present; runtime Spanish available"
"interface.1636","Reject","Rechazar","Conditional/dynamic interface text (check the source context)","pages/SchoolAdmin.tsx:691","Contextual Spanish draft","Source present; runtime Spanish available"
"interface.1637","Rejecting...","Rechazando...","Conditional/dynamic interface text (check the source context)","pages/SchoolAdmin.tsx:691","Contextual Spanish draft","Source present; runtime Spanish available"
"interface.1638","Rejoin game","Volver a unirse a la partida","Conditional/dynamic interface text (check the source context)","pages/LiveQuizJoin.tsx:128","Contextual Spanish draft","Source present; runtime Spanish available"
"interface.1639","Relax","Relajado","Interface definition: label","pages/LiveQuizHost.tsx:76","Contextual Spanish draft","Source present; runtime Spanish available"
"interface.1640","Remaining","Disponibles","Game interface: <div>","components/games/BlockBeatersGame.tsx:1051","Contextual Spanish draft","Source present; runtime Spanish available"
"interface.1641","remaining across the whole school account.","disponibles en toda la cuenta del centro.","Website interface: <p>","components/school/SchoolStorageManager.tsx:468","Contextual Spanish draft","Source present; runtime Spanish available"
"interface.1642","Remembered your password?","¿Ya recuerdas tu contraseña?","Website interface: <p>","components/LoginModal.tsx:379","Contextual Spanish draft","Source present; runtime Spanish available"
"interface.1643","Remixed community games stay private until you make a content edit.","Las copias adaptadas de juegos de la comunidad son privadas hasta que modifiques su contenido.","User message: alert","components/games/GameEditor.tsx:325","Contextual Spanish draft","Source present; runtime Spanish available"
"interface.1644","Remove","Quitar","Game interface: <button>","components/games/GameConfigurator.tsx:1086 | components/games/GameEditor.tsx:979 | components/games/GameEditor.tsx:1253 | components/games/GameEditor.tsx:1654","Contextual Spanish draft","Source present; runtime Spanish available"
"interface.1645","Remove {parseLiveQuizDisplayName(participant.displayName).name} from this live quiz? Their answers and score will be removed.","¿Quitar a {parseLiveQuizDisplayName(participant.displayName).name} de esta partida de Live Quiz? Se eliminarán sus respuestas y su puntuación.","User message: window.confirm","pages/LiveQuizHost.tsx:524","Contextual Spanish draft","Source present; runtime Spanish available"
"interface.1646","Remove {player.name}","Quitar a {player.name}","Conditional/dynamic interface text (check the source context)","components/games/LiveQuizLeaderboardStage.tsx:191 | components/games/LiveQuizLeaderboardStage.tsx:192 | pages/LiveQuizHost.tsx:806 | pages/LiveQuizHost.tsx:807 | pages/LiveQuizHost.tsx:959 | pages/LiveQuizHost.tsx:960","Contextual Spanish draft","Source present; runtime Spanish available"
"interface.1647","Remove Admin","Quitar permisos de administración","Conditional/dynamic interface text (check the source context)","pages/SchoolAdmin.tsx:510","Contextual Spanish draft","Source present; runtime Spanish available"
"interface.1648","Remove admin access for {teacher.fullName}?","¿Quitar los permisos de administración de {teacher.fullName}?","User message: window.confirm","pages/SchoolAdmin.tsx:344","Contextual Spanish draft","Source present; runtime Spanish available"
"interface.1649","Remove image","Quitar imagen","Visible/accessibility attribute: aria-label","components/shared/StockImagePicker.tsx:367","Contextual Spanish draft","Source present; runtime Spanish available"
"interface.1650","Remove Logo","Quitar logotipo","Website interface: <button>","pages/Profile.tsx:665","Contextual Spanish draft","Source present; runtime Spanish available"
"interface.1651","Remove one opponent tile from the board.","Elimina del tablero una casilla de otro equipo.","Game controls, settings or feedback","components/games/BlockBeatersGame.tsx:174","Contextual Spanish draft","Source present; runtime Spanish available"
"interface.1652","Remove Spots","Quitar plazas","Website interface: <button>","pages/SchoolAdmin.tsx:904","Contextual Spanish draft","Source present; runtime Spanish available"
"interface.1653","Remove teacher","Quitar docente","Visible/accessibility attribute: title","pages/SchoolAdmin.tsx:522","Contextual Spanish draft","Source present; runtime Spanish available"
"interface.1654","Remove Teacher","Quitar docente","Website interface: <button>","pages/SchoolAdmin.tsx:525","Contextual Spanish draft","Source present; runtime Spanish available"
"interface.1655","Remove this teacher from the school account?","¿Quitar a este docente de la cuenta del centro?","User message: window.confirm","pages/SchoolAdmin.tsx:328","Contextual Spanish draft","Source present; runtime Spanish available"
"interface.1656","Remove tile","Eliminar casilla","Game controls, settings or feedback","components/games/BlockBeatersGame.tsx:166 | components/games/GameSetup.tsx:603","Contextual Spanish draft","Source present; runtime Spanish available"
"interface.1657","Replace image","Sustituir imagen","Game controls, settings or feedback","components/games/GameEditor.tsx:1102 | components/games/GameEditor.tsx:1346","Contextual Spanish draft","Source present; runtime Spanish available"
"interface.1658","Replace images","Sustituir imágenes","Game interface: <button>","components/games/GameImagePreparation.tsx:137","Contextual Spanish draft","Source present; runtime Spanish available"
"interface.1659","Replace Logo","Sustituir logotipo","Conditional/dynamic interface text (check the source context)","pages/Profile.tsx:655","Contextual Spanish draft","Source present; runtime Spanish available"
"interface.1660","Replace this image","Sustituir esta imagen","Game interface: <span>","components/games/GameEditor.tsx:1108 | components/games/GameEditor.tsx:1358","Contextual Spanish draft","Source present; runtime Spanish available"
"interface.1661","replacing. Open the marked questions to choose replacements.","sustitución. Abre las preguntas marcadas para elegir otras imágenes.","Game interface: <div>","components/games/GameEditor.tsx:891","Contextual Spanish draft","Source present; runtime Spanish available"
"interface.1662","Replay Ceremony","Repetir ceremonia","Game interface: <button>","components/games/shared/WinnerCeremonyHero.tsx:802","Contextual Spanish draft","Source present; runtime Spanish available"
"interface.1663","Reposition game cover","Recolocar portada del juego","Visible/accessibility attribute: aria-label","components/games/InteractiveGameCover.tsx:65","Contextual Spanish draft","Source present; runtime Spanish available"
"interface.1664","Request access","Solicitar acceso","Conditional/dynamic interface text (check the source context)","pages/Profile.tsx:606","Contextual Spanish draft","Source present; runtime Spanish available"
"interface.1665","Request another password reset from the login form and use the newest email link.","Solicita otro restablecimiento desde el formulario de acceso y utiliza el enlace del correo más reciente.","Website interface: <p>","pages/ResetPassword.tsx:77","Contextual Spanish draft","Source present; runtime Spanish available"
"interface.1666","Request Pending","Solicitud pendiente","Website interface: <p>","pages/Profile.tsx:582","Contextual Spanish draft","Source present; runtime Spanish available"
"interface.1667","Requested:","Solicitado:","Website interface: <div>","pages/SchoolAdmin.tsx:672","Contextual Spanish draft","Source present; runtime Spanish available"
"interface.1668","Requesting...","Solicitando...","Conditional/dynamic interface text (check the source context)","pages/Profile.tsx:606","Contextual Spanish draft","Source present; runtime Spanish available"
"interface.1669","Required to change your password","Necesaria para cambiar tu contraseña","Visible/accessibility attribute: placeholder","pages/Profile.tsx:507","Contextual Spanish draft","Source present; runtime Spanish available"
"interface.1670","Requires at least two players.","Requiere al menos dos jugadores.","Conditional/dynamic interface text (check the source context)","components/games/GameSetup.tsx:661","Contextual Spanish draft","Source present; runtime Spanish available"
"interface.1671","Reroll letter","Volver a sortear la letra","Visible/accessibility attribute: title","components/games/StopTheFireGame.tsx:984","Contextual Spanish draft","Source present; runtime Spanish available"
"interface.1672","Resend Confirmation Email","Reenviar correo de confirmación","Conditional/dynamic interface text (check the source context)","components/Layout.tsx:448","Contextual Spanish draft","Source present; runtime Spanish available"
"interface.1673","Reset Link Unavailable","Enlace de restablecimiento no disponible","Website interface: <h1>","pages/ResetPassword.tsx:73","Contextual Spanish draft","Source present; runtime Spanish available"
"interface.1674","Reset score","Restablecer puntuación","Interface definition: label","components/games/GameSetup.tsx:162","Contextual Spanish draft","Source present; runtime Spanish available"
"interface.1675","RESET SCORE!","¡PUNTUACIÓN A CERO!","Game controls, settings or feedback","components/games/JeopardyGame.tsx:127 | components/games/TriviaGame.tsx:133","Contextual Spanish draft","Source present; runtime Spanish available"
"interface.1676","result","resultado","Website interface: <p>","components/games/DartsGame.tsx:27 | components/games/DartsGame.tsx:665 | components/games/DartsGame.tsx:1265 | components/games/MillionaireGame.tsx:33 | components/games/MillionaireGame.tsx:218 | components/games/MillionaireGame.tsx:245 | components/games/MillionaireGame.tsx:381 | components/games/MillionaireGame.tsx:509 | components/games/MillionaireGame.tsx:566 | pages/InfoPages.tsx:227","Contextual Spanish draft","Source present; runtime Spanish available"
"interface.1677","Result","Resultado","Game interface: <div>","components/games/WordWheelGame.tsx:1600","Contextual Spanish draft","Source present; runtime Spanish available"
"interface.1678","Resume","Reanudar","Conditional/dynamic interface text (check the source context) | Game interface: <button>","components/games/shared/SurveyTurnTimer.tsx:46 | components/games/TimeBombGame.tsx:2106 | components/games/TimeBombGame.tsx:2152 | components/games/TimeBombGame.tsx:2197","Contextual Spanish draft","Source present; runtime Spanish available"
"interface.1679","Resume timer","Reanudar temporizador","Conditional/dynamic interface text (check the source context)","components/games/shared/SurveyTurnTimer.tsx:44 | components/games/WordWheelGame.tsx:1492 | components/games/WordWheelGame.tsx:1493","Contextual Spanish draft","Source present; runtime Spanish available"
"interface.1680","Retrying {progress.total - progress.ready} slow {progress.total - progress.ready === 1 ? 'image' : 'images'}...","Reintentando las imágenes que tardan en cargar: {progress.total - progress.ready}...","Conditional/dynamic interface text (check the source context)","components/games/GameImagePreparation.tsx:88","Contextual Spanish draft","Source present; runtime Spanish available"
"interface.1681","Return to Dashboard","Volver al panel","Game interface: <button>","components/games/PubQuizGame.tsx:819","Contextual Spanish draft","Source present; runtime Spanish available"
"interface.1682","Reveal All","Mostrar todo","Game interface: <button>","components/games/PubQuizGame.tsx:778 | components/games/SurveyShowdownGame.tsx:933","Contextual Spanish draft","Source present; runtime Spanish available"
"interface.1683","Reveal answer","Mostrar respuesta","Show the saved answer.","components/games/GamePreview.tsx:405 | pages/LiveQuizHost.tsx:893 | data/i18n/interface.json: game.reveal","Contextual Spanish draft","Source present; runtime Spanish available"
"interface.1684","Reveal Answer","Mostrar respuesta","Game interface: <button> | Website interface: <button>","components/games/PubQuizGame.tsx:763 | components/games/PubQuizGame.tsx:1091 | components/games/SnakesLaddersGame.tsx:2863 | components/games/TimeBombGame.tsx:2123 | pages/LiveQuizHost.tsx:894","Contextual Spanish draft","Source present; runtime Spanish available"
"interface.1685","Reveal bonus","Mostrar bonificación","Visible/accessibility attribute: title","components/games/JeopardyGame.tsx:924 | components/games/TriviaGame.tsx:973","Contextual Spanish draft","Source present; runtime Spanish available"
"interface.1686","Reveal the answer and decide whether the team got it right. Then return to the board, where snakes and ladders can change the journey.","Muestra la respuesta y decide si el equipo ha acertado. Después vuelve al tablero, donde las serpientes y escaleras pueden cambiar el recorrido.","Interface definition: ""text""","pages/SnakesAndLaddersPage.tsx:30","Contextual Spanish draft","Source present; runtime Spanish available"
"interface.1687","Reveal the answer and take a moment to talk about it. Teams gain points for a correct answer and lose points for a wrong one, so there’s plenty to keep everyone guessing.","Muestra la respuesta y dedica un momento a comentarla. Los equipos ganan puntos si aciertan y los pierden si fallan, así que la emoción está asegurada.","Website interface: <Screenshot>","pages/TriviaPage.tsx:54","Contextual Spanish draft","Source present; runtime Spanish available"
"interface.1688","Revealed Answers","Respuestas mostradas","Game interface: <h3>","components/games/WordWheelGame.tsx:1138","Contextual Spanish draft","Source present; runtime Spanish available"
"interface.1689","Review","Revisar","Game interface: <div>","components/games/shared/PracticeReviewSummary.tsx:72","Contextual Spanish draft","Source present; runtime Spanish available"
"interface.1690","Review and edit your questions before playing.","Revisa y edita las preguntas antes de jugar.","Conditional/dynamic interface text (check the source context)","components/games/GameConfigurator.tsx:1975","Contextual Spanish draft","Source present; runtime Spanish available"
"interface.1691","Review answers before scoring.","Revisa las respuestas antes de puntuar.","Game interface: <p>","components/games/PubQuizGame.tsx:739","Contextual Spanish draft","Source present; runtime Spanish available"
"interface.1692","Review wrong answers","Revisar los errores","Review incorrectly answered practice questions.","components/games/shared/PracticeReviewSummary.tsx:38 | data/i18n/interface.json: game.review","Contextual Spanish draft","Source present; runtime Spanish available"
"interface.1693","Revision race","Carrera de repaso","Footer landing page: public information for teachers","pages/SeoLandingPages.tsx:55","Contextual Spanish draft","Source present; runtime Spanish available"
"interface.1694","Revision without the drag","Repasar sin aburrirse","Website interface","components/TestimonialCarousel.tsx:27","Contextual Spanish draft","Source present; runtime Spanish available"
"interface.1695","Revisit calculations, scientific ideas, historical events or reading questions. The board adds a shared journey to material your students already know.","Repasa cálculos, ideas científicas, acontecimientos históricos o preguntas de lectura. El tablero añade un recorrido compartido a un material que el alumnado ya conoce.","Game format information","pages/SnakesAndLaddersPage.tsx:50","Contextual Spanish draft","Source present; runtime Spanish available"
"interface.1696","Revisit facts, calculations or key words you have practised together. Keep the challenge within reach so students can enjoy putting what they know to use.","Repasa datos, cálculos o palabras clave que hayáis practicado. Mantén el reto a su alcance para que el alumnado disfrute poniendo en práctica lo que sabe.","Website interface: <dd>","pages/TimeBombPage.tsx:74","Contextual Spanish draft","Source present; runtime Spanish available"
"interface.1697","Revisit familiar ideas with a smaller board and a few well-chosen questions. Teams can enjoy making a plan while they bring last lesson’s learning back to mind.","Repasa ideas conocidas con un tablero más pequeño y unas preguntas bien elegidas. Los equipos podrán planear su recorrido mientras recuerdan lo aprendido en la última clase.","Website interface: <dd>","pages/BlockBeatersPage.tsx:73","Contextual Spanish draft","Source present; runtime Spanish available"
"interface.1698","Revoke","Revocar","Website interface: <button>","pages/SchoolAdmin.tsx:1000","Contextual Spanish draft","Source present; runtime Spanish available"
"interface.1699","Right to left","De derecha a izquierda","Game controls, settings or feedback","components/games/BlockBeatersGame.tsx:182","Contextual Spanish draft","Source present; runtime Spanish available"
"interface.1700","Rival Rewind","Retroceso rival","Interface definition: title","components/games/SnakesLaddersGame.tsx:362","Contextual Spanish draft","Source present; runtime Spanish available"
"interface.1701","Roll Again","Volver a tirar","Game controls, settings or feedback","components/games/SnakesLaddersGame.tsx:2210","Contextual Spanish draft","Source present; runtime Spanish available"
"interface.1702","Roll again and answer another question.","Vuelve a tirar y responde otra pregunta.","Interface definition: description","components/games/GameSetup.tsx:25 | components/games/SnakesLaddersGame.tsx:350","Contextual Spanish draft","Source present; runtime Spanish available"
"interface.1703","Roll Dice","Tirar dado","Conditional/dynamic interface text (check the source context) | Game interface: <button>","components/games/SnakesLaddersGame.tsx:2499 | components/games/SnakesLaddersGame.tsx:2531","Contextual Spanish draft","Source present; runtime Spanish available"
"interface.1704","Rolling...","Tirando...","Game interface: <div>","components/games/SnakesLaddersGame.tsx:2534","Contextual Spanish draft","Source present; runtime Spanish available"
"interface.1705","Room","Sala","Website interface: <span>","data/i18n/spanish-spain.json","Contextual Spanish draft","Retained vocabulary / fallback wording"
"interface.1706","Root","Carpeta principal","Interface definition: name | Interface definition: label | Website interface: <span>","components/school/SchoolStorageBrowser.tsx:84 | components/school/SchoolStorageManager.tsx:146 | components/school/SchoolStorageManager.tsx:176 | components/school/SchoolStorageManager.tsx:186 | components/school/SchoolStorageManager.tsx:191 | components/school/SchoolStorageManager.tsx:504","Contextual Spanish draft","Source present; runtime Spanish available"
"interface.1707","Root folder","Carpeta principal","Game interface: <option>","components/games/GameConfigurator.tsx:1904","Contextual Spanish draft","Source present; runtime Spanish available"
"interface.1708","Root folder name","Nombre de la carpeta principal","Conditional/dynamic interface text (check the source context)","components/school/SchoolStorageManager.tsx:543","Contextual Spanish draft","Source present; runtime Spanish available"
"interface.1709","Round","Ronda","Game interface: <span> | Game interface: <h2>","components/games/GameConfigurator.tsx:932 | components/games/GameEditor.tsx:793 | components/games/PubQuizGame.tsx:692 | components/games/PubQuizGame.tsx:724 | pages/Games.tsx:248 | pages/Games.tsx:262","Contextual Spanish draft","Source present; runtime Spanish available"
"interface.1710","Round {idx + 1} Name (e.g. Geography, Music)","Nombre de la ronda {idx + 1} (p. ej., geografía, música)","Conditional/dynamic interface text (check the source context)","components/games/GameConfigurator.tsx:1506","Contextual Spanish draft","Source present; runtime Spanish available"
"interface.1711","Round {roundIndex + 1}","Ronda {roundIndex + 1}","Interface definition: title","components/games/GamePreview.tsx:261","Contextual Spanish draft","Source present; runtime Spanish available"
"interface.1712","Round {roundIndex}","Ronda {roundIndex}","Conditional/dynamic interface text (check the source context)","components/games/StopTheFireGame.tsx:981 | components/games/StopTheFireGame.tsx:1196","Contextual Spanish draft","Source present; runtime Spanish available"
"interface.1713","Round complete","Ronda completada","Website interface: <text>","pages/LiveQuizHost.tsx:849","Contextual Spanish draft","Source present; runtime Spanish available"
"interface.1714","Round Complete","Ronda completada","Game interface: <h2>","components/games/StopTheFireGame.tsx:1500","Contextual Spanish draft","Source present; runtime Spanish available"
"interface.1715","Round Complete!","¡Ronda completada!","Game interface: <h2>","components/games/PubQuizGame.tsx:791","Contextual Spanish draft","Source present; runtime Spanish available"
"interface.1716","Round off a lesson together","Terminad la clase juntos","Website interface: <dt>","pages/SurveyShowdownPage.tsx:75","Contextual Spanish draft","Source present; runtime Spanish available"
"interface.1717","Round off a topic","Cierra un tema","Website interface: <dt>","pages/BlockBeatersPage.tsx:75 | pages/JeopardyPage.tsx:75 | pages/TimeBombPage.tsx:75 | pages/TriviaPage.tsx:75 | pages/WordWheelPage.tsx:75","Contextual Spanish draft","Source present; runtime Spanish available"
"interface.1718","Round Over!","¡Fin de la ronda!","Game interface: <h3>","components/games/SurveyShowdownGame.tsx:926","Contextual Spanish draft","Source present; runtime Spanish available"
"interface.1719","Round Prompts (Optional)","Preguntas de las rondas (opcional)","Game interface: <label>","components/games/GameConfigurator.tsx:1193","Contextual Spanish draft","Source present; runtime Spanish available"
"interface.1720","Round result","Resultado de la ronda","Visible/accessibility attribute: subtitle","pages/LiveQuizStudent.tsx:527","Contextual Spanish draft","Source present; runtime Spanish available"
"interface.1721","Round Review:","Revisión de la ronda:","Game interface: <h2>","components/games/PubQuizGame.tsx:738","Contextual Spanish draft","Source present; runtime Spanish available"
"interface.1722","Round settings","Ajustes de la ronda","Game interface: <div>","components/games/StopTheFireGame.tsx:979","Contextual Spanish draft","Source present; runtime Spanish available"
"interface.1723","Round Titles","Títulos de las rondas","Game interface: <label>","components/games/GameConfigurator.tsx:1494","Contextual Spanish draft","Source present; runtime Spanish available"
"interface.1724","Round-based quiz with manual scoring.","Cuestionario por rondas con puntuación manual.","Website interface","pages/Games.tsx:1861","Contextual Spanish draft","Source present; runtime Spanish available"
"interface.1725","Rounds","Rondas","Game interface: <option> | Game interface: <dt> | Interface definition: label","components/games/GameConfigurator.tsx:1478 | components/games/GameConfigurator.tsx:1949 | pages/Games.tsx:43 | pages/Games.tsx:47 | pages/Games.tsx:90 | pages/Games.tsx:263","Contextual Spanish draft","Source present; runtime Spanish available"
"interface.1726","Rows","Filas","Game interface: <option>","components/games/GameConfigurator.tsx:1423","Contextual Spanish draft","Source present; runtime Spanish available"
"interface.1727","Rule for","Regla para","Game interface: <p>","components/games/GameEditor.tsx:1506","Contextual Spanish draft","Source present; runtime Spanish available"
"interface.1728","Run Live Classroom Quizzes","Organiza Live Quiz en el aula","Interface definition: title","pages/SeoLandingPages.tsx:47","Contextual Spanish draft","Source present; runtime Spanish available"
"interface.1729","Save","Guardar","Save changes.","components/games/BlockBeatersGame.tsx:1725 | components/games/DartsGame.tsx:1592 | components/games/WordWheelGame.tsx:1780 | data/i18n/interface.json: common.save","Contextual Spanish draft","Source present; runtime Spanish available"
"interface.1730","Save a copy","Guardar una copia","Game controls, settings or feedback","components/games/GamePreview.tsx:606","Contextual Spanish draft","Source present; runtime Spanish available"
"interface.1731","Save a teacher’s invite, then copy the message into your email or messaging app. No email is sent automatically.","Guarda la invitación de un docente y copia el mensaje en tu correo o aplicación de mensajería. No se envía ningún correo automáticamente.","Website interface: <p>","pages/SchoolAdmin.tsx:940","Contextual Spanish draft","Source present; runtime Spanish available"
"interface.1732","Save and share games","Guarda y comparte juegos","Account and profile","pages/ChangePlan.tsx:20 | pages/InfoPages.tsx:457","Contextual Spanish draft","Source present; runtime Spanish available"
"interface.1733","Save Avatar","Guardar avatar","Conditional/dynamic interface text (check the source context)","pages/Profile.tsx:797","Contextual Spanish draft","Source present; runtime Spanish available"
"interface.1734","Save changes","Guardar cambios","Conditional/dynamic interface text (check the source context) | Website interface: <text>","components/games/GameEditor.tsx:883 | pages/Profile.tsx:553","Contextual Spanish draft","Source present; runtime Spanish available"
"interface.1735","Save Changes","Guardar cambios","Game interface: <button>","components/games/JeopardyGame.tsx:901 | components/games/PubQuizGame.tsx:862 | components/games/SurveyShowdownGame.tsx:1022 | components/games/TriviaGame.tsx:950","Contextual Spanish draft","Source present; runtime Spanish available"
"interface.1736","Save for later","Guardar para más tarde","Game interface: <button>","components/games/BlockBeatersGame.tsx:1383","Contextual Spanish draft","Source present; runtime Spanish available"
"interface.1737","Save game","Guardar juego","Game controls, settings or feedback","components/games/GamePreview.tsx:606","Contextual Spanish draft","Source present; runtime Spanish available"
"interface.1738","Save Invite","Guardar invitación","Website interface: <button>","pages/SchoolAdmin.tsx:957","Contextual Spanish draft","Source present; runtime Spanish available"
"interface.1739","Save New Password","Guardar nueva contraseña","Conditional/dynamic interface text (check the source context)","pages/ResetPassword.tsx:171","Contextual Spanish draft","Source present; runtime Spanish available"
"interface.1740","Save the game to keep your cover changes.","Guarda el juego para conservar los cambios de la portada.","Game controls, settings or feedback","components/games/GameCoverEditor.tsx:80","Contextual Spanish draft","Source present; runtime Spanish available"
"interface.1741","Save this game before starting a live quiz","Guarda este juego antes de iniciar un Live Quiz","Conditional/dynamic interface text (check the source context)","components/games/GameEditor.tsx:885","Contextual Spanish draft","Source present; runtime Spanish available"
"interface.1742","Save this game to generate a share link?","¿Guardar este juego para generar un enlace para compartir?","User message: window.confirm","components/games/GameEditor.tsx:419","Contextual Spanish draft","Source present; runtime Spanish available"
"interface.1743","Save this game to generate a student practice link?","¿Guardar este juego para generar un enlace de práctica para el alumnado?","User message: window.confirm","components/games/GameEditor.tsx:476","Contextual Spanish draft","Source present; runtime Spanish available"
"interface.1744","Save uploaded files to School Storage","Guardar los archivos subidos en el almacenamiento del centro","Conditional/dynamic interface text (check the source context)","components/games/GameConfigurator.tsx:1885","Contextual Spanish draft","Source present; runtime Spanish available"
"interface.1745","Save when ready","Guardar cuando esté listo","Conditional/dynamic interface text (check the source context)","components/games/GameEditor.tsx:888","Contextual Spanish draft","Source present; runtime Spanish available"
"interface.1746","Save, edit, play, and share quiz games with students.","Guarda, edita, juega y comparte los juegos de preguntas con tu alumnado.","Footer landing page: public information for teachers","pages/SeoLandingPages.tsx:39","Contextual Spanish draft","Source present; runtime Spanish available"
"interface.1747","Saved","Guardado","Conditional/dynamic interface text (check the source context)","components/games/GameEditor.tsx:888","Contextual Spanish draft","Source present; runtime Spanish available"
"interface.1748","Saved Points","Puntos guardados","Game interface: <button>","components/games/GameSetup.tsx:428","Contextual Spanish draft","Source present; runtime Spanish available"
"interface.1749","Saving avatar...","Guardando avatar...","Conditional/dynamic interface text (check the source context)","pages/LiveQuizStudent.tsx:386","Contextual Spanish draft","Source present; runtime Spanish available"
"interface.1750","Saving uploads to School Storage...","Guardando archivos en el almacenamiento del centro...","Conditional/dynamic interface text (check the source context)","components/games/GameConfigurator.tsx:1885","Contextual Spanish draft","Source present; runtime Spanish available"
"interface.1751","Saving your game...","Guardando tu juego...","Conditional/dynamic interface text (check the source context)","components/games/GameEditor.tsx:888","Contextual Spanish draft","Source present; runtime Spanish available"
"interface.1752","Saving...","Guardando...","Conditional/dynamic interface text (check the source context)","components/games/GameEditor.tsx:883 | pages/Profile.tsx:553 | pages/Profile.tsx:797 | pages/ResetPassword.tsx:171","Contextual Spanish draft","Source present; runtime Spanish available"
"interface.1753","School","Centro","Website interface: <strong>","pages/InfoPages.tsx:318 | pages/Profile.tsx:426 | pages/SchoolAdmin.tsx:71","Contextual Spanish draft","Source present; runtime Spanish available"
"interface.1754","School account data:","Datos de la cuenta del centro:","Website interface: <strong>","pages/InfoPages.tsx:790","Contextual Spanish draft","Source present; runtime Spanish available"
"interface.1755","School accounts can switch away from the School Plan only when all school members are inactive. If the owner switches away, affiliated members move to Starter.","Las cuentas de centro solo pueden abandonar el plan Centro cuando todos sus miembros estén inactivos. Si el propietario cambia de plan, los miembros vinculados pasan al plan Inicial.","Website interface: <div>","pages/ChangePlan.tsx:530","Contextual Spanish draft","Source present; runtime Spanish available"
"interface.1756","School accounts include shared school storage where members can keep documents and resources for the school. Admins can organise and manage the shared space.","Las cuentas de centro incluyen un espacio de almacenamiento compartido donde sus miembros pueden guardar documentos y recursos. La administración puede organizar y gestionar ese espacio.","Help, contact or legal information","pages/InfoPages.tsx:67","Contextual Spanish draft","Source present; runtime Spanish available"
"interface.1757","School accounts let admins manage teacher spots, invite or approve teachers, monitor teacher activity such as games created/played and AI generations, and use shared school document storage.","Las cuentas de centro permiten administrar las plazas docentes, invitar o aprobar docentes, consultar su actividad —como los juegos creados, las partidas y las generaciones con IA— y utilizar un espacio compartido para documentos del centro.","Help, contact or legal information","pages/InfoPages.tsx:59","Contextual Spanish draft","Source present; runtime Spanish available"
"interface.1758","School accounts: manage teachers and shared resources","Cuentas de centro: gestiona docentes y recursos compartidos","Website interface: <h3>","pages/InfoPages.tsx:316","Contextual Spanish draft","Source present; runtime Spanish available"
"interface.1759","School Admin","Administración del centro","School administrator tools.","data/i18n/interface.json: nav.school","Contextual Spanish draft","Source present; runtime Spanish available"
"interface.1760","School Admin Access","Acceso a la administración del centro","Website interface: <h1>","pages/SchoolAdmin.tsx:583","Contextual Spanish draft","Source present; runtime Spanish available"
"interface.1761","School admin dashboard","Panel de administración del centro","Account and profile","pages/ChangePlan.tsx:43 | pages/InfoPages.tsx:503","Contextual Spanish draft","Source present; runtime Spanish available"
"interface.1762","School administration","Administración del centro","Website interface: <p>","pages/SchoolAdmin.tsx:624","Contextual Spanish draft","Source present; runtime Spanish available"
"interface.1763","School administration sections","Secciones de administración del centro","Visible/accessibility attribute: aria-label","pages/SchoolAdmin.tsx:642","Contextual Spanish draft","Source present; runtime Spanish available"
"interface.1764","School admins can see school-level usage information such as teacher status, games created, game play activity, and AI generation counts. This is intended for account management and support, not student surveillance.","La administración del centro puede consultar datos de uso, como el estado de los docentes, los juegos creados, las partidas y el número de generaciones con IA. Esta información sirve para gestionar las cuentas y ofrecer soporte, no para vigilar al alumnado.","Help, contact or legal information","pages/InfoPages.tsx:63","Contextual Spanish draft","Source present; runtime Spanish available"
"interface.1765","School code","Código del centro","Visible/accessibility attribute: aria-label","pages/Profile.tsx:598","Contextual Spanish draft","Source present; runtime Spanish available"
"interface.1766","school community games","juegos de la comunidad del centro","Conditional/dynamic interface text (check the source context)","pages/Games.tsx:1582","Contextual Spanish draft","Source present; runtime Spanish available"
"interface.1767","School files are attached as source material only. They are not copied into the saved game.","Los archivos del centro se adjuntan únicamente como material de referencia. No se copian al juego guardado.","Website interface: <p>","components/school/SchoolStorageBrowser.tsx:367","Contextual Spanish draft","Source present; runtime Spanish available"
"interface.1768","School folder for new uploads","Carpeta del centro para nuevos archivos","Game interface: <label>","components/games/GameConfigurator.tsx:1897","Contextual Spanish draft","Source present; runtime Spanish available"
"interface.1769","School instructions or applicable educational legal basis:","Instrucciones del centro o base jurídica educativa aplicable:","Website interface: <strong>","pages/InfoPages.tsx:809","Contextual Spanish draft","Source present; runtime Spanish available"
"interface.1770","School join code","Código de acceso al centro","Website interface: <h2>","pages/SchoolAdmin.tsx:911","Contextual Spanish draft","Source present; runtime Spanish available"
"interface.1771","School logo","Logotipo del centro","Visible/accessibility attribute: alt","pages/Profile.tsx:627","Contextual Spanish draft","Source present; runtime Spanish available"
"interface.1772","School Logo","Logotipo del centro","Website interface: <p>","pages/Profile.tsx:621","Contextual Spanish draft","Source present; runtime Spanish available"
"interface.1773","School logo (optional)","Logotipo del centro (opcional)","Website interface: <label>","pages/ChangePlan.tsx:487","Contextual Spanish draft","Source present; runtime Spanish available"
"interface.1774","School logo removed.","Logotipo del centro eliminado.","Interface definition: text","pages/Profile.tsx:356","Contextual Spanish draft","Source present; runtime Spanish available"
"interface.1775","School logo updated.","Logotipo del centro actualizado.","Interface definition: text","pages/Profile.tsx:337","Contextual Spanish draft","Source present; runtime Spanish available"
"interface.1776","School Management","Gestión del centro","Website interface: <h3>","pages/Profile.tsx:617","Contextual Spanish draft","Source present; runtime Spanish available"
"interface.1777","School Name","Nombre del centro","Website interface: <label>","pages/ChangePlan.tsx:464","Contextual Spanish draft","Source present; runtime Spanish available"
"interface.1778","school name, teacher invitations and memberships, account roles, shared-school files, and limited teacher activity totals shown to authorised school administrators.","el nombre del centro, las invitaciones y pertenencia de docentes, los roles de cuenta, los archivos compartidos y los totales limitados de actividad docente que se muestran a los administradores autorizados.","Website interface: <li>","pages/InfoPages.tsx:790","Contextual Spanish draft","Source present; runtime Spanish available"
"interface.1779","School overview","Resumen del centro","Visible/accessibility attribute: aria-label","pages/SchoolAdmin.tsx:633","Contextual Spanish draft","Source present; runtime Spanish available"
"interface.1780","School Plan","Plan Centro","Website interface: <div> | Interface definition: title | Website interface: <h2> | Website interface: <h3>","components/PlanUpgradeModal.tsx:57 | pages/ChangePlan.tsx:36 | pages/ChangePlan.tsx:408 | pages/InfoPages.tsx:435 | pages/InfoPages.tsx:499","Contextual Spanish draft","Source present; runtime Spanish available"
"interface.1781","School Plan ({user.schoolAccess?.role === 'admin' ? 'Admin' : 'Teacher'})","Plan Centro ({user.schoolAccess?.role === 'admin' ? 'Admin' : 'Teacher'})","Account and profile","pages/Profile.tsx:66","Contextual Spanish draft","Source present; runtime Spanish available"
"interface.1782","School request sent to {pendingLookup.request.schoolName}. Awaiting admin approval.","Solicitud enviada a {pendingLookup.request.schoolName}. Pendiente de aprobación por un administrador.","Interface definition: text","pages/Profile.tsx:394","Contextual Spanish draft","Source present; runtime Spanish available"
"interface.1783","School request sent. Awaiting admin approval.","Solicitud enviada al centro. Pendiente de aprobación por un administrador.","Interface definition: text","pages/Profile.tsx:397","Contextual Spanish draft","Source present; runtime Spanish available"
"interface.1784","School scope:","Ámbito del centro:","Website interface: <span>","pages/Games.tsx:1564","Contextual Spanish draft","Source present; runtime Spanish available"
"interface.1785","School Setup","Configuración del centro","Website interface: <h3>","pages/ChangePlan.tsx:455","Contextual Spanish draft","Source present; runtime Spanish available"
"interface.1786","School storage","Almacenamiento del centro","Game interface: <button>","components/games/GameConfigurator.tsx:1845","Contextual Spanish draft","Source present; runtime Spanish available"
"interface.1787","School Storage","Almacenamiento del centro","Website interface: <div>","components/school/SchoolStorageBrowser.tsx:207","Contextual Spanish draft","Source present; runtime Spanish available"
"interface.1788","School-level teacher spot allocation","Gestión de plazas docentes desde el centro","Help, contact or legal information","pages/InfoPages.tsx:503","Contextual Spanish draft","Source present; runtime Spanish available"
"interface.1789","School-level teacher spot management","Gestión de las plazas docentes desde el centro","Account and profile","pages/ChangePlan.tsx:41","Contextual Spanish draft","Source present; runtime Spanish available"
"interface.1790","School-wide teacher management with AI credits per teacher.","Gestión del profesorado del centro con créditos de IA por docente.","Website interface: <p>","components/PlanUpgradeModal.tsx:58","Contextual Spanish draft","Source present; runtime Spanish available"
"interface.1791","Science Head","Responsable del departamento de Ciencias","Website interface","components/TestimonialCarousel.tsx:42","Contextual Spanish draft","Source present; runtime Spanish available"
"interface.1792","Science quiz","Juego de preguntas de ciencias","Footer landing page: public information for teachers","pages/SeoLandingPages.tsx:27","Contextual Spanish draft","Source present; runtime Spanish available"
"interface.1793","Score","Puntuación","Game interface: <label> | Game interface: <div>","components/games/BlockBeatersGame.tsx:1721 | components/games/DartsGame.tsx:1587 | components/games/shared/PracticeReviewSummary.tsx:50 | components/games/WordWheelGame.tsx:1760","Contextual Spanish draft","Source present; runtime Spanish available"
"interface.1794","Score Adjustment","Ajuste de puntuación","Game interface: <label>","components/games/SurveyShowdownGame.tsx:979","Contextual Spanish draft","Source present; runtime Spanish available"
"interface.1795","Score Now","Puntuar ahora","Game interface: <button>","components/games/StopTheFireGame.tsx:1466","Contextual Spanish draft","Source present; runtime Spanish available"
"interface.1796","Score Override","Modificar puntuación","Game interface: <label>","components/games/JeopardyGame.tsx:879 | components/games/PubQuizGame.tsx:840 | components/games/TriviaGame.tsx:928","Contextual Spanish draft","Source present; runtime Spanish available"
"interface.1797","Score Round","Puntuar la ronda","Teacher awards points after a round.","components/games/StopTheFireGame.tsx:1342 | data/i18n/interface.json: game.scoreRound","Contextual Spanish draft","Source present; runtime Spanish available"
"interface.1798","scored this round","puntuadas en esta ronda","Website interface: <div>","pages/LiveQuizHost.tsx:994","Contextual Spanish draft","Source present; runtime Spanish available"
"interface.1799","Scores carry over to the next round.","Las puntuaciones se mantienen para la siguiente ronda.","Game interface: <p>","components/games/StopTheFireGame.tsx:1501","Contextual Spanish draft","Source present; runtime Spanish available"
"interface.1800","Scoring Mode","Modo de puntuación","Game interface: <label>","components/games/GameSetup.tsx:447","Contextual Spanish draft","Source present; runtime Spanish available"
"interface.1801","Scroll tabs left","Desplazar pestañas a la izquierda","Visible/accessibility attribute: aria-label","components/games/GameEditor.tsx:1033","Contextual Spanish draft","Source present; runtime Spanish available"
"interface.1802","Scroll tabs right","Desplazar pestañas a la derecha","Visible/accessibility attribute: aria-label","components/games/GameEditor.tsx:1041","Contextual Spanish draft","Source present; runtime Spanish available"
"interface.1803","Search","Buscar","Conditional/dynamic interface text (check the source context)","components/shared/StockImagePicker.tsx:265","Contextual Spanish draft","Source present; runtime Spanish available"
"interface.1804","Search and select images to use.","Busca y selecciona las imágenes que quieras utilizar.","Website interface: <div>","components/shared/StockImagePicker.tsx:218","Contextual Spanish draft","Source present; runtime Spanish available"
"interface.1805","Search categories...","Buscar categorías...","Visible/accessibility attribute: placeholder","components/games/StopTheFireGame.tsx:1104","Contextual Spanish draft","Source present; runtime Spanish available"
"interface.1806","Search community games...","Buscar juegos de la comunidad...","Visible/accessibility attribute: placeholder","pages/Games.tsx:1450","Contextual Spanish draft","Source present; runtime Spanish available"
"interface.1807","Search help topics","Buscar temas de ayuda","Website interface: <label>","pages/InfoPages.tsx:199","Contextual Spanish draft","Source present; runtime Spanish available"
"interface.1808","Search images (e.g., animals, classroom, nouns)","Buscar imágenes (p. ej., animales, aula, nombres)","Visible/accessibility attribute: placeholder","components/shared/StockImagePicker.tsx:255","Contextual Spanish draft","Source present; runtime Spanish available"
"interface.1809","Search live quiz, images, student links, school accounts...","Buscar Live Quiz, imágenes, enlaces para alumnos, cuentas de centro...","Visible/accessibility attribute: placeholder","pages/InfoPages.tsx:207","Contextual Spanish draft","Source present; runtime Spanish available"
"interface.1810","Search my games...","Buscar mis juegos...","Visible/accessibility attribute: placeholder","pages/Games.tsx:989","Contextual Spanish draft","Source present; runtime Spanish available"
"interface.1811","Search name or email","Buscar nombre o correo","Visible/accessibility attribute: placeholder","pages/SchoolAdmin.tsx:708","Contextual Spanish draft","Source present; runtime Spanish available"
"interface.1812","Search teachers","Buscar docentes","Visible/accessibility attribute: aria-label","pages/SchoolAdmin.tsx:708","Contextual Spanish draft","Source present; runtime Spanish available"
"interface.1813","Search to load images.","Haz una búsqueda para cargar imágenes.","Website interface: <div>","components/shared/StockImagePicker.tsx:314","Contextual Spanish draft","Source present; runtime Spanish available"
"interface.1814","Searched on {config.webSearchCheckedAt.slice(0, 10)}.","Búsqueda realizada el {config.webSearchCheckedAt.slice(0, 10)}.","Conditional/dynamic interface text (check the source context)","components/games/GameWebSources.tsx:12","Contextual Spanish draft","Source present; runtime Spanish available"
"interface.1815","Searching...","Buscando...","Conditional/dynamic interface text (check the source context)","components/shared/StockImagePicker.tsx:265","Contextual Spanish draft","Source present; runtime Spanish available"
"interface.1816","Secret passage","Pasadizo secreto","Interface definition: label","components/games/SnakesLaddersGame.tsx:333","Contextual Spanish draft","Source present; runtime Spanish available"
"interface.1817","See","Ver","Game interface: <button>","components/games/BlockBeatersGame.tsx:1107","Contextual Spanish draft","Source present; runtime Spanish available"
"interface.1818","See card","Ver tarjeta","Game interface: <button>","components/games/BlockBeatersGame.tsx:1024","Contextual Spanish draft","Source present; runtime Spanish available"
"interface.1819","See Trivia in action","Mira Trivia en acción","Website interface: <Link>","pages/SeoLandingPages.tsx:110","Contextual Spanish draft","Source present; runtime Spanish available"
"interface.1820","See you there!","¡Te esperamos!","School administration","pages/SchoolAdmin.tsx:558","Contextual Spanish draft","Source present; runtime Spanish available"
"interface.1821","Select","Seleccionar","Select an item, not copy it.","components/games/StopTheFireGame.tsx:1093 | data/i18n/interface.json: common.select","Contextual Spanish draft","Source present; runtime Spanish available"
"interface.1822","Select {item.title.toLowerCase()}","Seleccionar {item.title.toLowerCase()}","Conditional/dynamic interface text (check the source context)","components/games/GamePreview.tsx:396 | components/games/GamePreview.tsx:424","Contextual Spanish draft","Source present; runtime Spanish available"
"interface.1823","Select a glowing square on the board","Selecciona una casilla iluminada del tablero","Game interface: <strong>","components/games/SnakesLaddersGame.tsx:2559","Contextual Spanish draft","Source present; runtime Spanish available"
"interface.1824","Select a Round","Selecciona una ronda","Game interface: <h2>","components/games/PubQuizGame.tsx:671","Contextual Spanish draft","Source present; runtime Spanish available"
"interface.1825","Select all","Seleccionar todo","Game interface: <button>","components/games/GamePreview.tsx:657 | components/games/StopTheFireGame.tsx:1113","Contextual Spanish draft","Source present; runtime Spanish available"
"interface.1826","Select at least one","Selecciona al menos una","Game interface: <p>","components/games/GamePreview.tsx:669","Contextual Spanish draft","Source present; runtime Spanish available"
"interface.1827","Select at least one question before sharing with students.","Selecciona al menos una pregunta antes de compartir con el alumnado.","User message: alert","pages/Games.tsx:2518 | pages/ShareGame.tsx:238","Contextual Spanish draft","Source present; runtime Spanish available"
"interface.1828","Select at least one question before starting a live quiz.","Selecciona al menos una pregunta antes de iniciar un Live Quiz.","User message: alert","pages/Games.tsx:2575 | pages/ShareGame.tsx:284","Contextual Spanish draft","Source present; runtime Spanish available"
"interface.1829","Select avatar","Seleccionar avatar","Conditional/dynamic interface text (check the source context)","pages/Profile.tsx:760","Contextual Spanish draft","Source present; runtime Spanish available"
"interface.1830","Select category","Seleccionar categoría","Conditional/dynamic interface text (check the source context)","components/games/GamePreview.tsx:488","Contextual Spanish draft","Source present; runtime Spanish available"
"interface.1831","Select the correct answer below.","Selecciona la respuesta correcta abajo.","Conditional/dynamic interface text (check the source context)","components/games/GameWorkspace.tsx:92","Contextual Spanish draft","Source present; runtime Spanish available"
"interface.1832","Select the team that answered first.","Selecciona el equipo que ha respondido primero.","Game interface: <p>","components/games/StopTheFireGame.tsx:1532","Contextual Spanish draft","Source present; runtime Spanish available"
"interface.1833","selected","seleccionado","Game interface: <span>","components/games/GamePreview.tsx:642 | components/games/StopTheFireGame.tsx:1121","Contextual Spanish draft","Source present; runtime Spanish available"
"interface.1834","Selected","Seleccionado","Website interface: <div>","components/shared/StockImagePicker.tsx:307","Contextual Spanish draft","Source present; runtime Spanish available"
"interface.1835","Selected (","Seleccionados (","Website interface: <div>","components/shared/StockImagePicker.tsx:341","Contextual Spanish draft","Source present; runtime Spanish available"
"interface.1836","selected category","categoría seleccionada","Game interface: <p>","components/games/StopTheFireGame.tsx:1078","Contextual Spanish draft","Source present; runtime Spanish available"
"interface.1837","Selected:","Seleccionado:","Website interface: <span>","components/school/SchoolStorageBrowser.tsx:306","Contextual Spanish draft","Source present; runtime Spanish available"
"interface.1838","selected.","seleccionadas.","Website interface: <div>","pages/Games.tsx:418","Contextual Spanish draft","Source present; runtime Spanish available"
"interface.1839","Send {name} down","Hacer bajar a {name}","Game controls, settings or feedback","components/games/SnakesLaddersGame.tsx:2570","Contextual Spanish draft","Source present; runtime Spanish available"
"interface.1840","Send Another Message","Enviar otro mensaje","Website interface: <button>","pages/InfoPages.tsx:566","Contextual Spanish draft","Source present; runtime Spanish available"
"interface.1841","Send Message","Enviar mensaje","Website interface: <text>","pages/InfoPages.tsx:617","Contextual Spanish draft","Source present; runtime Spanish available"
"interface.1842","Send Reset Link","Enviar enlace de restablecimiento","Conditional/dynamic interface text (check the source context)","components/LoginModal.tsx:357","Contextual Spanish draft","Source present; runtime Spanish available"
"interface.1843","Send rival down a snake","Enviar a un rival por una serpiente","Interface definition: label","components/games/GameSetup.tsx:28","Contextual Spanish draft","Source present; runtime Spanish available"
"interface.1844","Sending...","Enviando...","Website interface: <text>","pages/InfoPages.tsx:615","Contextual Spanish draft","Source present; runtime Spanish available"
"interface.1845","Sequential","En orden","Game interface: <button>","components/games/GameSetup.tsx:340","Contextual Spanish draft","Source present; runtime Spanish available"
"interface.1846","Serpent Summons","Invocación de serpiente","Interface definition: title","components/games/SnakesLaddersGame.tsx:369","Contextual Spanish draft","Source present; runtime Spanish available"
"interface.1847","service security, fraud and abuse prevention, reliability, support, and proportionate product-operation records. We balance these interests against the rights of affected people.","la seguridad del servicio, la prevención de fraude y abusos, la fiabilidad, el soporte y los registros proporcionados de funcionamiento del producto. Equilibramos estos intereses con los derechos de las personas afectadas.","Website interface: <li>","pages/InfoPages.tsx:808","Contextual Spanish draft","Source present; runtime Spanish available"
"interface.1848","Set {teacher.fullName} to inactive? They will no longer use a teacher spot or AI generation until re-activated.","¿Desactivar a {teacher.fullName}? Dejará de ocupar una plaza docente y de utilizar la generación con IA hasta que vuelva a activarse.","User message: window.confirm","pages/SchoolAdmin.tsx:380","Contextual Spanish draft","Source present; runtime Spanish available"
"interface.1849","Set a comfortable pace","Establece un ritmo cómodo","Game format information","pages/StopTheFirePage.tsx:39","Contextual Spanish draft","Source present; runtime Spanish available"
"interface.1850","Set Active","Activar","Conditional/dynamic interface text (check the source context)","pages/SchoolAdmin.tsx:480","Contextual Spanish draft","Source present; runtime Spanish available"
"interface.1851","Set Inactive","Desactivar","Conditional/dynamic interface text (check the source context)","pages/SchoolAdmin.tsx:467","Contextual Spanish draft","Source present; runtime Spanish available"
"interface.1852","Set the challenge.","Plantea el reto.","Interface definition: ""title""","pages/StopTheFirePage.tsx:16","Contextual Spanish draft","Source present; runtime Spanish available"
"interface.1853","Set up","Configurar","Website interface: <h1>","pages/Games.tsx:383","Contextual Spanish draft","Source present; runtime Spanish available"
"interface.1854","Set up a round, compare the answers and see which team found something different.","Prepara una ronda, comparad las respuestas y ved qué equipo ha encontrado algo diferente.","Game format information","pages/StopTheFirePage.tsx:11","Contextual Spanish draft","Source present; runtime Spanish available"
"interface.1855","Set Up School Plan","Configurar el plan Centro","Conditional/dynamic interface text (check the source context) | Website interface: <button>","pages/ChangePlan.tsx:444 | pages/InfoPages.tsx:514","Contextual Spanish draft","Source present; runtime Spanish available"
"interface.1856","Set up this game","Configurar este juego","Website interface: <span>","pages/Games.tsx:219","Contextual Spanish draft","Source present; runtime Spanish available"
"interface.1857","Set up your game, then add your content in the editor.","Configura tu juego y añade el contenido en el editor.","Conditional/dynamic interface text (check the source context)","components/games/GameConfigurator.tsx:963","Contextual Spanish draft","Source present; runtime Spanish available"
"interface.1858","Share","Compartir","Visible/accessibility attribute: label","components/games/GameEditor.tsx:878 | components/games/GamePreview.tsx:626","Contextual Spanish draft","Source present; runtime Spanish available"
"interface.1859","Share 100 points across the 10 answers, like a survey game. These are game points, not real survey results.","Reparte 100 puntos entre las 10 respuestas, como en un juego de encuestas. Son puntos del juego, no resultados reales de una encuesta.","Game interface: <span>","components/games/GameConfigurator.tsx:1179","Contextual Spanish draft","Source present; runtime Spanish available"
"interface.1860","Share Article","Compartir artículo","Website interface: <span>","pages/BlogPost.tsx:116","Contextual Spanish draft","Source present; runtime Spanish available"
"interface.1861","Share link copied!","¡Enlace para compartir copiado!","Game interface: <div> | User message: alert","components/games/GameEditor.tsx:1717 | pages/Games.tsx:2434 | pages/ShareGame.tsx:109","Contextual Spanish draft","Source present; runtime Spanish available"
"interface.1862","Share the joining code, welcome your players and you’re ready for the first question.","Comparte el código de acceso, recibe a los jugadores y prepárate para la primera pregunta.","Website interface: <p>","pages/LiveQuizPage.tsx:46","Contextual Spanish draft","Source present; runtime Spanish available"
"interface.1863","Share this link: {joinUrl}","Comparte este enlace: {joinUrl}","User message: alert","pages/LiveQuizHost.tsx:541","Contextual Spanish draft","Source present; runtime Spanish available"
"interface.1864","Shared files","Archivos compartidos","Website interface: <h2> | Interface definition: label","components/school/SchoolStorageManager.tsx:444 | pages/SchoolAdmin.tsx:612","Contextual Spanish draft","Source present; runtime Spanish available"
"interface.1865","Shared games are available to registered users. Create a free account on the Teacher Plan to continue.","Los juegos compartidos están disponibles para usuarios registrados. Crea una cuenta gratuita con el plan Docente para continuar.","Website interface: <p>","pages/ShareGame.tsx:325","Contextual Spanish draft","Source present; runtime Spanish available"
"interface.1866","Shared school resource management","Gestión de los recursos compartidos del centro","Help, contact or legal information","pages/InfoPages.tsx:503","Contextual Spanish draft","Source present; runtime Spanish available"
"interface.1867","Shield tile","Proteger casilla","Game controls, settings or feedback","components/games/BlockBeatersGame.tsx:167 | components/games/GameSetup.tsx:604","Contextual Spanish draft","Source present; runtime Spanish available"
"interface.1868","Show a question and let teams talk it through. Move at your own pace, or add a timer when your class is ready for a quicker challenge.","Muestra una pregunta y deja que los equipos la comenten. Avanza a tu ritmo o añade un temporizador cuando la clase esté preparada para un reto más rápido.","Website interface: <Screenshot>","pages/PubQuizPage.tsx:50","Contextual Spanish draft","Source present; runtime Spanish available"
"interface.1869","Show all community games","Mostrar todos los juegos de la comunidad","Visible/accessibility attribute: aria-label","pages/Games.tsx:1571","Contextual Spanish draft","Source present; runtime Spanish available"
"interface.1870","Show answer reveals and finish with a live leaderboard.","Muestra las respuestas y termina con una clasificación que se actualiza en directo.","Footer landing page: public information for teachers","pages/SeoLandingPages.tsx:53","Contextual Spanish draft","Source present; runtime Spanish available"
"interface.1871","Show join QR code","Mostrar código QR de acceso","Visible/accessibility attribute: title","pages/LiveQuizHost.tsx:582","Contextual Spanish draft","Source present; runtime Spanish available"
"interface.1872","Show Leaderboard","Mostrar clasificación","Conditional/dynamic interface text (check the source context)","pages/LiveQuizHost.tsx:902","Contextual Spanish draft","Source present; runtime Spanish available"
"interface.1873","Show Question","Mostrar pregunta","Game interface: <button>","components/games/BlockBeatersGame.tsx:1363 | components/games/SnakesLaddersGame.tsx:2967","Contextual Spanish draft","Source present; runtime Spanish available"
"interface.1874","Showing","Mostrando","Game interface: <p> | Website interface: <span> | Website interface: <div>","components/games/GameEditor.tsx:1068 | components/games/GameEditor.tsx:1308 | components/shared/StockImagePicker.tsx:320 | pages/Games.tsx:1064 | pages/Games.tsx:1582","Contextual Spanish draft","Source present; runtime Spanish available"
"interface.1875","Shuffle questions each time.","Mezclar las preguntas en cada partida.","Conditional/dynamic interface text (check the source context)","components/games/GameSetup.tsx:343","Contextual Spanish draft","Source present; runtime Spanish available"
"interface.1876","Shuffle selected questions for this live session.","Mezcla las preguntas seleccionadas para esta sesión en directo.","Game interface: <p>","components/games/LiveQuizSetupModal.tsx:107","Contextual Spanish draft","Source present; runtime Spanish available"
"interface.1877","Sign In","Iniciar sesión","Conditional/dynamic interface text (check the source context)","components/LoginModal.tsx:359","Contextual Spanish draft","Source present; runtime Spanish available"
"interface.1878","Sign in as the teacher who created this live quiz.","Inicia sesión con la cuenta del docente que creó este Live Quiz.","Website interface: <p>","pages/LiveQuizHost.tsx:643","Contextual Spanish draft","Source present; runtime Spanish available"
"interface.1879","Sign in to view this shared game","Inicia sesión para ver este juego compartido","Website interface: <h1>","pages/ShareGame.tsx:323","Contextual Spanish draft","Source present; runtime Spanish available"
"interface.1880","Sign Out","Cerrar sesión","Log out of the account.","data/i18n/interface.json: nav.signOut","Contextual Spanish draft","Source present; runtime Spanish available"
"interface.1881","Sign Up","Registrarse","Conditional/dynamic interface text (check the source context)","components/LoginModal.tsx:397","Contextual Spanish draft","Source present; runtime Spanish available"
"interface.1882","Sign Up Free","Registrarse gratis","Website interface: <button>","pages/ChangePlan.tsx:254 | pages/InfoPages.tsx:473 | pages/SchoolAdmin.tsx:590","Contextual Spanish draft","Source present; runtime Spanish available"
"interface.1883","Sign up free during early access to create and play every game mode.","Regístrate gratis durante el acceso anticipado para crear y jugar en todos los modos.","Website interface","pages/Home.tsx:442","Contextual Spanish draft","Source present; runtime Spanish available"
"interface.1884","Sign up or log in first to change your plan.","Regístrate o inicia sesión para cambiar de plan.","Conditional/dynamic interface text (check the source context)","pages/ChangePlan.tsx:247","Contextual Spanish draft","Source present; runtime Spanish available"
"interface.1885","Sign up or log in first to choose a plan.","Regístrate o inicia sesión para elegir un plan.","Conditional/dynamic interface text (check the source context)","pages/ChangePlan.tsx:246","Contextual Spanish draft","Source present; runtime Spanish available"
"interface.1886","Signed in as","Sesión iniciada como","Website interface: <p>","components/Layout.tsx:247","Contextual Spanish draft","Source present; runtime Spanish available"
"interface.1887","Site","Sitio web","Website interface: <h3>","components/Layout.tsx:481","Contextual Spanish draft","Source present; runtime Spanish available"
"interface.1888","Site Tour","Visita guiada","Website interface: <div>","pages/Games.tsx:879","Contextual Spanish draft","Source present; runtime Spanish available"
"interface.1889","Skip","Omitir","Game interface: <button>","components/games/DartsGame.tsx:1222","Contextual Spanish draft","Source present; runtime Spanish available"
"interface.1890","Skip (-5s)","Pasar (-5 s)","Game interface: <button>","components/games/TimeBombGame.tsx:2115","Contextual Spanish draft","Source present; runtime Spanish available"
"interface.1891","Skip next player","Saltar al siguiente jugador","Interface definition: label","components/games/GameSetup.tsx:26","Contextual Spanish draft","Source present; runtime Spanish available"
"interface.1892","Skip tour","Omitir guía","Website interface: <button>","pages/Home.tsx:274","Contextual Spanish draft","Source present; runtime Spanish available"
"interface.1893","Sleepy spell","Hechizo del sueño","Interface definition: label","components/games/SnakesLaddersGame.tsx:354","Contextual Spanish draft","Source present; runtime Spanish available"
"interface.1894","Small - 5 x 5","Pequeño - 5 x 5","Interface definition: label","components/games/GameConfigurator.tsx:25 | components/games/GameSetup.tsx:76","Contextual Spanish draft","Source present; runtime Spanish available"
"interface.1895","Snake charmer","Encantador de serpientes","Interface definition: label","components/games/SnakesLaddersGame.tsx:368","Contextual Spanish draft","Source present; runtime Spanish available"
"interface.1896","Snakes and Ladders","Snakes and Ladders","Website interface: <SafeLink> | Interface definition: ""name""","components/Layout.tsx:503 | pages/Games.tsx:2178 | pages/SnakesAndLaddersPage.tsx:7","Contextual Spanish draft","Source present; runtime Spanish available"
"interface.1897","Snakes and Ladders answer revealed with controls to mark it correct or incorrect","Respuesta mostrada de Snakes and Ladders con controles para marcarla como correcta o incorrecta","Interface definition: ""alt""","pages/SnakesAndLaddersPage.tsx:29","Contextual Spanish draft","Source present; runtime Spanish available"
"interface.1898","Snakes and Ladders question card shown after rolling the dice","Tarjeta de pregunta de Snakes and Ladders tras tirar el dado","Interface definition: ""alt""","pages/SnakesAndLaddersPage.tsx:23","Contextual Spanish draft","Source present; runtime Spanish available"
"interface.1899","Snakes and Ladders test board","Tablero de prueba de Snakes and Ladders","Visible/accessibility attribute: aria-label","components/games/SnakesLaddersGame.tsx:2405","Contextual Spanish draft","Source present; runtime Spanish available"
"interface.1900","Snakes and Ladders three-dimensional board with coloured pieces and a dice ready to roll","Tablero tridimensional de Snakes and Ladders con fichas de colores y un dado listo para tirar","Interface definition: ""alt""","pages/SnakesAndLaddersPage.tsx:17","Contextual Spanish draft","Source present; runtime Spanish available"
"interface.1901","so students can join with a code or QR link and answer from their own devices.","para que el alumnado se una con un código o enlace QR y responda desde sus dispositivos.","Website interface: <li>","pages/InfoPages.tsx:310","Contextual Spanish draft","Source present; runtime Spanish available"
"interface.1902","Solved","Resuelto","Game interface: <div>","components/games/WordWheelGame.tsx:1372","Contextual Spanish draft","Source present; runtime Spanish available"
"interface.1903","Some features may be marked as beta/experimental and may change quickly.","Algunas funciones pueden estar marcadas como beta o experimentales y cambiar rápidamente.","Website interface: <li>","pages/InfoPages.tsx:708","Contextual Spanish draft","Source present; runtime Spanish available"
"interface.1904","Some features rely on third-party providers, including Supabase (auth/database/storage), Google Gemini API and OpenAI API (AI generation), and Pixabay (stock image search). Your use of those integrated services may also be subject to their terms and policies.","Algunas funciones dependen de proveedores externos, incluidos Supabase (autenticación, base de datos y almacenamiento), Google Gemini API y OpenAI API (generación con IA), y Pixabay (búsqueda de imágenes de archivo). El uso de esos servicios integrados también puede estar sujeto a sus condiciones y políticas.","Website interface: <p>","pages/InfoPages.tsx:691","Contextual Spanish draft","Source present; runtime Spanish available"
"interface.1905","Some images need attention","Algunas imágenes requieren atención","Conditional/dynamic interface text (check the source context)","components/games/GameImagePreparation.tsx:80","Contextual Spanish draft","Source present; runtime Spanish available"
"interface.1906","Some service providers may process data outside the EU/EEA. Where an adequacy decision does not cover the destination, we require an applicable transfer safeguard, such as the European Commission's Standard Contractual Clauses, and assess the provider's relevant protections. Information about the applicable safeguard can be requested through the Contact page.","Algunos proveedores pueden tratar datos fuera de la UE o del EEE. Cuando el destino no esté cubierto por una decisión de adecuación, exigimos una garantía de transferencia aplicable, como las cláusulas contractuales tipo de la Comisión Europea, y evaluamos las protecciones pertinentes del proveedor. Puedes solicitar información sobre la garantía aplicable desde la página de Contacto.","Website interface: <p>","pages/InfoPages.tsx:886","Contextual Spanish draft","Source present; runtime Spanish available"
"interface.1907","Something for every team.","Algo para cada equipo.","Visible/accessibility attribute: title","pages/PubQuizPage.tsx:54","Contextual Spanish draft","Source present; runtime Spanish available"
"interface.1908","Sound Lab","Laboratorio de sonidos","Visible/accessibility attribute: aria-label | Game interface: <h2>","components/games/GameSetup.tsx:745 | components/games/GameSetup.tsx:754","Contextual Spanish draft","Source present; runtime Spanish available"
"interface.1909","Sound off","Sonido desactivado","Conditional/dynamic interface text (check the source context)","components/games/GameSetup.tsx:216","Contextual Spanish draft","Source present; runtime Spanish available"
"interface.1910","Sound on","Sonido activado","Conditional/dynamic interface text (check the source context)","components/games/GameSetup.tsx:216","Contextual Spanish draft","Source present; runtime Spanish available"
"interface.1911","Source anchor:","Referencia de la fuente:","Website interface: <strong>","pages/InfoPages.tsx:353","Contextual Spanish draft","Source present; runtime Spanish available"
"interface.1912","source documents.","documentos de referencia.","Website interface: <p>","components/school/SchoolStorageBrowser.tsx:210","Contextual Spanish draft","Source present; runtime Spanish available"
"interface.1913","Speaking prompts","Propuestas para practicar la expresión oral","Footer landing page: public information for teachers","pages/SeoLandingPages.tsx:69","Contextual Spanish draft","Source present; runtime Spanish available"
"interface.1914","Speed Bonus","Bonificación por rapidez","Game interface: <button>","components/games/GameSetup.tsx:458","Contextual Spanish draft","Source present; runtime Spanish available"
"interface.1915","Speed Boost","Impulso rápido","Interface definition: title","components/games/SnakesLaddersGame.tsx:326","Contextual Spanish draft","Source present; runtime Spanish available"
"interface.1916","Spinning...","Girando…","Game controls, settings or feedback","components/games/WordWheelGame.tsx:1245","Contextual Spanish draft","Source present; runtime Spanish available"
"interface.1917","spot","plaza","Website interface: <p>","components/games/SnakesLaddersGame.tsx:2511 | pages/SchoolAdmin.tsx:907","Contextual Spanish draft","Source present; runtime Spanish available"
"interface.1918","Square","Casilla","Game interface: <strong> | Game interface: <span>","components/games/SnakesLaddersGame.tsx:2451 | components/games/SnakesLaddersGame.tsx:2579","Contextual Spanish draft","Source present; runtime Spanish available"
"interface.1919","Star orb","Esfera estelar","Game interface: <h3>","components/games/SnakesLaddersGame.tsx:3021","Contextual Spanish draft","Source present; runtime Spanish available"
"interface.1920","Start","Iniciar","Game interface: <button>","components/games/PubQuizGame.tsx:730 | components/games/WordWheelGame.tsx:1245","Contextual Spanish draft","Source present; runtime Spanish available"
"interface.1921","Start a live quiz","Iniciar Live Quiz","Footer landing page: public information for teachers","pages/SeoLandingPages.tsx:56","Contextual Spanish draft","Source present; runtime Spanish available"
"interface.1922","Start at 301, finish exactly on 0. Must end with a Double.","Empieza con 301 y termina exactamente en 0. Debes cerrar con un doble.","Conditional/dynamic interface text (check the source context)","components/games/GameSetup.tsx:389","Contextual Spanish draft","Source present; runtime Spanish available"
"interface.1923","Start dictation","Iniciar dictado","Conditional/dynamic interface text (check the source context)","components/games/AiAssistantChat.tsx:358 | components/games/GameConfigurator.tsx:1831","Contextual Spanish draft","Source present; runtime Spanish available"
"interface.1924","Start Game","Iniciar partida","Start playing with the selected settings.","components/games/GameSetup.tsx:738 | components/games/SnakesLaddersGame.tsx:2473 | pages/LiveQuizHost.tsx:778 | pages/StudentGame.tsx:216 | data/i18n/interface.json: game.start","Contextual Spanish draft","Source present; runtime Spanish available"
"interface.1925","Start Next Round","Iniciar siguiente ronda","Conditional/dynamic interface text (check the source context)","components/games/SurveyShowdownGame.tsx:940","Contextual Spanish draft","Source present; runtime Spanish available"
"interface.1926","Start Playing","Empezar a jugar","Website interface: <Link>","pages/Home.tsx:380","Contextual Spanish draft","Source present; runtime Spanish available"
"interface.1927","Start Round","Iniciar ronda","Begin the next round.","components/games/StopTheFireGame.tsx:1179 | data/i18n/interface.json: game.startRound","Contextual Spanish draft","Source present; runtime Spanish available"
"interface.1928","Start with a few questions about your last lesson. It’s an easy way to get everyone thinking again and see what they remember.","Empieza con unas preguntas sobre la última clase. Es una forma sencilla de volver a activar las ideas y ver lo que recuerdan.","Website interface: <dd>","pages/TriviaPage.tsx:73","Contextual Spanish draft","Source present; runtime Spanish available"
"interface.1929","Start with a straightforward board while everyone gets comfortable. When you fancy a change, switch on bonus cards for a few surprises along the way.","Empieza con un tablero sencillo mientras todos se familiarizan. Cuando quieras variar, activa las cartas de bonificación para añadir sorpresas.","Website interface: <dd>","pages/JeopardyPage.tsx:67","Contextual Spanish draft","Source present; runtime Spanish available"
"interface.1930","Start with familiar categories for a lively warm-up. It gives everyone something to contribute before you move into the main lesson.","Empieza con categorías conocidas para un calentamiento animado. Todos podrán aportar algo antes de pasar a la parte principal de la clase.","Game format information","pages/StopTheFirePage.tsx:50","Contextual Spanish draft","Source present; runtime Spanish available"
"interface.1931","Start with one question and see how many hidden answers your teams can uncover.","Empieza con una pregunta y descubre cuántas respuestas ocultas encuentran los equipos.","Website interface: <p>","pages/SurveyShowdownPage.tsx:46","Contextual Spanish draft","Source present; runtime Spanish available"
"interface.1932","Start with something familiar and hear what comes to mind. The guesses can help bring earlier learning back into the room.","Empieza con algo conocido y escucha lo que se les ocurre. Sus respuestas pueden recuperar lo aprendido anteriormente.","Website interface: <dd>","pages/SurveyShowdownPage.tsx:73","Contextual Spanish draft","Source present; runtime Spanish available"
"interface.1933","Start with the essentials","Empieza con lo esencial","Website interface: <h3>","pages/InfoPages.tsx:345","Contextual Spanish draft","Source present; runtime Spanish available"
"interface.1934","started and where we are today.","comenzó y dónde estamos hoy.","Website interface: <p>","pages/InfoPages.tsx:265","Contextual Spanish draft","Source present; runtime Spanish available"
"interface.1935","Starter","Inicial","Interface definition: title | Website interface: <h2> | Website interface: <h3>","pages/ChangePlan.tsx:16 | pages/ChangePlan.tsx:131 | pages/ChangePlan.tsx:132 | pages/ChangePlan.tsx:322 | pages/InfoPages.tsx:454","Contextual Spanish draft","Source present; runtime Spanish available"
"interface.1936","Starter Account","Cuenta Inicial","Account and profile","pages/Profile.tsx:69","Contextual Spanish draft","Source present; runtime Spanish available"
"interface.1937","Starter quiz","Juego para empezar la clase","Footer landing page: public information for teachers","pages/SeoLandingPages.tsx:55","Contextual Spanish draft","Source present; runtime Spanish available"
"interface.1938","Starts with all letters","Todas las letras usan «empieza por»","Game interface: <div>","components/games/GameConfigurator.tsx:1247","Contextual Spanish draft","Source present; runtime Spanish available"
"interface.1939","Starts with the letter","Empieza por la letra","Game controls, settings or feedback","components/games/WordWheelGame.tsx:419 | components/games/WordWheelGame.tsx:1117","Contextual Spanish draft","Source present; runtime Spanish available"
"interface.1940","steal","robo","Conditional/dynamic interface text (check the source context)","components/games/BlockBeatersGame.tsx:55 | components/games/BlockBeatersGame.tsx:91 | components/games/BlockBeatersGame.tsx:165 | components/games/BlockBeatersGame.tsx:173 | components/games/BlockBeatersGame.tsx:512 | components/games/BlockBeatersGame.tsx:633 | components/games/GameSetup.tsx:38 | components/games/GameSetup.tsx:160 | components/games/GameSetup.tsx:547 | components/games/JeopardyGame.tsx:120 | components/games/JeopardyGame.tsx:125 | components/games/JeopardyGame.tsx:133 | components/games/JeopardyGame.tsx:225 | components/games/JeopardyGame.tsx:386 | components/games/TriviaGame.tsx:124 | components/games/TriviaGame.tsx:131 | components/games/TriviaGame.tsx:139 | components/games/TriviaGame.tsx:275 | components/games/TriviaGame.tsx:482","Contextual Spanish draft","Source present; runtime Spanish available"
"interface.1941","Steal available","Robo disponible","Conditional/dynamic interface text (check the source context)","components/games/BlockBeatersGame.tsx:1072","Contextual Spanish draft","Source present; runtime Spanish available"
"interface.1942","Steal this tile's value from the current leader!","¡Roba el valor de esta casilla al equipo que va primero!","Game controls, settings or feedback","components/games/JeopardyGame.tsx:133 | components/games/TriviaGame.tsx:139","Contextual Spanish draft","Source present; runtime Spanish available"
"interface.1943","Steal tile","Robar casilla","Game controls, settings or feedback","components/games/BlockBeatersGame.tsx:165 | components/games/GameSetup.tsx:602","Contextual Spanish draft","Source present; runtime Spanish available"
"interface.1944","Steal used","Robo utilizado","Conditional/dynamic interface text (check the source context)","components/games/BlockBeatersGame.tsx:1072","Contextual Spanish draft","Source present; runtime Spanish available"
"interface.1945","steals","robos","Conditional/dynamic interface text (check the source context)","components/games/GameSetup.tsx:547","Contextual Spanish draft","Source present; runtime Spanish available"
"interface.1946","Steals","Robos","Game interface: <div>","components/games/BlockBeatersGame.tsx:1050","Contextual Spanish draft","Source present; runtime Spanish available"
"interface.1947","Steals per team","Robos por equipo","Game interface: <label>","components/games/GameSetup.tsx:540","Contextual Spanish draft","Source present; runtime Spanish available"
"interface.1948","Step 1","Paso 1","Visible/accessibility attribute: title","pages/Games.tsx:2931","Contextual Spanish draft","Source present; runtime Spanish available"
"interface.1949","Step 2","Paso 2","Visible/accessibility attribute: title","pages/Games.tsx:2940","Contextual Spanish draft","Source present; runtime Spanish available"
"interface.1950","Step 3","Paso 3","Visible/accessibility attribute: title","pages/Games.tsx:2949","Contextual Spanish draft","Source present; runtime Spanish available"
"interface.1951","Stock Image Bank","Banco de imágenes","Website interface: <div>","components/shared/StockImagePicker.tsx:217","Contextual Spanish draft","Source present; runtime Spanish available"
"interface.1952","Stock image search is not configured. Set PIXABAY_API_KEY on the server (and/or VITE_PIXABAY_API_KEY for local fallback).","La búsqueda de imágenes no está configurada. Configura PIXABAY_API_KEY en el servidor o VITE_PIXABAY_API_KEY para el modo local.","Conditional/dynamic interface text (check the source context)","components/shared/StockImagePicker.tsx:272","Contextual Spanish draft","Source present; runtime Spanish available"
"interface.1953","Stock image search uses Pexels and may use Pixabay as a fallback, through our server-side API route/proxy.","La búsqueda de imágenes utiliza Pexels y puede recurrir a Pixabay como alternativa, a través de nuestra API del servidor.","Website interface: <li>","pages/InfoPages.tsx:832","Contextual Spanish draft","Source present; runtime Spanish available"
"interface.1954","Stop","Parar","Stop the round timer.","components/games/StopTheFireGame.tsx:1209 | data/i18n/interface.json: game.stop","Contextual Spanish draft","Source present; runtime Spanish available"
"interface.1955","Stop dictation","Detener dictado","Conditional/dynamic interface text (check the source context)","components/games/AiAssistantChat.tsx:358 | components/games/GameConfigurator.tsx:1831 | components/games/GameConfigurator.tsx:1836","Contextual Spanish draft","Source present; runtime Spanish available"
"interface.1956","Stop the Fire","Stop the Fire","Website interface: <SafeLink> | Interface definition: ""name""","components/Layout.tsx:500 | pages/Games.tsx:2178 | pages/StopTheFirePage.tsx:7","Contextual Spanish draft","Source present; runtime Spanish available"
"interface.1957","Stop the Fire category cards and the letter P bursting forward above a fiery countdown","Tarjetas de categorías y letra P de Stop the Fire destacadas sobre una cuenta atrás de fuego","Game format information","pages/StopTheFirePage.tsx:10","Contextual Spanish draft","Source present; runtime Spanish available"
"interface.1958","Stop the Fire final team scores with Foxes and Owls on the podium","Puntuaciones finales de Stop the Fire con Foxes y Owls en el podio","Interface definition: ""alt""","pages/StopTheFirePage.tsx:29","Contextual Spanish draft","Source present; runtime Spanish available"
"interface.1959","Stop the Fire scoring screen comparing Foxes and Owls answers one category at a time","Pantalla de puntuación de Stop the Fire que compara las respuestas de Foxes y Owls categoría a categoría","Interface definition: ""alt""","pages/StopTheFirePage.tsx:23","Contextual Spanish draft","Source present; runtime Spanish available"
"interface.1960","Stop the Fire setup showing teams, difficulty, category choices, timer and a preview of the letter","Configuración de Stop the Fire con equipos, dificultad, categorías, temporizador y vista previa de la letra","Interface definition: ""alt""","pages/StopTheFirePage.tsx:17","Contextual Spanish draft","Source present; runtime Spanish available"
"interface.1961","Stop the Fire uses a built-in category bank","Stop the Fire utiliza un banco de categorías integrado","Game interface: <h2>","components/games/GameEditor.tsx:999","Contextual Spanish draft","Source present; runtime Spanish available"
"interface.1962","Stop the Fire uses a curated bank of 1000 categories. You will choose difficulty, category count, timer, and letter inside the game setup card.","Stop the Fire utiliza un banco de 1000 categorías seleccionadas. Elige la dificultad, el número de categorías, el temporizador y la letra en la configuración de la partida.","Game interface: <p>","components/games/GameConfigurator.tsx:1116","Contextual Spanish draft","Source present; runtime Spanish available"
"interface.1963","Stop the Fire?","¿Parar el fuego?","Game interface: <h2>","components/games/StopTheFireGame.tsx:1420","Contextual Spanish draft","Source present; runtime Spanish available"
"interface.1964","Storage Used","Almacenamiento utilizado","Website interface: <span>","components/school/SchoolStorageManager.tsx:450","Contextual Spanish draft","Source present; runtime Spanish available"
"interface.1965","Strategic team quiz based on categories.","Cuestionario estratégico por equipos y categorías.","Website interface","pages/Games.tsx:1829","Contextual Spanish draft","Source present; runtime Spanish available"
"interface.1966","Strict Mode: Answer must start with ""What is...""","Modo estricto: la respuesta debe empezar por «What is...»","Game interface: <div>","components/games/JeopardyGame.tsx:976 | components/games/JeopardyGame.tsx:1055 | components/games/JeopardyGame.tsx:1075","Contextual Spanish draft","Source present; runtime Spanish available"
"interface.1967","Strike","Fallo","Game interface: <span>","components/games/SurveyShowdownGame.tsx:920","Contextual Spanish draft","Source present; runtime Spanish available"
"interface.1968","Strikes","Fallos","Game interface: <label>","components/games/SurveyShowdownGame.tsx:993","Contextual Spanish draft","Source present; runtime Spanish available"
"interface.1969","Strings","Cuerdas","Interface definition: label","pages/LiveQuizHost.tsx:79","Contextual Spanish draft","Source present; runtime Spanish available"
"interface.1970","Stuart Scott","Stuart Scott","Website interface: <strong>","data/i18n/spanish-spain.json","Contextual Spanish draft","Retained vocabulary / fallback wording"
"interface.1971","stuartscottai@gmail.com","stuartscottai@gmail.com","Website interface: <a>","pages/InfoPages.tsx:746 | pages/InfoPages.tsx:765 | pages/InfoPages.tsx:903","Contextual Spanish draft","Source present; runtime Spanish available"
"interface.1972","Student link","Enlace para el alumnado","Game interface: <div>","components/games/StudentShareModal.tsx:68","Contextual Spanish draft","Source present; runtime Spanish available"
"interface.1973","Student Practice","Práctica para el alumnado","Take-home student game introduction.","components/games/StudentShareModal.tsx:48 | pages/StudentGame.tsx:158 | data/i18n/interface.json: practice.start","Contextual Spanish draft","Source present; runtime Spanish available"
"interface.1974","Student practice sharing is not available for this game type.","La práctica compartida con el alumnado no está disponible para este tipo de juego.","User message: alert","components/games/GameEditor.tsx:451 | pages/Games.tsx:2513 | pages/ShareGame.tsx:233","Contextual Spanish draft","Source present; runtime Spanish available"
"interface.1975","Student share","Compartir con el alumnado","Game interface: <button>","components/games/GameEditor.tsx:880 | components/games/GamePreview.tsx:628","Contextual Spanish draft","Source present; runtime Spanish available"
"interface.1976","Students can join without needing teacher accounts.","El alumnado puede unirse sin necesidad de una cuenta docente.","Footer landing page: public information for teachers","pages/SeoLandingPages.tsx:52","Contextual Spanish draft","Source present; runtime Spanish available"
"interface.1977","Students scan the QR code or enter your joining code. Their names appear as they arrive, so you can wait until everyone is ready before starting.","El alumnado escanea el QR o introduce el código de acceso. Los nombres aparecen al unirse, así que puedes esperar hasta que todos estén listos para empezar.","Website interface: <Screenshot>","pages/LiveQuizPage.tsx:54","Contextual Spanish draft","Source present; runtime Spanish available"
"interface.1978","Study cards","Tarjetas de estudio","Game interface: <button>","components/games/GamePreview.tsx:655","Contextual Spanish draft","Source present; runtime Spanish available"
"interface.1979","Subfolder name","Nombre de la subcarpeta","Conditional/dynamic interface text (check the source context)","components/school/SchoolStorageManager.tsx:543","Contextual Spanish draft","Source present; runtime Spanish available"
"interface.1980","Subfolders","Subcarpetas","Website interface: <h3>","components/school/SchoolStorageManager.tsx:578","Contextual Spanish draft","Source present; runtime Spanish available"
"interface.1981","Submit","Enviar","Game interface: <button>","components/games/WordWheelGame.tsx:1571","Contextual Spanish draft","Source present; runtime Spanish available"
"interface.1982","Submitted","Enviado","Website interface: <div>","pages/LiveQuizStudent.tsx:591","Contextual Spanish draft","Source present; runtime Spanish available"
"interface.1983","Submitted:","Enviado:","Website interface: <p>","pages/Profile.tsx:586","Contextual Spanish draft","Source present; runtime Spanish available"
"interface.1984","Subscription and school-plan features are currently in beta and no subscription fees are being charged. If paid subscriptions, credits, or school plans are introduced, additional pricing and billing terms may apply. Unless required by law, fees are non-refundable after service is delivered.","Las suscripciones y las funciones del plan Centro están actualmente en fase beta y no se cobra ninguna cuota. Si se introducen suscripciones, créditos o planes de centro de pago, pueden aplicarse condiciones adicionales de precios y facturación. Salvo obligación legal, los importes no son reembolsables una vez prestado el servicio.","Website interface: <p>","pages/InfoPages.tsx:713","Contextual Spanish draft","Source present; runtime Spanish available"
"interface.1985","Successful AI generations by this teacher.","Creaciones con IA completadas por este docente.","School administration","pages/SchoolAdmin.tsx:436","Contextual Spanish draft","Source present; runtime Spanish available"
"interface.1986","Successfully synced {result.count} games.","Se han sincronizado {result.count} juegos.","Interface definition: text","pages/Profile.tsx:271","Contextual Spanish draft","Source present; runtime Spanish available"
"interface.1987","Supabase is used for authentication, database storage, and file storage.","Supabase se utiliza para la autenticación, el almacenamiento de la base de datos y de los archivos.","Website interface: <li>","pages/InfoPages.tsx:830","Contextual Spanish draft","Source present; runtime Spanish available"
"interface.1988","Support","Soporte","Website interface: <h3>","components/Layout.tsx:518","Contextual Spanish draft","Source present; runtime Spanish available"
"interface.1989","Survey answers","Respuestas de la encuesta","Game controls, settings or feedback","components/games/GameEditor.tsx:1346","Contextual Spanish draft","Source present; runtime Spanish available"
"interface.1990","Survey points","Puntos de encuesta","Game interface: <span>","components/games/GameConfigurator.tsx:1179","Contextual Spanish draft","Source present; runtime Spanish available"
"interface.1991","Survey Showdown","Survey Showdown","Website interface: <SafeLink> | Interface definition: title | Website interface: <span>","components/Layout.tsx:499 | pages/Games.tsx:2178 | pages/Home.tsx:64 | pages/SurveyShowdownPage.tsx:28","Contextual Spanish draft","Source present; runtime Spanish available"
"interface.1992","Survey Showdown blue and gold answer board with Paper and Cardboard tiles bursting forward","Tablero azul y dorado de Survey Showdown con las casillas Paper y Cardboard destacadas","Visible/accessibility attribute: alt","pages/SurveyShowdownPage.tsx:37","Contextual Spanish draft","Source present; runtime Spanish available"
"interface.1993","Survey Showdown final podium with Foxes and Owls","Podio final de Survey Showdown con Foxes y Owls","Visible/accessibility attribute: alt","pages/SurveyShowdownPage.tsx:55","Contextual Spanish draft","Source present; runtime Spanish available"
"interface.1994","Survey Showdown geography question with five European countries revealed","Pregunta de geografía de Survey Showdown con cinco países europeos mostrados","Visible/accessibility attribute: alt","pages/SurveyShowdownPage.tsx:50","Contextual Spanish draft","Source present; runtime Spanish available"
"interface.1995","Survey Showdown red X appearing after an incorrect guess","X roja de Survey Showdown tras una respuesta incorrecta","Visible/accessibility attribute: alt","pages/SurveyShowdownPage.tsx:54","Contextual Spanish draft","Source present; runtime Spanish available"
"interface.1996","Survey Showdown.","Survey Showdown.","Website interface: <h1>","pages/SurveyShowdownPage.tsx:31","Contextual Spanish draft","Source present; runtime Spanish available"
"interface.1997","Swap one of your tiles with an opponent tile.","Intercambia una de tus casillas con una del equipo rival.","Game controls, settings or feedback","components/games/BlockBeatersGame.tsx:177 | components/games/GameSetup.tsx:606","Contextual Spanish draft","Source present; runtime Spanish available"
"interface.1998","Swap positions","Intercambiar posiciones","Interface definition: label","components/games/GameSetup.tsx:24","Contextual Spanish draft","Source present; runtime Spanish available"
"interface.1999","Swap tile","Intercambiar casillas","Game controls, settings or feedback","components/games/BlockBeatersGame.tsx:169 | components/games/GameSetup.tsx:606","Contextual Spanish draft","Source present; runtime Spanish available"
"interface.2000","Swap with {name}","Intercambiar con {name}","Game controls, settings or feedback","components/games/SnakesLaddersGame.tsx:2567","Contextual Spanish draft","Source present; runtime Spanish available"
"interface.2001","Switch game to {gameAppearance === 'light' ? 'dark' : 'bright'} appearance","Cambiar la apariencia de la partida a {gameAppearance === 'light' ? 'dark' : 'bright'}","Conditional/dynamic interface text (check the source context)","data/i18n/spanish-spain.json","Contextual Spanish draft","Retained vocabulary / fallback wording"
"interface.2002","Switch game to bright appearance","Cambiar la partida al modo claro","Website interface","components/Layout.tsx:211 | components/Layout.tsx:310","Contextual Spanish draft","Source present; runtime Spanish available"
"interface.2003","Switch game to dark appearance","Cambiar la partida al modo oscuro","Website interface","components/Layout.tsx:211 | components/Layout.tsx:310","Contextual Spanish draft","Source present; runtime Spanish available"
"interface.2004","Switch to {target === 'teacher' ? 'Teacher Plan' : 'Starter'}? This removes your active school membership for this account. Downgrades are only allowed when all school members are inactive. If you own the school, affiliated members are moved to Starter.","¿Cambiar al plan {target === 'teacher' ? 'Teacher Plan' : 'Starter'}? Esta cuenta dejará de pertenecer a tu centro. Solo puedes cambiar a un plan inferior si todos los miembros del centro están inactivos. Si eres su propietario, los miembros pasarán al plan Inicial.","Account and profile","pages/ChangePlan.tsx:132","Contextual Spanish draft","Source present; runtime Spanish available"
"interface.2005","Switch to {target === 'teacher' ? 'Teacher Plan' : 'Starter'}? This removes your school membership for this account.","¿Cambiar al plan {target === 'teacher' ? 'Teacher Plan' : 'Starter'}? Esta cuenta dejará de pertenecer a tu centro.","Account and profile","pages/ChangePlan.tsx:131","Contextual Spanish draft","Source present; runtime Spanish available"
"interface.2006","Switch To School Plan","Cambiar al plan Centro","Conditional/dynamic interface text (check the source context)","pages/ChangePlan.tsx:447","Contextual Spanish draft","Source present; runtime Spanish available"
"interface.2007","Switch To Starter","Cambiar al plan Inicial","Conditional/dynamic interface text (check the source context)","pages/ChangePlan.tsx:351 | pages/ChangePlan.tsx:356","Contextual Spanish draft","Source present; runtime Spanish available"
"interface.2008","Switch To Teacher Plan","Cambiar al plan Docente","Conditional/dynamic interface text (check the source context)","pages/ChangePlan.tsx:398","Contextual Spanish draft","Source present; runtime Spanish available"
"interface.2009","Switching...","Cambiando...","Conditional/dynamic interface text (check the source context)","pages/ChangePlan.tsx:355 | pages/ChangePlan.tsx:397 | pages/ChangePlan.tsx:518","Contextual Spanish draft","Source present; runtime Spanish available"
"interface.2010","Sync failed: {result.error}","Error de sincronización: {result.error}","Interface definition: text","pages/Profile.tsx:273","Contextual Spanish draft","Source present; runtime Spanish available"
"interface.2011","Syncing...","Sincronizando...","Conditional/dynamic interface text (check the source context)","pages/Profile.tsx:707","Contextual Spanish draft","Source present; runtime Spanish available"
"interface.2012","Take a quick tour?","¿Quieres una visita guiada rápida?","Website interface: <h2>","pages/Home.tsx:247","Contextual Spanish draft","Source present; runtime Spanish available"
"interface.2013","Take a turn, tackle a question and find out where the next roll will take you.","Juega tu turno, resuelve una pregunta y descubre adónde te lleva la siguiente tirada.","Game format information","pages/SnakesAndLaddersPage.tsx:11","Contextual Spanish draft","Source present; runtime Spanish available"
"interface.2014","Take another turn","Jugar otro turno","Interface definition: label","components/games/GameSetup.tsx:25","Contextual Spanish draft","Source present; runtime Spanish available"
"interface.2015","Take one more turn immediately.","Juega otro turno inmediatamente.","Game controls, settings or feedback","components/games/GameSetup.tsx:605","Contextual Spanish draft","Source present; runtime Spanish available"
"interface.2016","Take turns revisiting the ideas that need another look. The change from choosing a target to answering a question gives the lesson a natural rhythm.","Repasad por turnos las ideas que necesitan otra mirada. Pasar de elegir un objetivo a responder una pregunta da un ritmo natural a la clase.","Game format information","pages/DartsChallengePage.tsx:50","Contextual Spanish draft","Source present; runtime Spanish available"
"interface.2017","Take-home student practice:","Práctica del alumnado en casa:","Website interface: <strong>","pages/InfoPages.tsx:788","Contextual Spanish draft","Source present; runtime Spanish available"
"interface.2018","Taking you to the dartboard…","Preparando la diana…","Game interface: <div>","components/games/DartsGame.tsx:1216","Contextual Spanish draft","Source present; runtime Spanish available"
"interface.2019","tamminen","tamminen","Game interface: <strong>","components/games/SnakesLaddersGame.tsx:3022","Contextual Spanish draft","Source present; runtime Spanish available"
"interface.2020","Tap or click to adjust. Drag to move; pinch or scroll to zoom. Tap outside to finish.","Toca o haz clic para ajustar. Arrastra para mover; pellizca o desplaza la rueda para ampliar. Toca fuera para terminar.","Game interface: <p>","components/games/InteractiveGameCover.tsx:96","Contextual Spanish draft","Source present; runtime Spanish available"
"interface.2021","Target:","Objetivo:","Game interface: <div>","components/games/DartsGame.tsx:1290","Contextual Spanish draft","Source present; runtime Spanish available"
"interface.2022","Target: Ladder Boost!","Objetivo: ¡sube por la escalera!","Interface definition: text","components/games/SnakesLaddersGame.tsx:2180","Contextual Spanish draft","Source present; runtime Spanish available"
"interface.2023","Target: Snake Hazard!","Objetivo: ¡cuidado con la serpiente!","Interface definition: text","components/games/SnakesLaddersGame.tsx:2179","Contextual Spanish draft","Source present; runtime Spanish available"
"interface.2024","Target: Square {target + 1}","Objetivo: casilla {target + 1}","Interface definition: text","components/games/SnakesLaddersGame.tsx:2182","Contextual Spanish draft","Source present; runtime Spanish available"
"interface.2025","Teacher","Docente","Website interface: <th>","components/games/GameEditor.tsx:275 | components/games/GamePreview.tsx:600 | pages/Games.tsx:1665 | pages/Games.tsx:1673 | pages/Games.tsx:1675 | pages/Games.tsx:1677 | pages/Games.tsx:1680 | pages/Games.tsx:2096 | pages/Games.tsx:2414 | pages/Profile.tsx:66 | pages/SchoolAdmin.tsx:417 | pages/SchoolAdmin.tsx:792 | pages/ShareGame.tsx:65 | pages/StudentGame.tsx:149 | contexts/AuthContext.tsx:58","Contextual Spanish draft","Source present; runtime Spanish available"
"interface.2026","Teacher directory","Directorio de docentes","Website interface: <h2>","pages/SchoolAdmin.tsx:702","Contextual Spanish draft","Source present; runtime Spanish available"
"interface.2027","Teacher disconnected","Docente desconectado","Visible/accessibility attribute: title","pages/LiveQuizStudent.tsx:336","Contextual Spanish draft","Source present; runtime Spanish available"
"interface.2028","Teacher email address","Correo del docente","Website interface: <label>","pages/SchoolAdmin.tsx:943","Contextual Spanish draft","Source present; runtime Spanish available"
"interface.2029","Teacher invitation message","Mensaje de invitación al docente","Visible/accessibility attribute: aria-label","pages/SchoolAdmin.tsx:961","Contextual Spanish draft","Source present; runtime Spanish available"
"interface.2030","Teacher invites","Invitaciones a docentes","Website interface: <h2>","pages/ChangePlan.tsx:42 | pages/SchoolAdmin.tsx:938","Contextual Spanish draft","Source present; runtime Spanish available"
"interface.2031","Teacher Name","Nombre del docente","Visible/accessibility attribute: placeholder","components/LoginModal.tsx:262","Contextual Spanish draft","Source present; runtime Spanish available"
"interface.2032","Teacher Plan","Docente","Website interface: <div> | Interface definition: title | Website interface: <h2> | Website interface: <h3>","components/PlanUpgradeModal.tsx:52 | pages/ChangePlan.tsx:26 | pages/ChangePlan.tsx:131 | pages/ChangePlan.tsx:132 | pages/ChangePlan.tsx:366 | pages/InfoPages.tsx:435 | pages/InfoPages.tsx:479 | pages/Profile.tsx:68","Contextual Spanish draft","Source present; runtime Spanish available"
"interface.2033","Teacher share","Compartir con docentes","Game interface: <button>","components/games/GameEditor.tsx:879 | components/games/GamePreview.tsx:627","Contextual Spanish draft","Source present; runtime Spanish available"
"interface.2034","Teacher spots","Plazas docentes","Website interface: <h2>","pages/SchoolAdmin.tsx:865","Contextual Spanish draft","Source present; runtime Spanish available"
"interface.2035","Teacher's Desk Background","Fondo de escritorio docente","Visible/accessibility attribute: alt","pages/Home.tsx:293","Contextual Spanish draft","Source present; runtime Spanish available"
"interface.2036","teacher@school.edu","docente@centro.edu","Visible/accessibility attribute: placeholder","pages/SchoolAdmin.tsx:949","Contextual Spanish draft","Source present; runtime Spanish available"
"interface.2037","Teachers","Docentes","Interface definition: label","pages/SchoolAdmin.tsx:610","Contextual Spanish draft","Source present; runtime Spanish available"
"interface.2038","Teachers can enter this code during sign up. Their access stays pending until you approve it.","Los docentes pueden introducir este código al registrarse. Su acceso queda pendiente hasta que lo apruebes.","Website interface: <p>","pages/SchoolAdmin.tsx:913","Contextual Spanish draft","Source present; runtime Spanish available"
"interface.2039","Teachers can save files here. Admins organise folders and file placement.","Los docentes pueden guardar archivos aquí. Los administradores organizan las carpetas y la ubicación de los archivos.","Website interface: <p>","components/school/SchoolStorageManager.tsx:446","Contextual Spanish draft","Source present; runtime Spanish available"
"interface.2040","Teachers'","Teachers'","Website interface: <span>","data/i18n/spanish-spain.json","Contextual Spanish draft","Retained vocabulary / fallback wording"
"interface.2041","Teal","Turquesa","Interface definition: name","components/games/BlockBeatersGame.tsx:78","Contextual Spanish draft","Source present; runtime Spanish available"
"interface.2042","Team","Equipo","Website interface: <span>","pages/BlogPost.tsx:55 | pages/BlogPost.tsx:85","Contextual Spanish draft","Source present; runtime Spanish available"
"interface.2043","Team {idx + 1} name","Nombre del equipo {idx + 1}","Conditional/dynamic interface text (check the source context)","components/games/GameSetup.tsx:254","Contextual Spanish draft","Source present; runtime Spanish available"
"interface.2044","Team {number}","Equipo {number}","Default team name only. Keep custom teacher/player names unchanged. Preserve {number}.","data/i18n/interface.json: game.team","Contextual Spanish draft","Source present; runtime Spanish available"
"interface.2045","Team challenge","Reto por equipos","Footer landing page: public information for teachers","pages/SeoLandingPages.tsx:55","Contextual Spanish draft","Source present; runtime Spanish available"
"interface.2046","Team count locks after scoring starts.","El número de equipos no se puede cambiar una vez iniciada la puntuación.","Game interface: <p>","components/games/StopTheFireGame.tsx:1008","Contextual Spanish draft","Source present; runtime Spanish available"
"interface.2047","Team Name","Nombre del equipo","Game interface: <label>","components/games/JeopardyGame.tsx:870 | components/games/PubQuizGame.tsx:831 | components/games/SurveyShowdownGame.tsx:969 | components/games/TriviaGame.tsx:919 | components/games/WordWheelGame.tsx:1748","Contextual Spanish draft","Source present; runtime Spanish available"
"interface.2048","Team Names","Nombres de los equipos","Game interface: <label>","components/games/StopTheFireGame.tsx:1013","Contextual Spanish draft","Source present; runtime Spanish available"
"interface.2049","Team positions","Posiciones de los equipos","Visible/accessibility attribute: aria-label","components/games/SnakesLaddersGame.tsx:2445","Contextual Spanish draft","Source present; runtime Spanish available"
"interface.2050","Team quiz","Juego de preguntas por equipos","Footer landing page: public information for teachers","pages/SeoLandingPages.tsx:41","Contextual Spanish draft","Source present; runtime Spanish available"
"interface.2051","teams","equipos","Conditional/dynamic interface text (check the source context) | Website interface: <p>","components/games/GameSetup.tsx:728 | components/games/shared/WinnerCeremonyHero.tsx:464 | pages/LiveQuizHost.tsx:676","Contextual Spanish draft","Source present; runtime Spanish available"
"interface.2052","Teams","Equipos","Game interface: <h2>","components/games/GameSetup.tsx:224","Contextual Spanish draft","Source present; runtime Spanish available"
"interface.2053","Teams can retake owned tiles.","Los equipos pueden recuperar casillas conquistadas.","Game interface: <span>","components/games/GameSetup.tsx:534","Contextual Spanish draft","Source present; runtime Spanish available"
"interface.2054","Teams have a limited supply of clues to reveal letters when they need a nudge. Choose straightforward scoring or try the mode that rewards quicker answers.","Los equipos disponen de un número limitado de pistas para mostrar letras cuando necesiten ayuda. Elige una puntuación sencilla o prueba el modo que premia las respuestas rápidas.","Website interface: <dd>","pages/WordWheelPage.tsx:67","Contextual Spanish draft","Source present; runtime Spanish available"
"interface.2055","Teams keep playing while they have lives left, with the last team standing taking the win. You can also end the game early when it is time to move on.","Los equipos siguen jugando mientras les queden vidas, y gana el último que siga en pie. También puedes finalizar la partida antes si necesitas pasar a otra actividad.","Website interface: <Screenshot>","pages/TimeBombPage.tsx:55","Contextual Spanish draft","Source present; runtime Spanish available"
"interface.2056","teams.","equipos.","Game interface: <div>","components/games/GameSetup.tsx:415","Contextual Spanish draft","Source present; runtime Spanish available"
"interface.2057","Technical data:","Datos técnicos:","Website interface: <strong>","pages/InfoPages.tsx:780","Contextual Spanish draft","Source present; runtime Spanish available"
"interface.2058","Tell the assistant what you're teaching. It can suggest a format and draft questions for you to review before playing.","Cuéntale al asistente qué estás enseñando. Puede sugerirte un formato y preparar preguntas para que las revises antes de jugar.","Website interface: <p>","pages/Games.tsx:1972","Contextual Spanish draft","Source present; runtime Spanish available"
"interface.2059","Terms","Condiciones","Website interface: <a>","components/LoginModal.tsx:368","Contextual Spanish draft","Source present; runtime Spanish available"
"interface.2060","Terms of Service","Condiciones de uso","Website interface: <SafeLink> | Website interface: <h1>","components/Layout.tsx:527 | pages/InfoPages.tsx:635","Contextual Spanish draft","Source present; runtime Spanish available"
"interface.2061","Test Sound","Probar sonido","Visible/accessibility attribute: title","components/games/GameSetup.tsx:785","Contextual Spanish draft","Source present; runtime Spanish available"
"interface.2062","Thanks for reaching out. We'll get back to you shortly.","Gracias por escribirnos. Te responderemos pronto.","Website interface: <p>","pages/InfoPages.tsx:561","Contextual Spanish draft","Source present; runtime Spanish available"
"interface.2063","Thanks, hang up","Gracias, colgar","Game interface: <button>","components/games/MillionaireGame.tsx:852","Contextual Spanish draft","Source present; runtime Spanish available"
"interface.2064","The","The","Website interface: <span>","data/i18n/spanish-spain.json","Contextual Spanish draft","Retained vocabulary / fallback wording"
"interface.2065","The AI will choose a suitable stock image for each question.","La IA elegirá una imagen de archivo adecuada para cada pregunta.","Game interface: <span>","components/games/GameConfigurator.tsx:1779","Contextual Spanish draft","Source present; runtime Spanish available"
"interface.2066","The board gives every turn a small decision to make. The question gives everyone a reason to think before the dart is thrown.","El tablero plantea una pequeña decisión en cada turno. La pregunta hace que todos piensen antes de lanzar el dardo.","Game format information","pages/DartsChallengePage.tsx:12","Contextual Spanish draft","Source present; runtime Spanish available"
"interface.2067","The bomb will remain armed.","La bomba seguirá activada.","Game interface: <p>","components/games/TimeBombGame.tsx:2285","Contextual Spanish draft","Source present; runtime Spanish available"
"interface.2068","The clock is ticking, and nobody wants to be left holding the bomb! Get your students thinking on their feet as they answer questions and pass it to the next team.","El reloj corre y nadie quiere quedarse con la bomba. ¡Anima al alumnado a pensar rápido, responder y pasarla al siguiente equipo!","Website interface: <p>","pages/TimeBombPage.tsx:32","Contextual Spanish draft","Source present; runtime Spanish available"
"interface.2069","The cover could not be uploaded. Please try again.","No se ha podido subir la portada. Inténtalo de nuevo.","Game controls, settings or feedback","components/games/GameCoverEditor.tsx:63","Contextual Spanish draft","Source present; runtime Spanish available"
"interface.2070","The End of Grading Homework?","¿El fin de poner nota a los deberes?","Blog article 3: title","data/blogPosts.ts: article 3, title | data/blogPosts.es.ts: article 3, title","Contextual Spanish draft","Source present; runtime Spanish available"
"interface.2071","The game will stop and move to the winners screen.","La partida se detendrá y se mostrará la pantalla de ganadores.","Game interface: <p>","components/games/DartsGame.tsx:1624 | components/games/JeopardyGame.tsx:1328 | components/games/PubQuizGame.tsx:1243 | components/games/SnakesLaddersGame.tsx:3056 | components/games/SurveyShowdownGame.tsx:1055 | components/games/TimeBombGame.tsx:2298 | components/games/TriviaGame.tsx:1364","Contextual Spanish draft","Source present; runtime Spanish available"
"interface.2072","The game will stop immediately and all remaining answers will be revealed.","La partida se detendrá inmediatamente y se mostrarán todas las respuestas restantes.","Game interface: <p>","components/games/WordWheelGame.tsx:1708","Contextual Spanish draft","Source present; runtime Spanish available"
"interface.2073","The goal is simple: keep the joy, lose the admin drag, and make it easier to create engaging materials whenever inspiration (or panic) strikes.","El objetivo es sencillo: conservar la diversión, reducir el trabajo administrativo y facilitar la creación de materiales atractivos cuando llegue la inspiración (o el apuro).","Website interface: <p>","pages/InfoPages.tsx:278","Contextual Spanish draft","Source present; runtime Spanish available"
"interface.2074","The host screen is no longer connected, so this live quiz has paused or ended.","La pantalla del anfitrión ya no está conectada, por lo que esta partida de Live Quiz se ha pausado o finalizado.","Visible/accessibility attribute: message","pages/LiveQuizStudent.tsx:337","Contextual Spanish draft","Source present; runtime Spanish available"
"interface.2075","The image teachers see in the community. Your question images stay separate.","La imagen que ve el profesorado en la comunidad. Las imágenes de las preguntas se mantienen separadas.","Game interface: <p>","components/games/GameCoverEditor.tsx:75","Contextual Spanish draft","Source present; runtime Spanish available"
"interface.2076","The image teachers see in the library","La imagen que ve el profesorado en la biblioteca","Game interface: <span>","components/games/GameCoverEditor.tsx:89","Contextual Spanish draft","Source present; runtime Spanish available"
"interface.2077","The images could not be checked. You can return and try again.","No se han podido comprobar las imágenes. Puedes volver e intentarlo de nuevo.","Game interface: <p>","components/games/GameImagePreparation.tsx:116","Contextual Spanish draft","Source present; runtime Spanish available"
"interface.2078","The live quiz is no longer available. Your teacher may have closed the session.","El Live Quiz ya no está disponible. Es posible que tu docente haya cerrado la sesión.","Visible/accessibility attribute: message","pages/LiveQuizStudent.tsx:319","Contextual Spanish draft","Source present; runtime Spanish available"
"interface.2079","The next player in turn order misses one turn.","El siguiente jugador pierde un turno.","Interface definition: description","components/games/GameSetup.tsx:26","Contextual Spanish draft","Source present; runtime Spanish available"
"interface.2080","The platform is designed for teachers/professional users. Students under 18 should not directly use the platform account features.","La plataforma está diseñada para docentes y usuarios profesionales. Los menores de 18 años no deben utilizar directamente las funciones de cuenta.","Website interface: <li>","pages/InfoPages.tsx:647","Contextual Spanish draft","Source present; runtime Spanish available"
"interface.2081","The platform software, design, branding, and non-user content are owned by us or our licensors.","El software, diseño, marca y contenido de la plataforma que no pertenece a los usuarios son propiedad nuestra o de nuestros licenciantes.","Website interface: <li>","pages/InfoPages.tsx:695","Contextual Spanish draft","Source present; runtime Spanish available"
"interface.2082","The problem was prep time. Building quality games from scratch took forever, and many ready-made resources never matched what I was actually teaching that day. I wanted something flexible enough to follow real classroom life, not the other way around.","El problema era el tiempo de preparación. Crear buenos juegos desde cero llevaba una eternidad, y muchos recursos ya preparados no encajaban con lo que enseñaba ese día. Quería algo flexible que siguiera el ritmo real del aula, no al revés.","Website interface: <p>","pages/InfoPages.tsx:274","Contextual Spanish draft","Source present; runtime Spanish available"
"interface.2083","The pupils recognise the game formats now and get started straight away. It has made review lessons feel calmer and more purposeful.","Ahora los alumnos reconocen los tipos de juego y empiezan enseguida. Las clases de repaso son más tranquilas y tienen un objetivo más claro.","Website interface","components/TestimonialCarousel.tsx:36","Contextual Spanish draft","Source present; runtime Spanish available"
"interface.2084","The QR code and link sharing are really useful. Students can open a review game at home, practise the key ideas, and come back ready to build on them.","Compartir mediante códigos QR y enlaces es muy útil. Los alumnos pueden abrir un juego de repaso en casa, practicar las ideas clave y volver preparados para seguir avanzando.","Website interface","components/TestimonialCarousel.tsx:76","Contextual Spanish draft","Source present; runtime Spanish available"
"interface.2085","The real Snakes and Ladders board with coloured team pieces, dice, snakes and ladders lifting out in 3D","Tablero real de Snakes and Ladders con fichas de colores, dado, serpientes y escaleras destacadas en 3D","Game format information","pages/SnakesAndLaddersPage.tsx:10","Contextual Spanish draft","Source present; runtime Spanish available"
"interface.2086","The service is currently operated as a non-charging beta side project by","El servicio funciona actualmente como un proyecto personal en fase beta y gratuito, gestionado por","Website interface: <p>","pages/InfoPages.tsx:641","Contextual Spanish draft","Source present; runtime Spanish available"
"interface.2087","The table is yours again.","Vuelves a tener el turno.","Game controls, settings or feedback","components/games/SnakesLaddersGame.tsx:2205","Contextual Spanish draft","Source present; runtime Spanish available"
"interface.2088","The Teacher Plan and School Plan are free during early access, and no credit card information is required to sign up.","Los planes Docente y Centro son gratuitos durante el acceso anticipado y no se pide tarjeta de crédito para registrarse.","Website interface: <p>","pages/ChangePlan.tsx:281 | pages/InfoPages.tsx:448","Contextual Spanish draft","Source present; runtime Spanish available"
"interface.2089","The Teachers' Blog","El blog docente","Website interface: <h1>","pages/Blog.tsx:12","Contextual Spanish draft","Source present; runtime Spanish available"
"interface.2090","The Teachers' Room","The Teachers' Room","Website interface: <span> | Website interface: <p>","components/CompanyLogo.tsx:27","Contextual Spanish draft","Source present; runtime Spanish available"
"interface.2091","The Teachers' Room logo","Logotipo de The Teachers' Room","Visible/accessibility attribute: alt","components/CompanyLogo.tsx:22","Contextual Spanish draft","Source present; runtime Spanish available"
"interface.2092","The Teachers' Room uses your nickname and answers to run this quiz.","The Teachers' Room utiliza tu apodo y tus respuestas para gestionar esta partida de Live Quiz.","Website interface: <div>","pages/LiveQuizJoin.tsx:153","Contextual Spanish draft","Source present; runtime Spanish available"
"interface.2093","The team holding the bomb answers the question on screen. Get it right and the bomb moves on to the next team, but the countdown keeps going.","El equipo que tiene la bomba responde a la pregunta de la pantalla. Si acierta, la bomba pasa al siguiente equipo, pero la cuenta atrás continúa.","Website interface: <Screenshot>","pages/TimeBombPage.tsx:50","Contextual Spanish draft","Source present; runtime Spanish available"
"interface.2094","The winner will be decided by score, then correct answers.","La victoria se decidirá por puntuación y después por número de aciertos.","Visible/accessibility attribute: message","components/games/BlockBeatersGame.tsx:1693","Contextual Spanish draft","Source present; runtime Spanish available"
"interface.2095","There can be plenty of sensible ideas beyond the answers you prepared. Use those surprises to ask why students chose them and widen the conversation.","Puede haber muchas ideas válidas además de las respuestas que habías preparado. Aprovecha esas sorpresas para preguntar por qué las han elegido y ampliar la conversación.","Website interface: <p>","pages/SurveyShowdownPage.tsx:51","Contextual Spanish draft","Source present; runtime Spanish available"
"interface.2096","There is room for a conversation between questions, too. Ask what helped students decide, talk through a tempting wrong answer, and move on when you are ready.","También hay espacio para conversar entre preguntas. Pregunta qué les ayudó a decidir, comentad una respuesta incorrecta que parecía posible y continúa cuando quieras.","Website interface: <p>","pages/LiveQuizPage.tsx:51","Contextual Spanish draft","Source present; runtime Spanish available"
"interface.2097","There is still room for a comeback. A ladder can change the race, and a snake gives the next team something to cheer about.","Todavía puedes remontar. Una escalera cambia la carrera y una serpiente da al siguiente equipo un motivo para animarse.","Game format information","pages/SnakesAndLaddersPage.tsx:12","Contextual Spanish draft","Source present; runtime Spanish available"
"interface.2098","These categories are your word bank. Every save updates this bank.","Estas categorías son tu banco de palabras. Cada vez que guardas, se actualiza el banco.","Game interface: <p>","components/games/GameEditor.tsx:919","Contextual Spanish draft","Source present; runtime Spanish available"
"interface.2099","These Terms are governed by the laws of Spain, without regard to conflict-of-law rules. Courts located in Valencia, Spain will have exclusive jurisdiction, unless mandatory local consumer law says otherwise.","Estas Condiciones se rigen por las leyes de España, sin atender a las normas sobre conflicto de leyes. Los tribunales de Valencia, España, tendrán jurisdicción exclusiva, salvo que la legislación local obligatoria de protección de consumidores disponga otra cosa.","Website interface: <p>","pages/InfoPages.tsx:737","Contextual Spanish draft","Source present; runtime Spanish available"
"interface.2100","This game does not have saved question cards to preview. Open the editor if you want to check or build the content directly.","Este juego no tiene tarjetas de preguntas guardadas para mostrar. Abre el editor si quieres revisar o crear el contenido directamente.","Game interface: <p>","components/games/GamePreview.tsx:679","Contextual Spanish draft","Source present; runtime Spanish available"
"interface.2101","This game has {value} categories.","Este juego tiene {value} categorías.","Website interface","pages/Games.tsx:89","Contextual Spanish draft","Source present; runtime Spanish available"
"interface.2102","This game has {value} category.","Este juego tiene {value} categoría.","Website interface","pages/Games.tsx:89","Contextual Spanish draft","Source present; runtime Spanish available"
"interface.2103","This game has {value} question.","Este juego tiene {value} pregunta.","Website interface","pages/Games.tsx:88","Contextual Spanish draft","Source present; runtime Spanish available"
"interface.2104","This game has {value} questions.","Este juego tiene {value} preguntas.","Website interface","pages/Games.tsx:88","Contextual Spanish draft","Source present; runtime Spanish available"
"interface.2105","This game has {value} round.","Este juego tiene {value} ronda.","Website interface","pages/Games.tsx:90","Contextual Spanish draft","Source present; runtime Spanish available"
"interface.2106","This game has {value} rounds.","Este juego tiene {value} rondas.","Website interface","pages/Games.tsx:90","Contextual Spanish draft","Source present; runtime Spanish available"
"interface.2107","This game has been played {playCount} {playCount === 1 ? 'time' : 'times'}.","Número de partidas jugadas de este juego: {playCount}.","Conditional/dynamic interface text (check the source context)","pages/Games.tsx:76","Contextual Spanish draft","Source present; runtime Spanish available"
"interface.2108","This game is private. Make it public to share?","Este juego es privado. ¿Hacerlo público para compartirlo?","User message: window.confirm","components/games/GameEditor.tsx:410 | pages/Games.tsx:2490 | pages/ShareGame.tsx:210","Contextual Spanish draft","Source present; runtime Spanish available"
"interface.2109","This game may have been set to private or removed by the owner.","Es posible que el propietario haya hecho privado este juego o lo haya eliminado.","Website interface: <p>","pages/ShareGame.tsx:361","Contextual Spanish draft","Source present; runtime Spanish available"
"interface.2110","This game mode uses a strict format of 15 multiple-choice questions with 4 options each, sorted by increasing difficulty.","Este modo utiliza un formato fijo de 15 preguntas de opción múltiple con 4 opciones cada una, ordenadas por dificultad creciente.","Game interface: <p>","components/games/GameConfigurator.tsx:1011","Contextual Spanish draft","Source present; runtime Spanish available"
"interface.2111","This game must be public for student practice links. Make it public?","Este juego debe ser público para generar enlaces de práctica. ¿Hacerlo público?","User message: window.confirm","components/games/GameEditor.tsx:467 | pages/Games.tsx:2540 | pages/ShareGame.tsx:255","Contextual Spanish draft","Source present; runtime Spanish available"
"interface.2112","This game type is not available for student practice.","Este tipo de juego no está disponible para la práctica del alumnado.","Website interface: <div>","pages/StudentGame.tsx:187","Contextual Spanish draft","Source present; runtime Spanish available"
"interface.2113","This game uses multiple-choice questions.","Este juego utiliza preguntas de opción múltiple.","Website interface","pages/Games.tsx:92","Contextual Spanish draft","Source present; runtime Spanish available"
"interface.2114","This game uses the following Creative Commons 3D artwork.","Este juego utiliza las siguientes ilustraciones 3D con licencia Creative Commons.","Game interface: <p>","components/games/SnakesLaddersGame.tsx:3003","Contextual Spanish draft","Source present; runtime Spanish available"
"interface.2115","This is decided when the game is created.","Se decide al crear el juego.","Game interface: <p>","components/games/GameSetup.tsx:484","Contextual Spanish draft","Source present; runtime Spanish available"
"interface.2116","This mode uses an English A-Z wheel (26 clues), one clue per letter.","Este modo utiliza un rosco de la A a la Z del alfabeto inglés (26 pistas), una por letra.","Game interface: <p>","components/games/GameConfigurator.tsx:1220","Contextual Spanish draft","Source present; runtime Spanish available"
"interface.2117","This page is available to School Admin users only. If your account should have access, ask your school owner to grant admin rights.","Esta página solo está disponible para administradores de centro. Si tu cuenta debería tener acceso, pide al propietario del centro que te conceda permisos de administración.","Website interface: <p>","pages/SchoolAdmin.tsx:603","Contextual Spanish draft","Source present; runtime Spanish available"
"interface.2118","This password reset link is invalid, expired, or has already been used.","Este enlace de restablecimiento no es válido, ha caducado o ya se ha utilizado.","Website interface: <p>","pages/ResetPassword.tsx:75","Contextual Spanish draft","Source present; runtime Spanish available"
"interface.2119","This question set cannot be converted into another game format yet.","Este conjunto de preguntas todavía no se puede convertir a otro formato de juego.","Website interface: <p>","pages/Games.tsx:191","Contextual Spanish draft","Source present; runtime Spanish available"
"interface.2120","This question set cannot be used with that game yet.","Este conjunto de preguntas todavía no se puede utilizar con ese juego.","User message: alert","pages/Games.tsx:2315 | pages/Games.tsx:2352","Contextual Spanish draft","Source present; runtime Spanish available"
"interface.2121","This set has fewer questions than recommended for this board size, so some questions may be repeated during the game.","Este conjunto tiene menos preguntas de las recomendadas para el tamaño del tablero, así que algunas pueden repetirse durante la partida.","Game interface: <p>","components/games/GameSetup.tsx:508","Contextual Spanish draft","Source present; runtime Spanish available"
"interface.2122","This will permanently delete your account data and cannot be undone. Continue?","Esto eliminará los datos de tu cuenta de forma permanente y no se puede deshacer. ¿Continuar?","User message: window.confirm","pages/Profile.tsx:306","Contextual Spanish draft","Source present; runtime Spanish available"
"interface.2123","This word wheel uses {value} letter.","Esta rueda utiliza {value} letra.","Website interface","pages/Games.tsx:91","Contextual Spanish draft","Source present; runtime Spanish available"
"interface.2124","This word wheel uses {value} letters.","Esta rueda utiliza {value} letras.","Website interface","pages/Games.tsx:91","Contextual Spanish draft","Source present; runtime Spanish available"
"interface.2125","Throw Dart","Lanzar dardo","Game interface: <button>","components/games/DartsGame.tsx:1523","Contextual Spanish draft","Source present; runtime Spanish available"
"interface.2126","Tie-breaker","Desempate","Conditional/dynamic interface text (check the source context)","components/games/StopTheFireGame.tsx:1196","Contextual Spanish draft","Source present; runtime Spanish available"
"interface.2127","Tie-breaker Round","Ronda de desempate","Conditional/dynamic interface text (check the source context)","components/games/StopTheFireGame.tsx:981","Contextual Spanish draft","Source present; runtime Spanish available"
"interface.2128","Tie-breaker round: 1 category, first to answer.","Ronda de desempate: 1 categoría, gana quien responda primero.","Game interface: <div>","components/games/StopTheFireGame.tsx:1174","Contextual Spanish draft","Source present; runtime Spanish available"
"interface.2129","Tie-breaker uses 1 category.","El desempate utiliza 1 categoría.","Game interface: <p>","components/games/StopTheFireGame.tsx:1081","Contextual Spanish draft","Source present; runtime Spanish available"
"interface.2130","Tie-breaker Winner","Ganador del desempate","Game interface: <h2>","components/games/StopTheFireGame.tsx:1531","Contextual Spanish draft","Source present; runtime Spanish available"
"interface.2131","Tile {activeTile?.label}","Casilla {activeTile?.label}","Conditional/dynamic interface text (check the source context)","components/games/BlockBeatersGame.tsx:1401","Contextual Spanish draft","Source present; runtime Spanish available"
"interface.2132","Tile {tile.label}","Casilla {tile.label}","Conditional/dynamic interface text (check the source context)","components/games/BlockBeatersGame.tsx:1248","Contextual Spanish draft","Source present; runtime Spanish available"
"interface.2133","Tile Select","Selección de casilla","Interface definition: label","components/games/GameSetup.tsx:761","Contextual Spanish draft","Source present; runtime Spanish available"
"interface.2134","Tile stealing","Robo de casillas","Game interface: <span>","components/games/GameSetup.tsx:533","Contextual Spanish draft","Source present; runtime Spanish available"
"interface.2135","Tiles are numbered and questions can use mixed formats, including multiple choice.","Las casillas están numeradas y las preguntas pueden tener formatos mixtos, incluida la opción múltiple.","Game interface: <p>","components/games/GameConfigurator.tsx:1307","Contextual Spanish draft","Source present; runtime Spanish available"
"interface.2136","Time Bomb","Time Bomb","Website interface: <SafeLink> | Website interface: <span>","components/Layout.tsx:497 | pages/Games.tsx:2178 | pages/TimeBombPage.tsx:28","Contextual Spanish draft","Source present; runtime Spanish available"
"interface.2137","TIME BOMB","TIME BOMB","Game interface: <h1>","components/games/TimeBombGame.tsx:1859","Contextual Spanish draft","Source present; runtime Spanish available"
"interface.2138","Time Bomb explosion showing a team losing a life","Explosión de Time Bomb que muestra a un equipo perdiendo una vida","Visible/accessibility attribute: alt","pages/TimeBombPage.tsx:54","Contextual Spanish draft","Source present; runtime Spanish available"
"interface.2139","Time Bomb podium showing Foxes, Owls and Bears in the final standings","Podio de Time Bomb con Foxes, Owls y Bears en la clasificación final","Visible/accessibility attribute: alt","pages/TimeBombPage.tsx:55","Contextual Spanish draft","Source present; runtime Spanish available"
"interface.2140","Time Bomb question with answer choices and a ticking countdown","Pregunta de Time Bomb con opciones de respuesta y cuenta atrás","Visible/accessibility attribute: alt","pages/TimeBombPage.tsx:50","Contextual Spanish draft","Source present; runtime Spanish available"
"interface.2141","Time Bomb works best with quick-answer formats.","Time Bomb funciona mejor con respuestas rápidas.","Game interface: <p>","components/games/GameConfigurator.tsx:1151","Contextual Spanish draft","Source present; runtime Spanish available"
"interface.2142","Time Bomb.","Time Bomb.","Website interface: <h1>","pages/TimeBombPage.tsx:31","Contextual Spanish draft","Source present; runtime Spanish available"
"interface.2143","Time for each team’s guess. Running out of time adds a strike and passes the turn. You can pause during play.","Tiempo para la respuesta de cada equipo. Si se agota, se suma un fallo y pasa el turno. Puedes pausar durante la partida.","Game interface: <p>","components/games/GameSetup.tsx:321","Contextual Spanish draft","Source present; runtime Spanish available"
"interface.2144","Time is up. Do you want to score now or add more time?","Se ha agotado el tiempo. ¿Quieres puntuar ahora o añadir más tiempo?","Game interface: <p>","components/games/StopTheFireGame.tsx:1423","Contextual Spanish draft","Source present; runtime Spanish available"
"interface.2145","Time per question","Tiempo por pregunta","Game interface: <label>","components/games/LiveQuizSetupModal.tsx:77","Contextual Spanish draft","Source present; runtime Spanish available"
"interface.2146","Time remaining","Tiempo restante","Game interface: <div> | Visible/accessibility attribute: aria-label","components/games/LiveQuizTimerBar.tsx:40 | components/games/shared/SurveyTurnTimer.tsx:42","Contextual Spanish draft","Source present; runtime Spanish available"
"interface.2147","Time to guess","Tiempo para responder","Game interface: <span>","components/games/shared/SurveyTurnTimer.tsx:39","Contextual Spanish draft","Source present; runtime Spanish available"
"interface.2148","Time Up","Tiempo agotado","Game interface: <h2>","components/games/WordWheelGame.tsx:1632","Contextual Spanish draft","Source present; runtime Spanish available"
"interface.2149","Time?s up!","¡Se acabó el tiempo!","Game interface: <div>","components/games/SurveyShowdownGame.tsx:951","Contextual Spanish draft","Source present; runtime Spanish available"
"interface.2150","Time's Up","Tiempo agotado","Interface definition: label","components/games/GameSetup.tsx:764","Contextual Spanish draft","Source present; runtime Spanish available"
"interface.2151","Time's up!","¡Se acabó el tiempo!","Conditional/dynamic interface text (check the source context)","components/games/TimeBombGame.tsx:2222","Contextual Spanish draft","Source present; runtime Spanish available"
"interface.2152","TIME'S UP!","¡SE ACABÓ EL TIEMPO!","Conditional/dynamic interface text (check the source context)","components/games/DartsGame.tsx:1480 | components/games/JeopardyGame.tsx:1138 | components/games/PubQuizGame.tsx:1113 | components/games/SnakesLaddersGame.tsx:2851 | components/games/TriviaGame.tsx:1172","Contextual Spanish draft","Source present; runtime Spanish available"
"interface.2153","Time’s up!","¡Se acabó el tiempo!","Timer has expired.","data/i18n/interface.json: game.timeUp","Contextual Spanish draft","Source present; runtime Spanish available"
"interface.2154","Timer","Temporizador","Game interface: <label>","components/games/StopTheFireGame.tsx:1146","Contextual Spanish draft","Source present; runtime Spanish available"
"interface.2155","Timer stopped. Take a breather.","Temporizador detenido. Toma un respiro.","Game interface: <p>","components/games/TimeBombGame.tsx:2192","Contextual Spanish draft","Source present; runtime Spanish available"
"interface.2156","Times other people have played this teacher’s games.","Veces que otras personas han jugado a los juegos de este docente.","School administration","pages/SchoolAdmin.tsx:434","Contextual Spanish draft","Source present; runtime Spanish available"
"interface.2157","Tip: Use the in-game setup side to preview the letter before starting the round.","Consejo: usa la configuración del juego para ver la letra antes de iniciar la ronda.","Game interface: <div>","components/games/GameEditor.tsx:1003","Contextual Spanish draft","Source present; runtime Spanish available"
"interface.2158","Tips: one category per line. Duplicates are ignored.","Consejo: una categoría por línea. Se ignoran los duplicados.","Game interface: <span>","components/games/GameEditor.tsx:952","Contextual Spanish draft","Source present; runtime Spanish available"
"interface.2159","To create a new game, choose a game card or use ""Open AI Assistant"". You can also browse existing games in the Community tab.","Para crear un juego, elige una tarjeta de juego o pulsa «Abrir asistente de IA». También puedes explorar los juegos existentes en la pestaña Comunidad.","Visible/accessibility attribute: text","pages/Games.tsx:2932","Contextual Spanish draft","Source present; runtime Spanish available"
"interface.2160","to each one.","a cada uno.","Website interface: <p>","pages/Games.tsx:385","Contextual Spanish draft","Source present; runtime Spanish available"
"interface.2161","To generate AI-assisted content based on your prompts and uploaded source material.","Para generar contenido con IA a partir de tus instrucciones y del material de referencia subido.","Website interface: <li>","pages/InfoPages.tsx:796","Contextual Spanish draft","Source present; runtime Spanish available"
"interface.2162","To operate, secure, troubleshoot, and improve reliability and safety of the service.","Para gestionar, proteger, solucionar problemas y mejorar la fiabilidad y seguridad del servicio.","Website interface: <li>","pages/InfoPages.tsx:800","Contextual Spanish draft","Source present; runtime Spanish available"
"interface.2163","to play.","para jugar.","Game interface: <p>","components/games/GamePreview.tsx:669","Contextual Spanish draft","Source present; runtime Spanish available"
"interface.2164","To provide core features (account login, generation, editing, saving, sharing).","Para ofrecer las funciones básicas (acceso a la cuenta, generación, edición, guardado y uso compartido).","Website interface: <li>","pages/InfoPages.tsx:795","Contextual Spanish draft","Source present; runtime Spanish available"
"interface.2165","To provide school administration, shared storage, account allocation, security, and limited usage reporting.","Para ofrecer administración de centros, almacenamiento compartido, asignación de cuentas, seguridad e informes limitados de uso.","Website interface: <li>","pages/InfoPages.tsx:799","Contextual Spanish draft","Source present; runtime Spanish available"
"interface.2166","To respond to support/contact requests and enforce legal terms.","Para responder a solicitudes de soporte o contacto y aplicar las condiciones legales.","Website interface: <li>","pages/InfoPages.tsx:801","Contextual Spanish draft","Source present; runtime Spanish available"
"interface.2167","To run live classroom quizzes, display the temporary leaderboard, and return feedback to participants.","Para gestionar Live Quiz, mostrar la clasificación temporal y ofrecer comentarios a los participantes.","Website interface: <li>","pages/InfoPages.tsx:798","Contextual Spanish draft","Source present; runtime Spanish available"
"interface.2168","To support community libraries and visibility settings.","Para ofrecer bibliotecas de la comunidad y ajustes de visibilidad.","Website interface: <li>","pages/InfoPages.tsx:797","Contextual Spanish draft","Source present; runtime Spanish available"
"interface.2169","To the maximum extent permitted by law, the service is provided on an ""as is"" and ""as available"" basis. We disclaim all implied warranties, including merchantability, fitness for a particular purpose, and non-infringement.","En la medida máxima permitida por la ley, el servicio se ofrece «tal cual» y «según disponibilidad». Excluimos todas las garantías implícitas, incluidas las de comerciabilidad, idoneidad para un fin concreto y ausencia de infracción de derechos.","Website interface: <p>","pages/InfoPages.tsx:725","Contextual Spanish draft","Source present; runtime Spanish available"
"interface.2170","To the maximum extent permitted by law, we are not liable for indirect, incidental, special, consequential, exemplary, or punitive damages, including loss of profits, revenue, data, goodwill, or business interruption. Our total liability for claims related to the service is limited to the amount you paid us for the service in the 12 months before the event giving rise to liability (or EUR 0 if you used only free features).","En la medida máxima permitida por la ley, no respondemos de daños indirectos, incidentales, especiales, derivados, ejemplares o punitivos, incluidas las pérdidas de beneficios, ingresos, datos, reputación o las interrupciones del negocio. Nuestra responsabilidad total por reclamaciones relacionadas con el servicio se limita al importe que nos hayas pagado por él en los 12 meses anteriores al hecho que origine la responsabilidad (o a 0 EUR si solo utilizaste funciones gratuitas).","Website interface: <p>","pages/InfoPages.tsx:729","Contextual Spanish draft","Source present; runtime Spanish available"
"interface.2171","Toggle Sound","Activar o desactivar sonido","Visible/accessibility attribute: title","components/games/GameSetup.tsx:215","Contextual Spanish draft","Source present; runtime Spanish available"
"interface.2172","Too broad to be useful","Demasiado general para ser útil","Website interface: <h4>","pages/InfoPages.tsx:370","Contextual Spanish draft","Source present; runtime Spanish available"
"interface.2173","Top 10 Survey Answers","Las 10 respuestas de la encuesta","Game interface: <label>","components/games/GameEditor.tsx:1538","Contextual Spanish draft","Source present; runtime Spanish available"
"interface.2174","Top to bottom","De arriba abajo","Game controls, settings or feedback","components/games/BlockBeatersGame.tsx:181","Contextual Spanish draft","Source present; runtime Spanish available"
"interface.2175","Topic","Tema","Game interface: <label>","components/games/GameConfigurator.tsx:986","Contextual Spanish draft","Source present; runtime Spanish available"
"interface.2176","Topic / Theme","Tema / Contenido","Game interface: <label>","components/games/GameConfigurator.tsx:1608","Contextual Spanish draft","Source present; runtime Spanish available"
"interface.2177","Topic recap","Repaso del tema","Footer landing page: public information for teachers","pages/SeoLandingPages.tsx:69","Contextual Spanish draft","Source present; runtime Spanish available"
"interface.2178","Topic:","Tema:","Website interface: <p>","pages/Games.tsx:1146 | pages/Games.tsx:1661","Contextual Spanish draft","Source present; runtime Spanish available"
"interface.2179","Total","Total","Game interface: <div>","components/games/PubQuizGame.tsx:881","Contextual Spanish draft","Source present; runtime Spanish available"
"interface.2180","Total games created by this teacher.","Total de juegos creados por este docente.","School administration","pages/SchoolAdmin.tsx:433","Contextual Spanish draft","Source present; runtime Spanish available"
"interface.2181","Total questions must divide evenly by the number of teams.","El número total de preguntas debe ser divisible por el número de equipos.","Game interface: <p>","components/games/GameSetup.tsx:418","Contextual Spanish draft","Source present; runtime Spanish available"
"interface.2182","Total Spots","Plazas totales","Website interface: <p>","pages/SchoolAdmin.tsx:872","Contextual Spanish draft","Source present; runtime Spanish available"
"interface.2183","Trade Places","Intercambiar posiciones","Interface definition: title","components/games/SnakesLaddersGame.tsx:341","Contextual Spanish draft","Source present; runtime Spanish available"
"interface.2184","Transparent 3D illustration of the Wordwheel with letter tokens floating towards the viewer","Ilustración 3D con fondo transparente de Wordwheel y fichas de letras orientadas hacia quien lo mira","Visible/accessibility attribute: alt","pages/WordWheelPage.tsx:37","Contextual Spanish draft","Source present; runtime Spanish available"
"interface.2185","Trending First","Tendencias primero","Website interface: <option>","pages/Games.tsx:1513","Contextual Spanish draft","Source present; runtime Spanish available"
"interface.2186","Trending Games","Juegos populares","Website interface: <span>","pages/Home.tsx:416","Contextual Spanish draft","Source present; runtime Spanish available"
"interface.2187","Trivia","Trivia","Website interface: <SafeLink> | Website interface: <span>","components/Layout.tsx:495 | pages/Games.tsx:2178 | pages/TriviaPage.tsx:28","Contextual Spanish draft","Source present; runtime Spanish available"
"interface.2188","Trivia podium showing Foxes, Owls and Bears in the final standings","Podio de Trivia con Foxes, Owls y Bears en la clasificación final","Visible/accessibility attribute: alt","pages/TriviaPage.tsx:55","Contextual Spanish draft","Source present; runtime Spanish available"
"interface.2189","Trivia question with four answer choices and a thirty-second timer","Pregunta de Trivia con cuatro opciones y temporizador de treinta segundos","Visible/accessibility attribute: alt","pages/TriviaPage.tsx:50","Contextual Spanish draft","Source present; runtime Spanish available"
"interface.2190","Trivia quiz","Trivia Quiz","Footer landing page: public information for teachers","pages/SeoLandingPages.tsx:41","Contextual Spanish draft","Source present; runtime Spanish available"
"interface.2191","Trivia Quiz","Trivia Quiz","Interface definition: title","pages/Home.tsx:65","Contextual Spanish draft","Source present; runtime Spanish available"
"interface.2192","Trivia reveals Mars as the correct answer","Trivia muestra «Mars» como respuesta correcta","Visible/accessibility attribute: alt","pages/TriviaPage.tsx:54","Contextual Spanish draft","Source present; runtime Spanish available"
"interface.2193","Trivia.","Trivia.","Website interface: <h1>","pages/TriviaPage.tsx:31","Contextual Spanish draft","Source present; runtime Spanish available"
"interface.2194","Try a maths puzzle, identify an animal or explore a moment in history. Ask teams how they reached their answer — the conversation can be as useful as the points.","Prueba un problema matemático, identifica un animal o explora un momento histórico. Pregunta a los equipos cómo han llegado a su respuesta: la conversación puede ser tan útil como los puntos.","Website interface: <dd>","pages/TriviaPage.tsx:74","Contextual Spanish draft","Source present; runtime Spanish available"
"interface.2195","Try a shorter prompt, reduce activity/question count, or regenerate once. If it keeps failing, include your prompt + source context when contacting support.","Prueba con unas instrucciones más breves, reduce el número de actividades o preguntas, o vuelve a generar el juego una vez. Si el problema continúa, incluye tus instrucciones y el material de referencia al contactar con soporte.","Help, contact or legal information","pages/InfoPages.tsx:95","Contextual Spanish draft","Source present; runtime Spanish available"
"interface.2196","Try again","Volver a intentar","Restart student practice.","components/ErrorBoundary.tsx:70 | components/games/GameConfigurator.tsx:1971 | components/games/GameImagePreparation.tsx:128 | components/games/shared/PracticeReviewSummary.tsx:85 | data/i18n/interface.json: game.retry","Contextual Spanish draft","Source present; runtime Spanish available"
"interface.2197","Try Again","Volver a intentar","Website interface: <button>","pages/Games.tsx:1618","Contextual Spanish draft","Source present; runtime Spanish available"
"interface.2198","Try Another Email","Probar otro correo","Website interface: <button>","components/LoginModal.tsx:249","Contextual Spanish draft","Source present; runtime Spanish available"
"interface.2199","Try categories such as fractions, habitats, inventions or famous artworks. Give teams a chance to explain their answers and learn something from each other.","Prueba categorías como fracciones, hábitats, inventos u obras de arte famosas. Deja que los equipos expliquen sus respuestas y aprendan unos de otros.","Website interface: <dd>","pages/JeopardyPage.tsx:74","Contextual Spanish draft","Source present; runtime Spanish available"
"interface.2200","Try changing your filters.","Prueba a cambiar los filtros.","Conditional/dynamic interface text (check the source context)","pages/Games.tsx:1102","Contextual Spanish draft","Source present; runtime Spanish available"
"interface.2201","Try materials people recycle, animals in a habitat or things found in an ancient city. A question with several possible answers gives teams room to think.","Prueba con materiales reciclables, animales de un hábitat o cosas de una ciudad antigua. Una pregunta con varias respuestas posibles da espacio para pensar.","Website interface: <dd>","pages/SurveyShowdownPage.tsx:65","Contextual Spanish draft","Source present; runtime Spanish available"
"interface.2202","Try places from geography, living things from science or people and objects from history. Adapt the categories so more than one sensible answer is possible.","Prueba con lugares de geografía, seres vivos de ciencias o personas y objetos de historia. Adapta las categorías para que haya más de una respuesta razonable.","Game format information","pages/StopTheFirePage.tsx:54","Contextual Spanish draft","Source present; runtime Spanish available"
"interface.2203","Try times tables, scientific facts, historical figures or anything your group has been learning. Write your own questions or ask AI for a draft, then make it your own.","Prueba con tablas de multiplicar, datos científicos, personajes históricos o lo que esté aprendiendo tu grupo. Escribe las preguntas o pide un borrador a la IA y adáptalo.","Website interface: <dd>","pages/TimeBombPage.tsx:65","Contextual Spanish draft","Source present; runtime Spanish available"
"interface.2204","Turn","Turno","Game interface: <div>","components/games/WordWheelGame.tsx:1370","Contextual Spanish draft","Source present; runtime Spanish available"
"interface.2205","Turn a lesson topic into a classroom game in minutes. Build trivia, live quizzes, Jeopardy-style games, word games, board games, and review activities for your students.","Convierte el tema de una clase en un juego en cuestión de minutos. Crea Trivia, Live Quiz, juegos de estilo Jeopardy, juegos de palabras, de tablero y actividades de repaso para tu alumnado.","Footer landing page: public information for teachers","pages/SeoLandingPages.tsx:21","Contextual Spanish draft","Source present; runtime Spanish available"
"interface.2206","Turn a set of lesson questions into a few rounds your class can enjoy together.","Convierte tus preguntas de clase en unas rondas para disfrutar juntos.","Game format information","pages/DartsChallengePage.tsx:62","Contextual Spanish draft","Source present; runtime Spanish available"
"interface.2207","Turn Complete","Turno completado","Conditional/dynamic interface text (check the source context)","components/games/SnakesLaddersGame.tsx:2604","Contextual Spanish draft","Source present; runtime Spanish available"
"interface.2208","Turn dates and facts into exciting adventures with these simple game structures.","Convierte fechas y datos en aventuras con estas sencillas propuestas de juego.","Blog article 2: subtitle","data/blogPosts.ts: article 2, subtitle | data/blogPosts.es.ts: article 2, subtitle","Contextual Spanish draft","Source present; runtime Spanish available"
"interface.2209","Turn key ideas from your lesson into a final guessing challenge. Reveal what is left at the end of the round and talk through anything your class missed.","Convierte las ideas clave de la clase en un reto final de adivinación. Muestra lo que quede al terminar la ronda y comentad lo que no hayáis acertado.","Website interface: <dd>","pages/SurveyShowdownPage.tsx:75","Contextual Spanish draft","Source present; runtime Spanish available"
"interface.2210","Turn live quiz music on or off","Activar o desactivar la música del Live Quiz","Visible/accessibility attribute: title","pages/LiveQuizHost.tsx:551","Contextual Spanish draft","Source present; runtime Spanish available"
"interface.2211","Turn one opponent tile into yours.","Haz tuya una casilla de otro equipo.","Game controls, settings or feedback","components/games/BlockBeatersGame.tsx:173","Contextual Spanish draft","Source present; runtime Spanish available"
"interface.2212","Turn Order","Orden de los turnos","Game interface: <h3>","components/games/SnakesLaddersGame.tsx:2459","Contextual Spanish draft","Source present; runtime Spanish available"
"interface.2213","Turn sound on","Activar sonido","Conditional/dynamic interface text (check the source context)","components/games/SnakesLaddersGame.tsx:2343 | components/games/SnakesLaddersGame.tsx:2344 | components/games/SnakesLaddersGame.tsx:2382","Contextual Spanish draft","Source present; runtime Spanish available"
"interface.2214","Turn the key ideas from a topic into an alphabet challenge. Come back to the clues that caused a pause and give everyone a chance to explain their thinking.","Convierte las ideas clave de un tema en un reto del abecedario. Volved a las pistas que os hicieron pensar y dad a todos la oportunidad de explicar sus ideas.","Website interface: <dd>","pages/WordWheelPage.tsx:75","Contextual Spanish draft","Source present; runtime Spanish available"
"interface.2215","Turn: {team}","Turno: {team}","Interface vocabulary or retained wording","data/i18n/spanish-spain.json","Contextual Spanish draft","Retained vocabulary / fallback wording"
"interface.2216","turns each)","turnos cada uno)","Game interface: <option>","components/games/GameSetup.tsx:409","Contextual Spanish draft","Source present; runtime Spanish available"
"interface.2217","Turns per player","Turnos por jugador","Visible/accessibility attribute: aria-label","components/games/GameSetup.tsx:376","Contextual Spanish draft","Source present; runtime Spanish available"
"interface.2218","Turns per Player","Turnos por jugador","Game interface: <label>","components/games/GameSetup.tsx:374","Contextual Spanish draft","Source present; runtime Spanish available"
"interface.2219","Tutor","Profesor particular","Website interface","components/TestimonialCarousel.tsx:58","Contextual Spanish draft","Source present; runtime Spanish available"
"interface.2220","Type answer","Escribe la respuesta","Visible/accessibility attribute: placeholder","components/games/BlockBeatersGame.tsx:1569","Contextual Spanish draft","Source present; runtime Spanish available"
"interface.2221","Type answer here...","Escribe la respuesta aquí...","Visible/accessibility attribute: placeholder","components/games/GameEditor.tsx:1502","Contextual Spanish draft","Source present; runtime Spanish available"
"interface.2222","TYPE ANSWER...","ESCRIBE LA RESPUESTA...","Visible/accessibility attribute: placeholder","components/games/SurveyShowdownGame.tsx:900","Contextual Spanish draft","Source present; runtime Spanish available"
"interface.2223","Type question here...","Escribe la pregunta aquí...","Visible/accessibility attribute: placeholder","components/games/GameEditor.tsx:1480","Contextual Spanish draft","Source present; runtime Spanish available"
"interface.2224","Type your answer","Escribe tu respuesta","Visible/accessibility attribute: placeholder","components/games/WordWheelGame.tsx:1561","Contextual Spanish draft","Source present; runtime Spanish available"
"interface.2225","ULTIMATE CHAMPION!","¡CAMPEÓN ABSOLUTO!","Conditional/dynamic interface text (check the source context)","components/games/MillionaireGame.tsx:535","Contextual Spanish draft","Source present; runtime Spanish available"
"interface.2226","Unable to load game","No se ha podido cargar el juego","Website interface: <h1>","pages/ShareGame.tsx:379","Contextual Spanish draft","Source present; runtime Spanish available"
"interface.2227","Unknown creator","Autor desconocido","Conditional/dynamic interface text (check the source context)","components/games/GameEditor.tsx:865","Contextual Spanish draft","Source present; runtime Spanish available"
"interface.2228","Unlimited manual game creation","Crea juegos manualmente sin límite","Account and profile","pages/ChangePlan.tsx:30 | pages/InfoPages.tsx:483","Contextual Spanish draft","Source present; runtime Spanish available"
"interface.2229","Unlimited private library storage","Almacenamiento ilimitado en tu biblioteca privada","Help, contact or legal information","pages/InfoPages.tsx:483","Contextual Spanish draft","Source present; runtime Spanish available"
"interface.2230","Unmute","Activar sonido","Conditional/dynamic interface text (check the source context)","components/games/BlockBeatersGame.tsx:913 | components/games/BlockBeatersGame.tsx:968 | components/games/DartsGame.tsx:1095 | components/games/JeopardyGame.tsx:766 | components/games/JeopardyGame.tsx:805 | components/games/PubQuizGame.tsx:610 | components/games/PubQuizGame.tsx:639 | components/games/StopTheFireGame.tsx:909 | components/games/TriviaGame.tsx:818 | components/games/TriviaGame.tsx:858 | components/games/WordWheelGame.tsx:1288 | components/games/WordWheelGame.tsx:1349","Contextual Spanish draft","Source present; runtime Spanish available"
"interface.2231","Unsaved changes","Cambios sin guardar","Conditional/dynamic interface text (check the source context)","components/games/GameEditor.tsx:888","Contextual Spanish draft","Source present; runtime Spanish available"
"interface.2232","Unsaved Changes","Cambios sin guardar","Interface definition: title","contexts/UnsavedChangesContext.tsx:39 | contexts/UnsavedChangesContext.tsx:41 | contexts/UnsavedChangesContext.tsx:52 | contexts/UnsavedChangesContext.tsx:59","Contextual Spanish draft","Source present; runtime Spanish available"
"interface.2233","Unsaved progress will be lost.","Se perderá el progreso sin guardar.","Game interface: <p>","components/games/TriviaGame.tsx:1343","Contextual Spanish draft","Source present; runtime Spanish available"
"interface.2234","Up","Subir","Website interface: <button>","components/school/SchoolStorageBrowser.tsx:247","Contextual Spanish draft","Source present; runtime Spanish available"
"interface.2235","Up to 5 forward or back","Hasta 5 casillas hacia delante o atrás","Interface definition: label","components/games/GameSetup.tsx:23","Contextual Spanish draft","Source present; runtime Spanish available"
"interface.2236","Update your name or change your password.","Actualiza tu nombre o cambia la contraseña.","Website interface: <p>","pages/Profile.tsx:454","Contextual Spanish draft","Source present; runtime Spanish available"
"interface.2237","Updating...","Actualizando...","Conditional/dynamic interface text (check the source context)","pages/SchoolAdmin.tsx:467 | pages/SchoolAdmin.tsx:480 | pages/SchoolAdmin.tsx:495 | pages/SchoolAdmin.tsx:510 | pages/SchoolAdmin.tsx:987","Contextual Spanish draft","Source present; runtime Spanish available"
"interface.2238","Upgrading...","Mejorando el plan...","Conditional/dynamic interface text (check the source context)","pages/ChangePlan.tsx:390","Contextual Spanish draft","Source present; runtime Spanish available"
"interface.2239","Upload","Subir","Game interface: <button> | Website interface: <button>","components/games/GameEditor.tsx:1246 | components/games/GameEditor.tsx:1647 | components/shared/StockImagePicker.tsx:227","Contextual Spanish draft","Source present; runtime Spanish available"
"interface.2240","Upload files or add instructions to generate categories.","Sube archivos o añade instrucciones para generar categorías.","Game interface: <p>","components/games/GameConfigurator.tsx:184","Contextual Spanish draft","Source present; runtime Spanish available"
"interface.2241","Upload Files To Current Folder","Subir archivos a la carpeta actual","Website interface: <label>","components/school/SchoolStorageManager.tsx:558","Contextual Spanish draft","Source present; runtime Spanish available"
"interface.2242","Upload game cover","Subir portada del juego","Visible/accessibility attribute: aria-label","components/games/GameCoverEditor.tsx:94","Contextual Spanish draft","Source present; runtime Spanish available"
"interface.2243","Upload image","Subir imagen","Game interface: <button>","components/games/GameCoverEditor.tsx:78","Contextual Spanish draft","Source present; runtime Spanish available"
"interface.2244","Upload JSON / MD","Subir JSON / MD","Conditional/dynamic interface text (check the source context)","components/games/GameConfigurator.tsx:1680","Contextual Spanish draft","Source present; runtime Spanish available"
"interface.2245","Upload Logo","Subir logotipo","Conditional/dynamic interface text (check the source context)","pages/Profile.tsx:655","Contextual Spanish draft","Source present; runtime Spanish available"
"interface.2246","Upload malware, malicious code, or content that interferes with platform operation.","Subir programas maliciosos, código dañino o contenido que interfiera con el funcionamiento de la plataforma.","Website interface: <li>","pages/InfoPages.tsx:670","Contextual Spanish draft","Source present; runtime Spanish available"
"interface.2247","Upload or share content you do not have rights to use.","Subir o compartir contenido para el que no tengas derechos de uso.","Website interface: <li>","pages/InfoPages.tsx:666","Contextual Spanish draft","Source present; runtime Spanish available"
"interface.2248","Upload PDFs, Word docs, or images","Subir PDF, documentos de Word o imágenes","Website interface: <span>","components/school/SchoolStorageManager.tsx:561","Contextual Spanish draft","Source present; runtime Spanish available"
"interface.2249","Upload personal/sensitive student data without proper legal basis, notice, and consent where required.","Subir datos personales o sensibles del alumnado sin la base jurídica, información y consentimiento adecuados cuando sean necesarios.","Website interface: <li>","pages/InfoPages.tsx:667","Contextual Spanish draft","Source present; runtime Spanish available"
"interface.2250","Uploading source material and turning it into quiz questions is the part I use most. It helps us revisit key vocabulary without making another slideshow.","Lo que más utilizo es subir material de referencia y convertirlo en preguntas. Nos ayuda a repasar el vocabulario clave sin tener que preparar otra presentación.","Website interface","components/TestimonialCarousel.tsx:44","Contextual Spanish draft","Source present; runtime Spanish available"
"interface.2251","Uploads:","Archivos subidos:","Website interface: <strong>","pages/InfoPages.tsx:774","Contextual Spanish draft","Source present; runtime Spanish available"
"interface.2252","Use","Usar","Conditional/dynamic interface text (check the source context)","components/games/BlockBeatersGame.tsx:1113","Contextual Spanish draft","Source present; runtime Spanish available"
"interface.2253","Use a fixed count for exam-style consistency, or let AI vary between 2, 3, and 4 options.","Usa un número fijo para mantener la consistencia de un examen, o deja que la IA varíe entre 2, 3 y 4 opciones.","Conditional/dynamic interface text (check the source context)","components/games/GameConfigurator.tsx:348","Contextual Spanish draft","Source present; runtime Spanish available"
"interface.2254","Use AI Assistant","Usar asistente de IA","Game interface: <h3>","components/games/GameConfigurator.tsx:210","Contextual Spanish draft","Source present; runtime Spanish available"
"interface.2255","Use AI to Create Word Bank","Crear banco de palabras con IA","Game interface: <h3>","components/games/GameConfigurator.tsx:183","Contextual Spanish draft","Source present; runtime Spanish available"
"interface.2256","Use all manual creation tools","Utiliza todas las herramientas de creación manual","Account and profile","pages/ChangePlan.tsx:19 | pages/InfoPages.tsx:457","Contextual Spanish draft","Source present; runtime Spanish available"
"interface.2257","Use arrow keys to move, plus or minus to zoom, and Escape to finish.","Usa las flechas para mover, más o menos para ampliar o reducir, y Escape para terminar.","Game interface: <span>","components/games/InteractiveGameCover.tsx:96","Contextual Spanish draft","Source present; runtime Spanish available"
"interface.2258","Use card","Usar carta","Game interface: <button>","components/games/SnakesLaddersGame.tsx:2641","Contextual Spanish draft","Source present; runtime Spanish available"
"interface.2259","Use card now","Usar carta ahora","Game interface: <button>","components/games/BlockBeatersGame.tsx:1031 | components/games/BlockBeatersGame.tsx:1391","Contextual Spanish draft","Source present; runtime Spanish available"
"interface.2260","Use Clue ({currentTeamClues})","Usar pista ({currentTeamClues})","Conditional/dynamic interface text (check the source context)","components/games/WordWheelGame.tsx:1591","Contextual Spanish draft","Source present; runtime Spanish available"
"interface.2261","Use formats such as Word Wheel, Stop the Fire, Trivia, and Live Quiz Challenge.","Utiliza formatos como Word Wheel, Stop the Fire, Trivia y Live Quiz.","Footer landing page: public information for teachers","pages/SeoLandingPages.tsx:67","Contextual Spanish draft","Source present; runtime Spanish available"
"interface.2262","Use Image","Usar imagen","Conditional/dynamic interface text (check the source context)","components/shared/StockImagePicker.tsx:384","Contextual Spanish draft","Source present; runtime Spanish available"
"interface.2263","Use initials","Usar iniciales","Conditional/dynamic interface text (check the source context) | Visible/accessibility attribute: title","pages/Profile.tsx:760 | pages/Profile.tsx:775","Contextual Spanish draft","Source present; runtime Spanish available"
"interface.2264","Use live quizzes for quick review, retrieval practice, and whole-class competition.","Utiliza Live Quiz para hacer repasos breves, practicar lo aprendido de memoria y organizar competiciones con toda la clase.","Footer landing page: public information for teachers","pages/SeoLandingPages.tsx:51","Contextual Spanish draft","Source present; runtime Spanish available"
"interface.2265","Use open questions for a team discussion or offer multiple-choice answers. Add a timer for a little urgency, or leave it off when the thinking matters more than the speed.","Usa preguntas abiertas para debatir en equipo u ofrece opciones de respuesta. Añade un temporizador para dar emoción o déjalo desactivado cuando importe más pensar que responder rápido.","Website interface: <dd>","pages/PubQuizPage.tsx:66","Contextual Spanish draft","Source present; runtime Spanish available"
"interface.2266","Use open questions for discussion or multiple choice for a quicker decision. Add an answer timer when you want a faster pace.","Usa preguntas abiertas para debatir u opciones múltiples para decidir más rápido. Añade un temporizador de respuesta si quieres agilizar el ritmo.","Game format information","pages/DartsChallengePage.tsx:44","Contextual Spanish draft","Source present; runtime Spanish available"
"interface.2267","Use questions from whatever you are teaching. Write them yourself or ask AI for a starting point, then review the answers before the game.","Usa preguntas sobre lo que estés enseñando. Escríbelas o pide un borrador a la IA y revisa las respuestas antes de jugar.","Game format information","pages/DartsChallengePage.tsx:36","Contextual Spanish draft","Source present; runtime Spanish available"
"interface.2268","Use quiz formats such as Trivia, Pub Quiz, Millionaire Maker, and Live Quiz Challenge.","Utiliza formatos como Trivia, Pub Quiz, Millionaire Maker y Live Quiz.","Footer landing page: public information for teachers","pages/SeoLandingPages.tsx:38","Contextual Spanish draft","Source present; runtime Spanish available"
"interface.2269","Use science, maths, history, literature or a mix of subjects. A familiar quiz-show rhythm can turn an ordinary review into a class event.","Usa ciencias, matemáticas, historia, literatura o una mezcla. El ritmo de un concurso conocido puede convertir un repaso normal en un acontecimiento de clase.","Game format information","pages/MillionaireMakerPage.tsx:58","Contextual Spanish draft","Source present; runtime Spanish available"
"interface.2270","Use Selected Images","Usar imágenes seleccionadas","Conditional/dynamic interface text (check the source context)","components/shared/StockImagePicker.tsx:384","Contextual Spanish draft","Source present; runtime Spanish available"
"interface.2271","Use shared school storage for documents and resources that school members need to access.","Usa el almacenamiento compartido del centro para los documentos y recursos que necesiten sus miembros.","Website interface: <li>","pages/InfoPages.tsx:321","Contextual Spanish draft","Source present; runtime Spanish available"
"interface.2272","Use the 6-character code shown on your teacher's screen.","Usa el código de 6 caracteres que aparece en la pantalla de tu docente.","Website interface: <p>","pages/LiveQuizCodeEntry.tsx:30","Contextual Spanish draft","Source present; runtime Spanish available"
"interface.2273","Use the actual figures, such as goals scored or population. They do not need to total 100. For current figures, tick Web search below or provide your own data.","Usa los datos reales, como goles marcados o población. No tienen que sumar 100. Para cifras actuales, activa Búsqueda web abajo o proporciona tus datos.","Game interface: <span>","components/games/GameConfigurator.tsx:1186","Contextual Spanish draft","Source present; runtime Spanish available"
"interface.2274","Use the built-in category bank, write your own list or ask AI to help. Keep it broad, or choose categories linked to the topic you are teaching.","Usa el banco integrado, escribe tu lista o pide ayuda a la IA. Elige categorías generales o vinculadas al tema que estás enseñando.","Game format information","pages/StopTheFirePage.tsx:36","Contextual Spanish draft","Source present; runtime Spanish available"
"interface.2275","Use the lifelines as talking points","Usa los comodines para conversar","Game format information","pages/MillionaireMakerPage.tsx:39","Contextual Spanish draft","Source present; runtime Spanish available"
"interface.2276","Use the original game format.","Usar el formato original del juego.","Game interface: <span>","components/games/GamePreview.tsx:755","Contextual Spanish draft","Source present; runtime Spanish available"
"interface.2277","Use the selected questions in this game, or try the same question set in another compatible game.","Utiliza las preguntas seleccionadas en este juego o prueba el mismo conjunto en otro juego compatible.","Game interface: <p>","components/games/GamePreview.tsx:746","Contextual Spanish draft","Source present; runtime Spanish available"
"interface.2278","Use the service to create harmful, discriminatory, abusive, or illegal content.","Utilizar el servicio para crear contenido dañino, discriminatorio, abusivo o ilegal.","Website interface: <li>","pages/InfoPages.tsx:668","Contextual Spanish draft","Source present; runtime Spanish available"
"interface.2279","Use this if your connection dropped or you refreshed the page.","Usa esta opción si se interrumpió tu conexión o recargaste la página.","Website interface: <p>","pages/LiveQuizJoin.tsx:120","Contextual Spanish draft","Source present; runtime Spanish available"
"interface.2280","Use Word Bank","Usar banco de palabras","Game interface: <h3>","components/games/GameConfigurator.tsx:171","Contextual Spanish draft","Source present; runtime Spanish available"
"interface.2281","Used when this question set is played as Jeopardy or Pub Quiz.","Se utiliza cuando estas preguntas se juegan en Jeopardy o Pub Quiz.","Game interface: <p>","components/games/GameEditor.tsx:1531","Contextual Spanish draft","Source present; runtime Spanish available"
"interface.2282","Using","Utilizando","Game interface: <p>","components/games/StopTheFireGame.tsx:1078","Contextual Spanish draft","Source present; runtime Spanish available"
"interface.2283","Using AI to Write Student Reports With Custom Templates","Cómo redactar informes del alumnado con IA y plantillas personalizadas","Blog article 6: title","data/blogPosts.ts: article 6, title | data/blogPosts.es.ts: article 6, title","Contextual Spanish draft","Source present; runtime Spanish available"
"interface.2284","Using the site","Cómo usar el sitio","Help, contact or legal information","pages/InfoPages.tsx:190","Contextual Spanish draft","Source present; runtime Spanish available"
"interface.2285","Using your custom category list.","Se está utilizando tu lista personalizada de categorías.","Game interface: <p>","components/games/StopTheFireGame.tsx:1052","Contextual Spanish draft","Source present; runtime Spanish available"
"interface.2286","Usually the brief was too broad. Add level, age, objective, question count, topic boundaries, and any must-include language points.","Normalmente se debe a que las instrucciones eran demasiado generales. Añade el nivel, la edad, el objetivo, el número de preguntas, los límites del tema y los contenidos lingüísticos que deban incluirse.","Help, contact or legal information","pages/InfoPages.tsx:87","Contextual Spanish draft","Source present; runtime Spanish available"
"interface.2287","Vary By Difficulty","Variar según la dificultad","Game interface: <option>","components/games/GameConfigurator.tsx:1648","Contextual Spanish draft","Source present; runtime Spanish available"
"interface.2288","Vercel provides website hosting and server infrastructure and may process request and security logs.","Vercel proporciona el alojamiento y la infraestructura del servidor y puede tratar registros de solicitudes y de seguridad.","Website interface: <li>","pages/InfoPages.tsx:833","Contextual Spanish draft","Source present; runtime Spanish available"
"interface.2289","View all by {game.authorName || 'Teacher'}","Ver todos los juegos de {game.authorName || 'Teacher'}","Conditional/dynamic interface text (check the source context)","pages/Games.tsx:1675","Contextual Spanish draft","Source present; runtime Spanish available"
"interface.2290","View asset credits","Ver créditos de recursos","Visible/accessibility attribute: aria-label","components/games/SnakesLaddersGame.tsx:2352 | components/games/SnakesLaddersGame.tsx:2377","Contextual Spanish draft","Source present; runtime Spanish available"
"interface.2291","View Games","Ver juegos","Website interface: <button>","pages/SchoolAdmin.tsx:454","Contextual Spanish draft","Source present; runtime Spanish available"
"interface.2292","View instructions","Ver instrucciones","Game interface: <button>","components/games/GamePreview.tsx:632","Contextual Spanish draft","Source present; runtime Spanish available"
"interface.2293","View invite message","Ver mensaje de invitación","Website interface: <button>","pages/SchoolAdmin.tsx:994","Contextual Spanish draft","Source present; runtime Spanish available"
"interface.2294","View original asset","Ver recurso original","Game interface: <a>","components/games/SnakesLaddersGame.tsx:3012 | components/games/SnakesLaddersGame.tsx:3025","Contextual Spanish draft","Source present; runtime Spanish available"
"interface.2295","View Plans","Ver planes","Website interface: <button>","components/PlanUpgradeModal.tsx:67","Contextual Spanish draft","Source present; runtime Spanish available"
"interface.2296","View sources","Ver fuentes","Game interface: <summary>","components/games/GameWebSources.tsx:11","Contextual Spanish draft","Source present; runtime Spanish available"
"interface.2297","Vocabulary race","Carrera de vocabulario","Footer landing page: public information for teachers","pages/SeoLandingPages.tsx:69","Contextual Spanish draft","Source present; runtime Spanish available"
"interface.2298","Vocabulary review","Repaso de vocabulario","Footer landing page: public information for teachers","pages/SeoLandingPages.tsx:27","Contextual Spanish draft","Source present; runtime Spanish available"
"interface.2299","Voice input (optional):","Entrada de voz (opcional):","Website interface: <strong>","pages/InfoPages.tsx:784","Contextual Spanish draft","Source present; runtime Spanish available"
"interface.2300","Wait for every player to answer, for the timer to finish, or lock answers first","Espera a que todos respondan, a que termine el temporizador o bloquea primero las respuestas","Conditional/dynamic interface text (check the source context)","pages/LiveQuizHost.tsx:893","Contextual Spanish draft","Source present; runtime Spanish available"
"interface.2301","Waiting for players...","Esperando jugadores...","Website interface: <div>","pages/LiveQuizHost.tsx:823","Contextual Spanish draft","Source present; runtime Spanish available"
"interface.2302","Waiting for the next question...","Esperando la siguiente pregunta...","Website interface: <p> | Website interface: <div>","pages/LiveQuizStudent.tsx:530 | pages/LiveQuizStudent.tsx:538","Contextual Spanish draft","Source present; runtime Spanish available"
"interface.2303","Waiting for the teacher to start...","Esperando a que empiece el docente...","Website interface: <p>","pages/LiveQuizStudent.tsx:361","Contextual Spanish draft","Source present; runtime Spanish available"
"interface.2304","Wake up a lesson","Activa la clase","Game format information","pages/StopTheFirePage.tsx:49","Contextual Spanish draft","Source present; runtime Spanish available"
"interface.2305","Walk Away: $","Retirarse: $","Game interface: <button>","components/games/MillionaireGame.tsx:721","Contextual Spanish draft","Source present; runtime Spanish available"
"interface.2306","Warm up with a few things your students already know. Short questions and a ticking clock can bring a little energy to the start of a lesson.","Empieza con unas preguntas conocidas. Las preguntas breves y un reloj en marcha pueden dar energía al comienzo de la clase.","Website interface: <dd>","pages/TimeBombPage.tsx:73","Contextual Spanish draft","Source present; runtime Spanish available"
"interface.2307","Watch the wheel change as you work through the clues, then celebrate your teams at the end. You can finish early if your lesson needs to move on.","Mira cómo cambia el rosco al resolver las pistas y celebra al final el resultado de los equipos. Puedes finalizar antes si necesitas pasar a otra actividad.","Website interface: <Screenshot>","pages/WordWheelPage.tsx:55","Contextual Spanish draft","Source present; runtime Spanish available"
"interface.2308","We care about privacy and classroom trust. This policy explains what data we collect, why we collect it, how we use it, and what choices you have. If anything is unclear, contact us and we will explain it in plain English.","Nos importan la privacidad y la confianza en el aula. Esta Política explica qué datos recogemos, por qué, cómo los utilizamos y qué opciones tienes. Si algo no está claro, contacta con nosotros y te lo explicaremos de forma sencilla.","Website interface: <p>","pages/InfoPages.tsx:760","Contextual Spanish draft","Source present; runtime Spanish available"
"interface.2309","We do not guarantee generated content is unique, error-free, or infringement-free.","No garantizamos que el contenido generado sea único, esté libre de errores o no infrinja derechos.","Website interface: <li>","pages/InfoPages.tsx:685","Contextual Spanish draft","Source present; runtime Spanish available"
"interface.2310","We do not guarantee uninterrupted availability or error-free operation.","No garantizamos una disponibilidad ininterrumpida ni un funcionamiento sin errores.","Website interface: <li>","pages/InfoPages.tsx:707","Contextual Spanish draft","Source present; runtime Spanish available"
"interface.2311","We do not sell your personal data. We share data only when needed:","No vendemos tus datos personales. Solo los compartimos cuando es necesario:","Website interface: <p>","pages/InfoPages.tsx:851","Contextual Spanish draft","Source present; runtime Spanish available"
"interface.2312","We may add, modify, pause, or remove features at any time.","Podemos añadir, modificar, pausar o retirar funciones en cualquier momento.","Website interface: <li>","pages/InfoPages.tsx:706","Contextual Spanish draft","Source present; runtime Spanish available"
"interface.2313","We may apply safety or quality controls to AI features at any time.","Podemos aplicar controles de seguridad o calidad a las funciones de IA en cualquier momento.","Website interface: <li>","pages/InfoPages.tsx:686","Contextual Spanish draft","Source present; runtime Spanish available"
"interface.2314","We may review, hide, or remove public content that we reasonably believe violates these Terms, legal requirements, or the safety and quality standards of the platform.","Podemos revisar, ocultar o retirar contenido público que razonablemente consideremos contrario a estas Condiciones, a las exigencias legales o a las normas de seguridad y calidad de la plataforma.","Website interface: <p>","pages/InfoPages.tsx:702","Contextual Spanish draft","Source present; runtime Spanish available"
"interface.2315","We may suspend accounts that are compromised, abusive, or clearly fake.","Podemos suspender cuentas comprometidas, abusivas o claramente falsas.","Website interface: <li>","pages/InfoPages.tsx:655","Contextual Spanish draft","Source present; runtime Spanish available"
"interface.2316","We may suspend or terminate access for Terms violations, security risk, legal risk, or abuse.","Podemos suspender o cancelar el acceso por incumplimiento de las Condiciones, riesgos de seguridad o jurídicos, o abusos.","Website interface: <li>","pages/InfoPages.tsx:718","Contextual Spanish draft","Source present; runtime Spanish available"
"interface.2317","We may update these Terms from time to time. When we do, we will post the updated version with a new ""Last Updated"" date. Continued use of the service after an update means you accept the revised Terms.","Podemos actualizar estas Condiciones periódicamente. Publicaremos la versión actualizada con una nueva fecha de «Última actualización». Continuar utilizando el servicio después de una actualización implica aceptar las Condiciones revisadas.","Website interface: <p>","pages/InfoPages.tsx:741","Contextual Spanish draft","Source present; runtime Spanish available"
"interface.2318","We may update this Privacy Policy as the service evolves or laws change. Updated versions will be posted here with a revised ""Last Updated"" date.","Podemos actualizar esta Política de privacidad cuando el servicio evolucione o cambien las leyes. Publicaremos aquí las versiones actualizadas con una nueva fecha de «Última actualización».","Website interface: <p>","pages/InfoPages.tsx:898","Contextual Spanish draft","Source present; runtime Spanish available"
"interface.2319","We sent a confirmation link to","Hemos enviado un enlace de confirmación a","Website interface: <p>","components/Layout.tsx:414","Contextual Spanish draft","Source present; runtime Spanish available"
"interface.2320","We sent another confirmation link. Please check your inbox and spam folder.","Hemos enviado otro enlace de confirmación. Revisa tu bandeja de entrada y el correo no deseado.","Website interface","components/Layout.tsx:160","Contextual Spanish draft","Source present; runtime Spanish available"
"interface.2321","We use essential browser storage and auth/session mechanisms to keep the app working.","Utilizamos almacenamiento esencial del navegador y mecanismos de autenticación y sesión para que la aplicación funcione.","Website interface: <li>","pages/InfoPages.tsx:863","Contextual Spanish draft","Source present; runtime Spanish available"
"interface.2322","We use reasonable technical and organizational measures to protect data. No online service is perfectly secure, so we cannot guarantee absolute security. Please use strong passwords and avoid sharing account access.","Aplicamos medidas técnicas y organizativas razonables para proteger los datos. Ningún servicio en línea es completamente seguro, por lo que no podemos garantizar una seguridad absoluta. Utiliza contraseñas robustas y evita compartir el acceso a tu cuenta.","Website interface: <p>","pages/InfoPages.tsx:890","Contextual Spanish draft","Source present; runtime Spanish available"
"interface.2323","We use your name and email to create and protect your account. By creating an account, you confirm that you are at least 18 and accept our","Utilizamos tu nombre y correo para crear y proteger tu cuenta. Al crearla, confirmas que tienes al menos 18 años y aceptas nuestras","Website interface: <p>","components/LoginModal.tsx:366","Contextual Spanish draft","Source present; runtime Spanish available"
"interface.2324","Web search","Búsqueda web","Game interface: <span>","components/games/GameConfigurator.tsx:1864","Contextual Spanish draft","Source present; runtime Spanish available"
"interface.2325","Website controls use your chosen language. Teaching content keeps its original language.","Los controles del sitio usan el idioma que elijas. El contenido educativo conserva su idioma original.","Clearly describe the first-stage rollout.","data/i18n/spanish-spain.json","Contextual Spanish draft","Retained vocabulary / fallback wording"
"interface.2326","Website language","Idioma del sitio web","Profile preference heading.","data/i18n/spanish-spain.json","Contextual Spanish draft","Retained vocabulary / fallback wording"
"interface.2327","Welcome everyone back","Da la bienvenida de nuevo","Website interface: <dt>","pages/BlockBeatersPage.tsx:73 | pages/JeopardyPage.tsx:73 | pages/TimeBombPage.tsx:73 | pages/TriviaPage.tsx:73 | pages/WordWheelPage.tsx:73","Contextual Spanish draft","Source present; runtime Spanish available"
"interface.2328","Welcome players by name, add some lobby music and follow the live standings. Everyone gets a chance to answer, including those who rarely put a hand up.","Recibe a los jugadores por su nombre, añade música a la sala y sigue la clasificación en directo. Todos pueden responder, incluidos quienes no suelen levantar la mano.","Website interface: <dd>","pages/LiveQuizPage.tsx:67","Contextual Spanish draft","Source present; runtime Spanish available"
"interface.2329","Welcome to","Te damos la bienvenida a","Website interface: <p>","pages/InfoPages.tsx:639","Contextual Spanish draft","Source present; runtime Spanish available"
"interface.2330","Welcome to the old bar","Bienvenido al viejo bar","Game interface: <div>","components/games/DartsGame.tsx:1215","Contextual Spanish draft","Source present; runtime Spanish available"
"interface.2331","What could the answer be?","¿Cuál podría ser la respuesta?","Visible/accessibility attribute: title","pages/WordWheelPage.tsx:50","Contextual Spanish draft","Source present; runtime Spanish available"
"interface.2332","What did everyone find?","¿Qué ha encontrado cada uno?","Interface definition: ""title""","pages/StopTheFirePage.tsx:22","Contextual Spanish draft","Source present; runtime Spanish available"
"interface.2333","What do School accounts include?","¿Qué incluyen las cuentas de centro?","Help, contact or legal information","pages/InfoPages.tsx:58","Contextual Spanish draft","Source present; runtime Spanish available"
"interface.2334","What do you think is hiding on the board? In Survey Showdown, teams take turns guessing answers, revealing tiles and collecting points. Every new guess gives the class something to talk about.","¿Qué crees que esconde el tablero? En Survey Showdown, los equipos proponen respuestas por turnos, descubren casillas y suman puntos. Cada respuesta da pie a comentar nuevas ideas.","Website interface: <p>","pages/SurveyShowdownPage.tsx:32","Contextual Spanish draft","Source present; runtime Spanish available"
"interface.2335","What should I do if generation fails or feels slow?","¿Qué puedo hacer si la generación falla o tarda demasiado?","Help, contact or legal information","pages/InfoPages.tsx:94","Contextual Spanish draft","Source present; runtime Spanish available"
"interface.2336","What should the numbers show?","¿Qué deben representar los números?","Game interface: <legend>","components/games/GameConfigurator.tsx:1173","Contextual Spanish draft","Source present; runtime Spanish available"
"interface.2337","What should the questions cover?","¿Qué deben cubrir las preguntas?","Game interface: <label>","components/games/GameConfigurator.tsx:1808","Contextual Spanish draft","Source present; runtime Spanish available"
"interface.2338","What to include when you ask AI to make a game.","Qué incluir al pedir a la IA que cree un juego.","Website interface: <p>","pages/InfoPages.tsx:338","Contextual Spanish draft","Source present; runtime Spanish available"
"interface.2339","What will your class think of?","¿Qué se le ocurrirá a tu clase?","Game format information","pages/StopTheFirePage.tsx:61","Contextual Spanish draft","Source present; runtime Spanish available"
"interface.2340","What will your students play next?","¿A qué jugará tu clase ahora?","Website interface: <h2>","pages/BlockBeatersPage.tsx:83 | pages/JeopardyPage.tsx:83 | pages/LiveQuizPage.tsx:83 | pages/PubQuizPage.tsx:83 | pages/SurveyShowdownPage.tsx:83 | pages/TimeBombPage.tsx:83 | pages/TriviaPage.tsx:83 | pages/WordWheelPage.tsx:83","Contextual Spanish draft","Source present; runtime Spanish available"
"interface.2341","What:","Qué:","Website interface: <strong>","pages/InfoPages.tsx:349","Contextual Spanish draft","Source present; runtime Spanish available"
"interface.2342","When OpenAI is selected, requests are processed under OpenAI's API data-usage and retention policies.","Cuando se selecciona OpenAI, las solicitudes se procesan conforme a las políticas de uso y conservación de datos de su API.","Website interface: <li>","pages/InfoPages.tsx:823","Contextual Spanish draft","Source present; runtime Spanish available"
"interface.2343","When required by law, court order, or to protect rights, safety, and service integrity.","Cuando lo exijan la ley o una orden judicial, o para proteger derechos, la seguridad y la integridad del servicio.","Website interface: <li>","pages/InfoPages.tsx:857","Contextual Spanish draft","Source present; runtime Spanish available"
"interface.2344","When we cover rules, anatomy, or tactics, the game formats make theory less dry. It helps me check understanding without turning the lesson into a lecture.","Cuando trabajamos normas, anatomía o tácticas, los juegos hacen que la teoría resulte menos árida. Me ayudan a comprobar lo que han entendido sin convertir la clase en una exposición.","Website interface","components/TestimonialCarousel.tsx:92","Contextual Spanish draft","Source present; runtime Spanish available"
"interface.2345","When you enable images and choose auto-pick, the system picks stock images based on AI-generated question/answer keywords. You cannot currently art-direct the image style in the prompt; you can replace images later in the game editor.","Al activar las imágenes y elegir la selección automática, el sistema busca imágenes de banco a partir de las palabras clave que la IA genera para las preguntas y respuestas. Actualmente no puedes definir el estilo visual mediante las instrucciones, pero puedes cambiar las imágenes después en el editor del juego.","Help, contact or legal information","pages/InfoPages.tsx:75","Contextual Spanish draft","Source present; runtime Spanish available"
"interface.2346","When you use AI features, prompts, uploaded source files, and related context are sent through our server to the AI provider selected for the site: either Google Gemini API or OpenAI API. Provider API keys are not sent to your browser.","Cuando utilizas las funciones de IA, tus instrucciones, los archivos de referencia y el contexto relacionado se envían a través de nuestro servidor al proveedor seleccionado para el sitio: Google Gemini API u OpenAI API. Las claves de acceso del proveedor no se envían a tu navegador.","Website interface: <p>","pages/InfoPages.tsx:816","Contextual Spanish draft","Source present; runtime Spanish available"
"interface.2347","When you’re ready to wrap up, the podium reveals the winning team. It’s a chance to celebrate their efforts before moving on with your lesson.","Cuando decidas terminar, el podio mostrará al equipo ganador. Es un momento para celebrar su esfuerzo antes de continuar con la clase.","Website interface: <Screenshot>","pages/TriviaPage.tsx:55","Contextual Spanish draft","Source present; runtime Spanish available"
"interface.2348","where a school asks us to process teacher or student data on its behalf, the school determines and documents the appropriate legal basis and we act under a data-processing agreement.","cuando un centro nos pide tratar datos del profesorado o alumnado en su nombre, el centro determina y documenta la base jurídica adecuada y nosotros actuamos conforme a un acuerdo de tratamiento de datos.","Website interface: <li>","pages/InfoPages.tsx:809","Contextual Spanish draft","Source present; runtime Spanish available"
"interface.2349","Where will you aim first?","¿Adónde apuntarás primero?","Game format information","pages/DartsChallengePage.tsx:61","Contextual Spanish draft","Source present; runtime Spanish available"
"interface.2350","Where will you take it?","¿Adónde lo llevarás?","Game interface: <h2> | Website interface: <h2>","components/games/shared/GameTypeLandingPage.tsx:63 | pages/BlockBeatersPage.tsx:71 | pages/JeopardyPage.tsx:71 | pages/LiveQuizPage.tsx:71 | pages/PubQuizPage.tsx:71 | pages/SurveyShowdownPage.tsx:71 | pages/TimeBombPage.tsx:71 | pages/TriviaPage.tsx:71 | pages/WordWheelPage.tsx:71","Contextual Spanish draft","Source present; runtime Spanish available"
"interface.2351","whether content is public or private, plus public author display fields.","si el contenido es público o privado, además de los datos públicos que se muestran del autor.","Website interface: <li>","pages/InfoPages.tsx:776","Contextual Spanish draft","Source present; runtime Spanish available"
"interface.2352","Which block will you go for?","¿Qué bloque elegirás?","Visible/accessibility attribute: title","pages/BlockBeatersPage.tsx:50","Contextual Spanish draft","Source present; runtime Spanish available"
"interface.2353","Which game types are available right now?","¿Qué tipos de juego están disponibles actualmente?","Help, contact or legal information","pages/InfoPages.tsx:26","Contextual Spanish draft","Source present; runtime Spanish available"
"interface.2354","Who is holding the bomb?","¿Quién tiene la bomba?","Visible/accessibility attribute: title","pages/TimeBombPage.tsx:54","Contextual Spanish draft","Source present; runtime Spanish available"
"interface.2355","Who:","Quién:","Website interface: <strong>","pages/InfoPages.tsx:348","Contextual Spanish draft","Source present; runtime Spanish available"
"interface.2356","Why did my output feel generic or miss the point?","¿Por qué el resultado es demasiado genérico o no responde a lo que pedí?","Help, contact or legal information","pages/InfoPages.tsx:86","Contextual Spanish draft","Source present; runtime Spanish available"
"interface.2357","Will they pick a subject they know well or take a chance on something else? Each team chooses a category and point value to reveal its next question.","¿Elegirán una asignatura que conocen bien o se arriesgarán con otra? Cada equipo elige una categoría y una puntuación para descubrir su siguiente pregunta.","Website interface: <Screenshot>","pages/JeopardyPage.tsx:50","Contextual Spanish draft","Source present; runtime Spanish available"
"interface.2358","Will your team extend its own path or try to get in the way of an opponent? There is plenty to talk about between questions, so everyone can help decide the next move.","¿Ampliará tu equipo su camino o intentará bloquear al rival? Hay mucho que comentar entre preguntas para que todos ayuden a decidir el siguiente movimiento.","Website interface: <p>","pages/BlockBeatersPage.tsx:51","Contextual Spanish draft","Source present; runtime Spanish available"
"interface.2359","Will your team take the straightforward shot or try for something bigger?","¿Elegirá tu equipo un lanzamiento sencillo o se arriesgará a uno mayor?","Game format information","pages/DartsChallengePage.tsx:11","Contextual Spanish draft","Source present; runtime Spanish available"
"interface.2360","WINNER: {name}","GANADOR: {name}","Game controls, settings or feedback","components/games/BlockBeatersGame.tsx:859 | components/games/DartsGame.tsx:1032 | components/games/JeopardyGame.tsx:672 | components/games/PubQuizGame.tsx:525 | components/games/SnakesLaddersGame.tsx:2253 | components/games/StopTheFireGame.tsx:840 | components/games/SurveyShowdownGame.tsx:500 | components/games/TimeBombGame.tsx:961 | components/games/TriviaGame.tsx:722 | components/games/WordWheelGame.tsx:1120","Contextual Spanish draft","Source present; runtime Spanish available"
"interface.2361","WINNERS: {names}","GANADORES: {names}","Game controls, settings or feedback","components/games/BlockBeatersGame.tsx:858 | components/games/DartsGame.tsx:1031 | components/games/JeopardyGame.tsx:671 | components/games/PubQuizGame.tsx:524 | components/games/SnakesLaddersGame.tsx:2252 | components/games/StopTheFireGame.tsx:839 | components/games/SurveyShowdownGame.tsx:499 | components/games/TimeBombGame.tsx:960 | components/games/TriviaGame.tsx:721 | components/games/WordWheelGame.tsx:1119","Contextual Spanish draft","Source present; runtime Spanish available"
"interface.2362","Winning Move!","¡Movimiento ganador!","Interface definition: text","components/games/SnakesLaddersGame.tsx:2178","Contextual Spanish draft","Source present; runtime Spanish available"
"interface.2363","Wins","Victorias","Game interface: <button>","components/games/StopTheFireGame.tsx:1540","Contextual Spanish draft","Source present; runtime Spanish available"
"interface.2364","With authorised school administrators for school membership, allocation, security, and the limited activity information described in the school interface.","Con administradores autorizados del centro para gestionar la pertenencia, las plazas, la seguridad y la información limitada de actividad descrita en la interfaz del centro.","Website interface: <li>","pages/InfoPages.tsx:856","Contextual Spanish draft","Source present; runtime Spanish available"
"interface.2365","With Images","Con imágenes","Website interface: <option>","pages/Games.tsx:1040 | pages/Games.tsx:1501","Contextual Spanish draft","Source present; runtime Spanish available"
"interface.2366","With other users only for content you intentionally mark as public/community.","Con otros usuarios, solo para el contenido que marques expresamente como público o de la comunidad.","Website interface: <li>","pages/InfoPages.tsx:854","Contextual Spanish draft","Source present; runtime Spanish available"
"interface.2367","With processors/service providers that run platform features (for example, Supabase, Google, OpenAI, Pixabay, hosting providers).","Con encargados del tratamiento y proveedores que hacen funcionar la plataforma (por ejemplo, Supabase, Google, OpenAI, Pixabay y proveedores de alojamiento).","Website interface: <li>","pages/InfoPages.tsx:853","Contextual Spanish draft","Source present; runtime Spanish available"
"interface.2368","without affecting active teachers.","sin afectar a los docentes activos.","Website interface: <p>","pages/SchoolAdmin.tsx:907","Contextual Spanish draft","Source present; runtime Spanish available"
"interface.2369","Without Images","Sin imágenes","Website interface: <option>","pages/Games.tsx:1041 | pages/Games.tsx:1502","Contextual Spanish draft","Source present; runtime Spanish available"
"interface.2370","Word bank","Banco de palabras","Conditional/dynamic interface text (check the source context)","components/games/GameConfigurator.tsx:1950","Contextual Spanish draft","Source present; runtime Spanish available"
"interface.2371","Word Bank games cannot be saved. Switch to Manual or AI to save this game.","Los juegos del banco de palabras no se pueden guardar. Cambia al modo Manual o IA para guardar este juego.","User message: alert","components/games/GameEditor.tsx:262","Contextual Spanish draft","Source present; runtime Spanish available"
"interface.2372","Word Bank games cannot be shared or saved. Switch to Manual or AI to save this game.","Los juegos del banco de palabras no se pueden compartir ni guardar. Cambia al modo Manual o IA para guardar este juego.","User message: alert","components/games/GameEditor.tsx:388 | pages/Games.tsx:2442 | pages/Games.tsx:2474 | pages/ShareGame.tsx:117 | pages/ShareGame.tsx:199","Contextual Spanish draft","Source present; runtime Spanish available"
"interface.2373","Word Wheel","Word Wheel","Website interface: <SafeLink>","components/Layout.tsx:498","Contextual Spanish draft","Source present; runtime Spanish available"
"interface.2374","Word Wheel Structure","Estructura de Word Wheel","Game interface: <h3>","components/games/GameConfigurator.tsx:1218","Contextual Spanish draft","Source present; runtime Spanish available"
"interface.2375","Wordwheel","Wordwheel","Website interface: <span>","pages/Games.tsx:2178 | pages/WordWheelPage.tsx:28","Contextual Spanish draft","Source present; runtime Spanish available"
"interface.2376","Wordwheel letter A clue asking for a scientist who studies stars and planets","Pista de la letra A de Wordwheel sobre un científico que estudia las estrellas y los planetas","Visible/accessibility attribute: alt","pages/WordWheelPage.tsx:50","Contextual Spanish draft","Source present; runtime Spanish available"
"interface.2377","Wordwheel podium showing Foxes, Owls and Bears in the final standings","Podio de Wordwheel con Foxes, Owls y Bears en la clasificación final","Visible/accessibility attribute: alt","pages/WordWheelPage.tsx:55","Contextual Spanish draft","Source present; runtime Spanish available"
"interface.2378","Wordwheel reveals Astronomer as the correct answer","Wordwheel muestra «Astronomer» como respuesta correcta","Visible/accessibility attribute: alt","pages/WordWheelPage.tsx:54","Contextual Spanish draft","Source present; runtime Spanish available"
"interface.2379","Wordwheel.","Wordwheel.","Website interface: <h1>","pages/WordWheelPage.tsx:31","Contextual Spanish draft","Source present; runtime Spanish available"
"interface.2380","Write clues for the ideas, people and words your students have been learning, or let AI help with a first draft. Check the answers and make the clues suit your group.","Escribe pistas sobre las ideas, personas y palabras que está aprendiendo tu clase, o pide ayuda a la IA para un primer borrador. Comprueba las respuestas y adapta las pistas al grupo.","Website interface: <dd>","pages/WordWheelPage.tsx:65","Contextual Spanish draft","Source present; runtime Spanish available"
"interface.2381","Write your own answers and point values, or ask AI for a draft and check it before playing. These are your game's answers and scores; they do not need to come from a real survey.","Escribe tus respuestas y sus puntos, o pide un borrador a la IA y revísalo antes de jugar. Son las respuestas y puntuaciones de tu juego; no tienen que proceder de una encuesta real.","Website interface: <dd>","pages/SurveyShowdownPage.tsx:66","Contextual Spanish draft","Source present; runtime Spanish available"
"interface.2382","Write your own multiple-choice questions or have AI draft them. Start with approachable questions and work towards the ideas you want students to think hardest about.","Escribe tus preguntas de opción múltiple o pide un borrador a la IA. Empieza por preguntas asequibles y avanza hacia las ideas que requieran pensar más.","Game format information","pages/MillionaireMakerPage.tsx:36","Contextual Spanish draft","Source present; runtime Spanish available"
"interface.2383","Write your own questions or let AI help you get started. You can check and change everything, and add pictures to bring your topic to life.","Escribe tus preguntas o deja que la IA te ayude a empezar. Puedes revisarlo y cambiarlo todo, y añadir imágenes para darle vida al tema.","Website interface: <dd>","pages/TriviaPage.tsx:65","Contextual Spanish draft","Source present; runtime Spanish available"
"interface.2384","Writing a good brief","Cómo dar buenas instrucciones","Help, contact or legal information","pages/InfoPages.tsx:190","Contextual Spanish draft","Source present; runtime Spanish available"
"interface.2385","Wrong","Incorrecto","Game interface: <button> | Game interface: <span>","components/games/SnakesLaddersGame.tsx:2903 | components/games/TimeBombGame.tsx:2162","Contextual Spanish draft","Source present; runtime Spanish available"
"interface.2386","Wrong answers cost time.","Las respuestas incorrectas restan tiempo.","Game interface: <p>","components/games/TimeBombGame.tsx:1862","Contextual Spanish draft","Source present; runtime Spanish available"
"interface.2387","Yes, Score","Sí, puntuar","Game interface: <button>","components/games/StopTheFireGame.tsx:1479","Contextual Spanish draft","Source present; runtime Spanish available"
"interface.2388","Yes. In Games, you can upload source files (up to 3 files, 4MB each). The AI then uses those files to build content instead of guessing from thin air.","Sí. En «Juegos» puedes subir archivos de referencia: hasta 3 archivos de 4 MB cada uno. La IA utiliza esos archivos para crear el contenido, en lugar de generarlo sin una fuente concreta.","Help, contact or legal information","pages/InfoPages.tsx:43","Contextual Spanish draft","Source present; runtime Spanish available"
"interface.2389","Yes. In manual game creation, use ""Import from Another AI Tool"" to copy a ready-made request. Paste it into your preferred AI tool, then bring its response back into the game editor.","Sí. Al crear un juego manualmente, utiliza «Importar desde otra herramienta de IA» para copiar una petición ya preparada. Pégala en tu herramienta de IA preferida y después importa su respuesta en el editor del juego.","Help, contact or legal information","pages/InfoPages.tsx:39","Contextual Spanish draft","Source present; runtime Spanish available"
"interface.2390","Yes. In the game editor you can pick stock images manually or upload your own image per question.","Sí. En el editor del juego puedes elegir manualmente imágenes de banco o subir una imagen propia para cada pregunta.","Help, contact or legal information","pages/InfoPages.tsx:79","Contextual Spanish draft","Source present; runtime Spanish available"
"interface.2391","Yes. Most game modes let you choose Manual Creation and build from scratch in the editor. AI mode is for speed; manual mode is for full control.","Sí. La mayoría de los tipos de juego te permiten elegir «Creación manual» y empezar desde cero en el editor. El modo IA te ayuda a ahorrar tiempo; el modo manual te da el control total.","Help, contact or legal information","pages/InfoPages.tsx:35","Contextual Spanish draft","Source present; runtime Spanish available"
"interface.2392","Yes. Save to My Library, copy from Community into your own version, and reuse your strongest prompt structures as templates.","Sí. Guarda tus juegos en «Mi biblioteca», copia los de la comunidad para crear tu propia versión y reutiliza tus mejores instrucciones como plantillas.","Help, contact or legal information","pages/InfoPages.tsx:91","Contextual Spanish draft","Source present; runtime Spanish available"
"interface.2393","Yes. Saved games can be shared with students by link or QR code, so they can open a review game outside class without needing to build anything themselves.","Sí. Puedes compartir los juegos guardados con el alumnado mediante un enlace o un código QR. Así pueden abrir un juego de repaso fuera de clase sin tener que crearlo.","Help, contact or legal information","pages/InfoPages.tsx:47","Contextual Spanish draft","Source present; runtime Spanish available"
"interface.2394","Yes. The AI instructions box in Games has a mic button, and the Game AI Assistant chat also supports dictation.","Sí. El cuadro de instrucciones para la IA en «Juegos» tiene un botón de micrófono. El chat del asistente de IA también permite dictar.","Help, contact or legal information","pages/InfoPages.tsx:71","Contextual Spanish draft","Source present; runtime Spanish available"
"interface.2395","You agree not to:","Te comprometes a no:","Website interface: <p>","pages/InfoPages.tsx:663","Contextual Spanish draft","Source present; runtime Spanish available"
"interface.2396","You agree to defend, indemnify, and hold us harmless from claims, liabilities, damages, losses, and costs arising from your content, your misuse of the service, or your violation of these Terms or third-party rights.","Aceptas defendernos, indemnizarnos y mantenernos indemnes frente a reclamaciones, responsabilidades, daños, pérdidas y costes derivados de tu contenido, del uso indebido del servicio o del incumplimiento de estas Condiciones o de derechos de terceros.","Website interface: <p>","pages/InfoPages.tsx:733","Contextual Spanish draft","Source present; runtime Spanish available"
"interface.2397","You are #{myRank}","Estás en el puesto n.º {myRank}","Conditional/dynamic interface text (check the source context)","pages/LiveQuizStudent.tsx:526","Contextual Spanish draft","Source present; runtime Spanish available"
"interface.2398","You are a school teacher member. Ask your school admin for management access.","Eres docente miembro de un centro. Pide a un administrador del centro acceso a la gestión.","Website interface: <p>","pages/Profile.tsx:678","Contextual Spanish draft","Source present; runtime Spanish available"
"interface.2399","You are in","Ya estás dentro","Website interface: <h1>","pages/LiveQuizStudent.tsx:360","Contextual Spanish draft","Source present; runtime Spanish available"
"interface.2400","You are responsible for activity under your account unless required otherwise by law.","Eres responsable de la actividad de tu cuenta, salvo que la ley disponga otra cosa.","Website interface: <li>","pages/InfoPages.tsx:653","Contextual Spanish draft","Source present; runtime Spanish available"
"interface.2401","You are responsible for checking factual accuracy, level appropriateness, and safety.","Eres responsable de comprobar la exactitud de los datos, la adecuación al nivel y la seguridad.","Website interface: <li>","pages/InfoPages.tsx:684","Contextual Spanish draft","Source present; runtime Spanish available"
"interface.2402","You are responsible for keeping your login credentials secure.","Eres responsable de mantener seguras tus credenciales de acceso.","Website interface: <li>","pages/InfoPages.tsx:652","Contextual Spanish draft","Source present; runtime Spanish available"
"interface.2403","You can attach up to {maxFiles} files total. Remove some existing files first.","Puedes adjuntar un máximo de {maxFiles} archivos en total. Quita primero algunos de los actuales.","User message: setError","components/school/SchoolStorageBrowser.tsx:151","Contextual Spanish draft","Source present; runtime Spanish available"
"interface.2404","You can change or replace images in the editor.","Puedes cambiar o sustituir las imágenes en el editor.","Game interface: <p>","components/games/GameConfigurator.tsx:1746","Contextual Spanish draft","Source present; runtime Spanish available"
"interface.2405","You can contact us via the Contact page for privacy requests.","Puedes contactar con nosotros desde la página de Contacto para solicitudes de privacidad.","Website interface: <li>","pages/InfoPages.tsx:876","Contextual Spanish draft","Source present; runtime Spanish available"
"interface.2406","You can create Snakes and Ladders, Trivia Quiz, Jeopardy, Pub Quiz, Darts, Millionaire Maker, Time Bomb, Survey Showdown, Stop the Fire!, Word Wheel, and Live Quiz Challenge.","Puedes crear Snakes and Ladders, Trivia Quiz, Jeopardy, Pub Quiz, Darts, Millionaire Maker, Time Bomb, Survey Showdown, Stop the Fire!, Word Wheel y Live Quiz.","Help, contact or legal information","pages/InfoPages.tsx:27","Contextual Spanish draft","Source present; runtime Spanish available"
"interface.2407","You can delete saved content from your library.","Puedes eliminar el contenido guardado desde tu biblioteca.","Website interface: <li>","pages/InfoPages.tsx:874","Contextual Spanish draft","Source present; runtime Spanish available"
"interface.2408","You can give students a choice of answers or let them come up with their own. A tricky question is a lovely chance to pause, hear their ideas and work through it together.","Puedes ofrecer opciones de respuesta o dejar que el alumnado proponga las suyas. Una pregunta difícil es una buena oportunidad para parar, escuchar sus ideas y resolverla juntos.","Website interface: <p>","pages/TriviaPage.tsx:51","Contextual Spanish draft","Source present; runtime Spanish available"
"interface.2409","You can keep the categories broad or make them fit your topic. Once the round starts, everyone works with the same letter and the fire timer begins.","Puedes mantener categorías amplias o adaptarlas al tema. Al iniciar la ronda, todos trabajan con la misma letra y empieza el temporizador de fuego.","Game format information","pages/StopTheFirePage.tsx:12","Contextual Spanish draft","Source present; runtime Spanish available"
"interface.2410","You can permanently delete your account and associated personal uploads from the Profile page.","Puedes eliminar de forma permanente tu cuenta y los archivos personales asociados desde Mi perfil.","Website interface: <li>","pages/InfoPages.tsx:875","Contextual Spanish draft","Source present; runtime Spanish available"
"interface.2411","You can remove up to","Puedes quitar hasta","Website interface: <p>","pages/SchoolAdmin.tsx:907","Contextual Spanish draft","Source present; runtime Spanish available"
"interface.2412","You can reveal an answer as you go, or save the checking for the end of the round. Either way, there is time to hear how your students arrived at their answers.","Puedes mostrar la respuesta al avanzar o dejar la comprobación para el final de la ronda. En ambos casos, hay tiempo para escuchar cómo ha llegado el alumnado a sus respuestas.","Website interface: <p>","pages/PubQuizPage.tsx:51","Contextual Spanish draft","Source present; runtime Spanish available"
"interface.2413","You can update profile information from the Profile page.","Puedes actualizar tus datos desde Mi perfil.","Website interface: <li>","pages/InfoPages.tsx:873","Contextual Spanish draft","Source present; runtime Spanish available"
"interface.2414","You confirm you have all rights and permissions needed for anything you upload.","Confirmas que tienes todos los derechos y permisos necesarios para lo que subas.","Website interface: <li>","pages/InfoPages.tsx:678","Contextual Spanish draft","Source present; runtime Spanish available"
"interface.2415","You decide whether an answer fits. Stop early to compare, or add time if the class needs another moment to finish their ideas.","Tú decides si una respuesta encaja. Para antes para comparar o añade tiempo si la clase necesita terminar sus ideas.","Game format information","pages/StopTheFirePage.tsx:44","Contextual Spanish draft","Source present; runtime Spanish available"
"interface.2416","You get 2x points (+{(activeQ?.points || 100) * 2}) automatically!","¡Recibes el doble de puntos (+{(activeQ?.points || 100) * 2}) automáticamente!","Game controls, settings or feedback","components/games/JeopardyGame.tsx:131 | components/games/TriviaGame.tsx:137","Contextual Spanish draft","Source present; runtime Spanish available"
"interface.2417","You go home with","Te llevas","Conditional/dynamic interface text (check the source context)","components/games/MillionaireGame.tsx:538","Contextual Spanish draft","Source present; runtime Spanish available"
"interface.2418","You grant us a worldwide, non-exclusive, royalty-free license to host, store, process, reproduce, and display that content to operate and improve the service.","Nos concedes una licencia mundial, no exclusiva y gratuita para alojar, almacenar, tratar, reproducir y mostrar ese contenido con el fin de gestionar y mejorar el servicio.","Website interface: <li>","pages/InfoPages.tsx:676","Contextual Spanish draft","Source present; runtime Spanish available"
"interface.2419","You have been removed","Se te ha retirado de la partida","Visible/accessibility attribute: title","pages/LiveQuizStudent.tsx:346","Contextual Spanish draft","Source present; runtime Spanish available"
"interface.2420","You have unsaved changes. Are you sure you want to leave? Your progress will be lost.","Tienes cambios sin guardar. ¿Seguro que quieres salir? Se perderá tu progreso.","User message: confirmAction","components/Layout.tsx:48","Contextual Spanish draft","Source present; runtime Spanish available"
"interface.2421","You keep ownership of the content you create and upload.","Conservas la propiedad del contenido que creas y subes.","Website interface: <li>","pages/InfoPages.tsx:675","Contextual Spanish draft","Source present; runtime Spanish available"
"interface.2422","You lead the way","Tú marcas el camino","Website interface: <dt>","pages/LiveQuizPage.tsx:66","Contextual Spanish draft","Source present; runtime Spanish available"
"interface.2423","You lose the value of this tile (-{activeQ?.points || 100}).","Pierdes el valor de esta casilla (-{activeQ?.points || 100}).","Game controls, settings or feedback","components/games/JeopardyGame.tsx:132 | components/games/TriviaGame.tsx:138","Contextual Spanish draft","Source present; runtime Spanish available"
"interface.2424","You may have the right to complain to your local data protection authority.","Puedes tener derecho a presentar una reclamación ante tu autoridad local de protección de datos.","Website interface: <li>","pages/InfoPages.tsx:877","Contextual Spanish draft","Source present; runtime Spanish available"
"interface.2425","You may not copy, resell, or commercially exploit the platform itself except as expressly allowed in writing.","No puedes copiar, revender ni explotar comercialmente la plataforma, salvo autorización expresa por escrito.","Website interface: <li>","pages/InfoPages.tsx:696","Contextual Spanish draft","Source present; runtime Spanish available"
"interface.2426","You may stop using the service at any time.","Puedes dejar de utilizar el servicio cuando quieras.","Website interface: <li>","pages/InfoPages.tsx:717","Contextual Spanish draft","Source present; runtime Spanish available"
"interface.2427","You must be 18 years of age or older to create an account or directly use the service.","Debes tener al menos 18 años para crear una cuenta o utilizar directamente el servicio.","Website interface: <li>","pages/InfoPages.tsx:645","Contextual Spanish draft","Source present; runtime Spanish available"
"interface.2428","You require {Math.max(scores[currentTeam], 0)}","Necesitas {Math.max(scores[currentTeam], 0)}","Conditional/dynamic interface text (check the source context)","components/games/DartsGame.tsx:1236","Contextual Spanish draft","Source present; runtime Spanish available"
"interface.2429","You rolled a","Has sacado un","Game interface: <div>","components/games/SnakesLaddersGame.tsx:2544 | components/games/SnakesLaddersGame.tsx:2673","Contextual Spanish draft","Source present; runtime Spanish available"
"interface.2430","You walked away with","Te has retirado con","Conditional/dynamic interface text (check the source context)","components/games/MillionaireGame.tsx:538","Contextual Spanish draft","Source present; runtime Spanish available"
"interface.2431","You will choose difficulty, category count, timer, and the round letter inside the game setup card.","Elige la dificultad, el número de categorías, el temporizador y la letra de la ronda en la configuración de la partida.","Game interface: <p>","components/games/GameEditor.tsx:1001","Contextual Spanish draft","Source present; runtime Spanish available"
"interface.2432","You’re invited to join {schoolName} on The Teachers’ Room, where we can create classroom games and share teaching resources.","Te invitamos a unirte a {schoolName} en The Teachers’ Room, donde podemos crear juegos para el aula y compartir recursos educativos.","School administration","pages/SchoolAdmin.tsx:549","Contextual Spanish draft","Source present; runtime Spanish available"
"interface.2433","you@school.edu","tu@centro.edu","Visible/accessibility attribute: placeholder","pages/InfoPages.tsx:596","Contextual Spanish draft","Source present; runtime Spanish available"
"interface.2434","Your account","Tu cuenta","Website interface: <p>","pages/Profile.tsx:421","Contextual Spanish draft","Source present; runtime Spanish available"
"interface.2435","Your account is already on the School plan.","Tu cuenta ya tiene el plan Centro.","Website interface: <p>","pages/Profile.tsx:619","Contextual Spanish draft","Source present; runtime Spanish available"
"interface.2436","Your account is confirmed. Teacher Plan is free during early access, so you can start creating games straight away.","Tu cuenta está confirmada. El plan Docente es gratuito durante el acceso anticipado, así que puedes empezar a crear juegos ahora mismo.","Account and profile","pages/ChangePlan.tsx:232","Contextual Spanish draft","Source present; runtime Spanish available"
"interface.2437","Your account was updated, but onboarding could not be completed.","Tu cuenta se ha actualizado, pero no se ha podido completar la configuración inicial.","Account and profile","pages/ChangePlan.tsx:105","Contextual Spanish draft","Source present; runtime Spanish available"
"interface.2438","Your activity","Tu actividad","Website interface: <h2>","pages/Profile.tsx:432","Contextual Spanish draft","Source present; runtime Spanish available"
"interface.2439","Your browser blocked automatic copying. The message is selected below; copy it manually.","Tu navegador ha bloqueado la copia automática. El mensaje está seleccionado abajo; cópialo manualmente.","School administration","pages/SchoolAdmin.tsx:567","Contextual Spanish draft","Source present; runtime Spanish available"
"interface.2440","Your current plan includes manual game creation.","Tu plan actual incluye la creación manual de juegos.","Website interface: <p>","pages/Profile.tsx:572","Contextual Spanish draft","Source present; runtime Spanish available"
"interface.2441","Your current round and scores will be lost if you leave this game.","Si sales de esta partida, se perderán la ronda actual y las puntuaciones.","User message: confirmAction","components/Layout.tsx:45 | pages/Games.tsx:2745","Contextual Spanish draft","Source present; runtime Spanish available"
"interface.2442","Your current round and scores will be lost if you sign out.","Si cierras sesión, se perderán la ronda actual y las puntuaciones.","User message: confirmAction","components/Layout.tsx:283 | components/Layout.tsx:368","Contextual Spanish draft","Source present; runtime Spanish available"
"interface.2443","Your Custom Categories","Tus categorías personalizadas","Game interface: <h3>","components/games/GameConfigurator.tsx:1024","Contextual Spanish draft","Source present; runtime Spanish available"
"interface.2444","Your game","Tu juego","Game interface: <p>","components/games/GameConfigurator.tsx:1944","Contextual Spanish draft","Source present; runtime Spanish available"
"interface.2445","Your lesson, your questions","Tu clase, tus preguntas","Website interface: <dt>","pages/LiveQuizPage.tsx:65","Contextual Spanish draft","Source present; runtime Spanish available"
"interface.2446","Your membership and school connection.","Tu pertenencia y vinculación al centro.","Website interface: <p>","pages/Profile.tsx:564","Contextual Spanish draft","Source present; runtime Spanish available"
"interface.2447","Your name","Tu nombre","Visible/accessibility attribute: placeholder","pages/InfoPages.tsx:585","Contextual Spanish draft","Source present; runtime Spanish available"
"interface.2448","Your nickname, answers, and score stay on this device and are not sent to your teacher.","Tu apodo, tus respuestas y tu puntuación permanecen en este dispositivo y no se envían a tu docente.","Website interface: <p>","pages/StudentGame.tsx:206","Contextual Spanish draft","Source present; runtime Spanish available"
"interface.2449","Your password has been updated. You can continue into the app.","Tu contraseña se ha actualizado. Puedes continuar a la aplicación.","Interface definition: text","pages/ResetPassword.tsx:50","Contextual Spanish draft","Source present; runtime Spanish available"
"interface.2450","Your progress will be lost if you haven't saved.","Se perderá tu progreso si no lo has guardado.","Game interface: <p>","components/games/DartsGame.tsx:1603 | components/games/JeopardyGame.tsx:1307 | components/games/MillionaireGame.tsx:906 | components/games/PubQuizGame.tsx:1222 | components/games/SurveyShowdownGame.tsx:1034","Contextual Spanish draft","Source present; runtime Spanish available"
"interface.2451","Your request to join","Tu solicitud para unirte a","Website interface: <p>","pages/Profile.tsx:584","Contextual Spanish draft","Source present; runtime Spanish available"
"interface.2452","Your request will be pending until a school admin approves it.","Tu solicitud quedará pendiente hasta que un administrador del centro la apruebe.","Website interface: <p>","components/LoginModal.tsx:335","Contextual Spanish draft","Source present; runtime Spanish available"
"interface.2453","Your result","Tu resultado","Website interface: <div>","pages/LiveQuizStudent.tsx:467","Contextual Spanish draft","Source present; runtime Spanish available"
"interface.2454","Your team drops just behind the lowest score.","Tu equipo se coloca justo por detrás del que tiene menos puntos.","Game controls, settings or feedback","components/games/JeopardyGame.tsx:137 | components/games/TriviaGame.tsx:143","Contextual Spanish draft","Source present; runtime Spanish available"
"interface.2455","Your team jumps just ahead of the current leader.","Tu equipo se coloca justo por delante del que va primero.","Game controls, settings or feedback","components/games/JeopardyGame.tsx:136 | components/games/TriviaGame.tsx:142","Contextual Spanish draft","Source present; runtime Spanish available"
"interface.2456","Your team loses every point it has.","Tu equipo pierde todos sus puntos.","Game controls, settings or feedback","components/games/JeopardyGame.tsx:134 | components/games/TriviaGame.tsx:140","Contextual Spanish draft","Source present; runtime Spanish available"
"interface.2457","Your team score goes back to 0.","La puntuación de tu equipo vuelve a 0.","Game controls, settings or feedback","components/games/JeopardyGame.tsx:135 | components/games/TriviaGame.tsx:141","Contextual Spanish draft","Source present; runtime Spanish available"
"interface.2458","Your Turn","Tu turno","Game interface: <div>","components/games/DartsGame.tsx:1257","Contextual Spanish draft","Source present; runtime Spanish available"
"interface.2459","Your turn to roll","Tu turno para tirar","Game interface: <div>","components/games/SnakesLaddersGame.tsx:2490","Contextual Spanish draft","Source present; runtime Spanish available"
"interface.2460","Z-A (Title)","Z-A (título)","Website interface: <option>","pages/Games.tsx:1056 | pages/Games.tsx:1518","Contextual Spanish draft","Source present; runtime Spanish available"
"interface.2461","Zoom in","Ampliar","Conditional/dynamic interface text (check the source context)","components/games/QuestionCardZoomButton.tsx:112","Contextual Spanish draft","Source present; runtime Spanish available"
"interface.2462","Zoom out","Reducir","Conditional/dynamic interface text (check the source context)","components/games/QuestionCardZoomButton.tsx:112","Contextual Spanish draft","Source present; runtime Spanish available"
